channel,published_at,type,title,url,views,comments,size_sec,lead
bst24bratsk,2026-09-19 05:00,article,Губернатор вручил ключи от микроавтобусов многодетным семьям Приангарья,https://dzen.ru/a/aq4XMkjUgT5jnSPv,0,0,68,"Губернатор Иркутской области Игорь Кобзев вручил ключи от новых микроавтобусов «Газель» победителям областного конкурса по предоставлению автотранспорта многодетным семьям, воспитывающим семь и более "
bst24bratsk,2026-09-19 04:18,article,Масштабный проект: стал известен облик нового аэропорта Иркутска,https://dzen.ru/a/aq4NRU5PhhqP5ZIH,2,0,66,Завершена разработка предпроектной документации для строительства нового аэропорта Иркутска. Документацию подготовил Государственный проектно-изыскательский и научно-исследовательский институт граждан
bst24bratsk,2026-09-19 02:43,article,Явка на выборах в Государственную Думу РФ в Братске 18 сентября,https://dzen.ru/a/aq34fk5PhhqP5Vpu,3,0,30,"В Братске завершился первый день голосования на выборах в Государственную думу РФ. По данным городской территориальной избирательной комиссии, в пятницу на участки пришли 18 154 тысячи горожан. Это 11"
bst24bratsk,2026-09-18 14:56,video_long,Братский драматический театр ставит «Чайку»: взгляд из Новосибирска и голос труппы,https://dzen.ru/video/watch/6aad4db6d11ac663baacac78,4,0,186,
bst24bratsk,2026-09-18 14:56,video_long,Выборы в Госдуму: первый день голосования в Братске,https://dzen.ru/video/watch/6aad4dc7c4970221d91c541d,11,0,161,
bst24bratsk,2026-09-18 14:55,video_long,Как компании Эн+ и РУСАЛ помогают воспитывать молодые кадры?,https://dzen.ru/video/watch/6aad4dd51f1129659fdecae6,6,0,256,
bst24bratsk,2026-09-18 14:53,video_long,Новый томограф за 68 миллионов: Иркутская областная клиническая больница усиливает диагностику,https://dzen.ru/video/watch/6aad4deeb4a30266181cd6b5,3,0,137,
bst24bratsk,2026-09-18 14:51,video_long,Председатель Законодательного собрания проголосовал на выборах депутата в Госдуму,https://dzen.ru/video/watch/6aad4dfba859423cd3027e25,0,0,57,
bst24bratsk,2026-09-18 14:51,video_long,Штрафовать за выпас скота на детских площадках и тротуарах предлагают в Приангарье,https://dzen.ru/video/watch/6aad4e03b9c2bb6dba6c1c64,7,0,93,
bst24bratsk,2026-09-18 14:45,video_long,"Шум, дым и септики: БСТ разбиралась в конфликте вокруг «Лесной гавани»",https://dzen.ru/video/watch/6aad4e0d4ef44400ec79dbfa,62,0,197,
bst24bratsk,2026-09-18 14:45,video_long,«От нас зависит судьба нашей России»: как Вихоревка выбирает депутатов Госдумы,https://dzen.ru/video/watch/6aad4da555d0c37ffa664620,6,0,132,
bst24bratsk,2026-09-18 13:27,article,Соревнования по трофи-ориентированию пройдут в Братске,https://dzen.ru/a/aq07bd8hLg35pYYC,4,0,52,Давно хотели попробовать себя в экстремальной езде на джипах? Тогда вам нужно приехать на учебно-тренировочные соревнования по трофи-ориентированию. Они пройдут 26 сентября на втором километре дороги 
bst24bratsk,2026-09-18 13:00,article,Гороскоп на 19 сентября: кому лучше не торопиться,https://dzen.ru/a/aq02nEjUgT5jl5um,115,0,43,"♈️ Овны, если нет возможности с кем-то встретиться, то хотя бы позвоните. ♉️ Тельцы, перенесите выяснение отношений с близкими на другой день. ♊️ Близнецы, у вас может появиться ощущение, что вы сдела"
bst24bratsk,2026-09-18 12:55,article,«Охота на дикарей»: очередная осенняя подборка,https://dzen.ru/a/aq05uk5PhhqP4vkG,2,0,14,Такое хамское поведение доставляет братчанам всё больше неудобств: каждый «удобный сантиметр» понемногу съедает общее пространство и делает город менее комфортным для всех. Стали свидетелями «дикарей»
bst24bratsk,2026-09-18 12:45,article,Председатель Законодательного собрания проголосовал на выборах депутата в Госдуму,https://dzen.ru/a/aq0ymd8hLg35pUih,0,0,42,"В первый день выборов депутата в Государственную Думу свои голоса отдавали не только жители, но и представители власти. В их числе председатель Законодательного собрания Александр Ведерников. Он посет"
bst24bratsk,2026-09-18 12:35,article,Как компании Эн+ и РУСАЛ помогают воспитывать молодые кадры?,https://dzen.ru/a/aq0wl0jUgT5jl3E-,0,0,166,"Андрей Тасенко – частый гость наших сюжетов и не понаслышке знает, как найти стабильную работу ещё до окончания учёбы. В Братский университет он поступил в 2018 году. Первое, что его впечатлило, – пре"
bst24bratsk,2026-09-18 12:00,article,«От нас зависит судьба нашей России»: как Вихоревка выбирает депутатов Госдумы,https://dzen.ru/a/aq0vLEjUgT5jl2W9,0,0,86,"Самая активная фаза первого дня голосования продолжалась примерно с 9 до 10 утра, но даже к обеду избиратели продолжали приходить на участки. Всего в Братском районе почти 39 тысяч избирателей, больше"
bst24bratsk,2026-09-18 11:00,article,Праздники и народные приметы 19 сентября,https://dzen.ru/a/aq0bP98hLg35pKOS,15,0,108,"Михайлов день. По православному календарю отмечается праздник архангела Михаила – одного из самых почитаемых библейских персонажей. Слово «архангел» переводится как «старший посланник», а имя Михаила "
bst24bratsk,2026-09-18 10:55,article,"МедиаКлуб БСТ: нейросети, видеосъёмка, СММ и радио для детей и взрослых",https://dzen.ru/a/aq0Zkh3cWgqrNZs2,0,0,75,"Первая встреча с участниками МедиаКлуба БСТ состоялась в теплой, дружеской атмосфере. Новички не просто заполнили анкеты, но лично познакомились с наставниками медиа курса и программой. Актёрское маст"
bst24bratsk,2026-09-18 10:15,article,Братский драматический театр ставит «Чайку»: взгляд из Новосибирска и голос труппы,https://dzen.ru/a/aq0Qdd8hLg35pFrU,3,0,103,«Чайка» Антона Чехова живёт больше века – и по‑прежнему не стареет. В Братском драматическом театре готовят встречу зрителя с этой историей. Над спектаклем работает режиссёр из Новосибирска Анастасия 
bst24bratsk,2026-09-18 10:05,article,Выборы в Госдуму: первый день голосования в Братске,https://dzen.ru/a/aq0Oc0jUgT5jlobc,1,0,115,"В Братске, как и по всей России, начались выборы. В этом году жители страны решают, кто будет представлять их интересы в Государственной Думе 9-го созыва. В пятницу в восемь утра открылись избирательн"
bst24bratsk,2026-09-18 09:25,article,Новый томограф за 68 миллионов: Иркутская областная клиническая больница усиливает диагностику,https://dzen.ru/a/aq0FpkjUgT5jlkwA,0,0,95,"Иркутская областная клиническая больница – крупнейшее медучреждение региона, где ежегодно помощь получают около 37 тысяч пациентов, а врачи проводяти порядка 18 тысяч операций. В стационаре развёрнуто"
bst24bratsk,2026-09-18 09:16,article,«Осенний трейл» в Братске отменили из‑за медведей,https://dzen.ru/a/aq0AWkjUgT5jlie-,4,0,25,"В Братске не состоится традиционный забег «Осенний трейл». Организаторы отменили соревнования, намеченные на 27 сентября, из‑за появления медведей в городской черте. Трейл должен был стать четвёртым п"
bst24bratsk,2026-09-18 09:05,article,"«О, кино!»: три телеистории для уютных осенних выходных с БСТ24",https://dzen.ru/a/aq0AWh3cWgqrNUNj,0,0,61,"Майор спецназа Илья готовится к свадьбе – он выбрал скромную девушку, дочь обеспеченных родителей. Кажется, впереди счастливая жизнь, но прошлое не отпускает. Его бывшая подруга Яна, которая никак не "
bst24bratsk,2026-09-18 08:45,article,Многодетный отец из Братска Олег Воробьёв удостоен почётного знака «Отцовская доблесть»,https://dzen.ru/a/aqz6e98hLg35o8GC,6,0,57,Житель Братска Олег Воробьёв стал одним из победителей конкурса на поощрение почётным знаком «Отцовская доблесть». Распоряжение о награждении подписал губернатор Иркутской области Игорь Кобзев. Об это
bst24bratsk,2026-09-18 08:05,article,"Шум, дым и септики: БСТ разбиралась в конфликте вокруг «Лесной гавани»",https://dzen.ru/a/aqzyPU5PhhqP4f4D,9,0,152,"Напомним, что дома для гостевого размещения рядом с заливом открылись для проживания в конце июня. Примерно через полтора месяца в одном из чатов города появилось сообщение о том, что владельцы якобы "
bst24bratsk,2026-09-18 07:35,article,Штрафовать за выпас скота на детских площадках и тротуарах предлагают в Приангарье,https://dzen.ru/a/aqzqUN8hLg35o1Dz,1,0,70,В Приангарье планируют ввести штрафы за выпас скота на общественных территориях и увеличить штрафы за нарушение общественного порядка. Эти вопросы рассмотрел комитет по государственному строительству 
bst24bratsk,2026-09-18 05:35,article,Погода в Братске 19–21 сентября,https://dzen.ru/a/aqzPSR3cWgqrNJ23,5,0,19,"В ночь на субботу +5°…+8°, днём +7°…+9°, малооблачно. Ветер северный, до 7,7 м/с. Атмосферное давление – 725 мм рт. ст. В ночь на воскресенье +4°…+6°, днём +8°…+11°, пасмурно. Ветер восточный, до 10,3"
bst24bratsk,2026-09-18 03:45,article,Более 5 млн рублей взыщут с арендаторов участков в Братском районе за вырубку леса в охотугодьях,https://dzen.ru/a/aqy1mN8hLg35ogJ3,16,0,54,Благодаря вмешательству прокуратуры с арендаторов лесных участков в Братском районе взыщут более 5 млн рублей за вырубку леса в охотугодьях. Средства поступят в казну Братского района в качестве компе
bst24bratsk,2026-09-18 02:03,article,Суд освободил из-под стражи водителей фур по делу об атаке дронов на аэродром под Усольем,https://dzen.ru/a/aqyci98hLg35oXxf,3,0,61,"Четверо дальнобойщиков, которых обвиняют в доставке дронов для удара по военной части в усольском поселке Среднем, вышли на свободу. Заместитель генпрокурора РФ Анатолий Разинкин отказался утверждать "
bst24bratsk,2026-09-18 01:25,article,Выборы депутатов Государственной думы начались в Иркутской области,https://dzen.ru/a/aqyTwk5PhhqP4Oui,7,0,91,"В Иркутской области начались выборы депутатов Государственной думы РФ. Ровно в 8:00 по всему региону открылись 1895 избирательных участков, 96 из них – в Братске. Для жителей 12-го городского избирате"
bst24bratsk,2026-09-18 00:44,article,Режим повышенной готовности вводят в Иркутской области из-за медведей,https://dzen.ru/a/aqyKdN8hLg35oSX8,16,0,103,В Иркутской области вводят режим повышенной готовности из-за массового выхода медведей к людям. Жителям официально запретят ходить в лес. Об этом сообщает Братская студия телевидения со ссылкой на губ
bst24bratsk,2026-09-17 13:00,article,Гороскоп на 18 сентября: кому гарантирован успех,https://dzen.ru/a/aqvl805PhhqP3vKw,127,0,47,"♈️ Овны, идите намеченным путём, даже если близкие не разделяют ваших взглядов. ♉️ Тельцы, звёзды советуют не переживать из-за чьей-то недосказанности. ♊️ Близнецы, спокойствие и полное соблюдение пра"
bst24bratsk,2026-09-17 11:48,video_long,"Градус чистоты: 30 тонн мусора, советские монеты и забытые ковры на берегах российских рек",https://dzen.ru/video/watch/6aabd0c85f9262069a6820f4,17,0,190,
bst24bratsk,2026-09-17 11:47,video_long,Компания Эн+ восстанавливает панно «Покорение Ангары» на Братской ГЭС,https://dzen.ru/video/watch/6aabd0f1b0ba5027679b66b1,6,0,208,
bst24bratsk,2026-09-17 11:47,video_long,Впервые за полвека: в Иркутской области возводят новую крупную электростанцию,https://dzen.ru/video/watch/6aabd0b3859c36481603ea33,18,0,141,
bst24bratsk,2026-09-17 11:17,article,Автор-исполнитель Борис Астафьев рассказал о предстоящем вечере бардовской песни,https://dzen.ru/a/aqvKEx3cWgqrMati,0,0,51,"Сегодня в прямом эфире БСТ24 побывал гость, который одним аккордом настроил на душевный разговор – известный братский бард Борис Астафьев. Его любовь к бардовской песне началась с детства. Дома хранил"
bst24bratsk,2026-09-17 11:07,article,"Градус чистоты: 30 тонн мусора, советские монеты и забытые ковры на берегах российских рек",https://dzen.ru/a/aqvIbx3cWgqrMaRD,5,0,124,Разворот на «360» – от Волги до Енисея. Фонд Олега Дерипаска «Вольное Дело» организовал масштабную экологическую акцию в десяти регионах России. Всего за несколько дней три тысячи волонтёров от Кубани
bst24bratsk,2026-09-17 11:00,article,Праздники и народные приметы 18 сентября,https://dzen.ru/a/aqvJKEjUgT5jju0H,3,0,121,"Кумoxa oceнняя. День Елизaвeты Пpeдcкaзaтeльницы и Aвдeя пьяницы. Захарий и Елизавета. В этот день чествуется священник Захарий и его жена Елисавета – родители Иоанна Крестителя. Считается, что Елисав"
bst24bratsk,2026-09-17 10:55,article,Компания Эн+ восстанавливает панно «Покорение Ангары» на Братской ГЭС,https://dzen.ru/a/aqvH9EjUgT5jjuN4,3,0,149,"Панно «Покорение Ангары» является поистине уникальным творением, оно расположено на не менее удивительном инженерном объекте – Братской ГЭС. В юбилейный для станции год энергетики Эн+ решили, что баре"
bst24bratsk,2026-09-17 10:45,article,Впервые за полвека: в Иркутской области возводят новую крупную электростанцию,https://dzen.ru/a/aqvHGd8hLg35nIQB,2,0,85,В Усолье‑Сибирском рядом с действующей ТЭЦ‑11 разворачивается крупнейшая стройка региона. Энергохолдинг Эн+ возводит новую тепловую электростанцию мощностью 690 мегаватт – это сопоставимо с действующе
bst24bratsk,2026-09-17 10:10,article,Рейсы теплохода «Метеор» по Братскому морю продлили до середины октября,https://dzen.ru/a/aqu83t8hLg35nD8W,0,0,41,Теплоход «Метеор» продолжит ходить по Братскому морю до 15 октября. Решение продлить навигацию принял губернатор Игорь Кобзев. Об этом сообщает Братская студия телевидения со ссылкой на мэра Братского
bst24bratsk,2026-09-17 09:45,article,ГАИ вновь проведёт проверки на дорогах Братска и Братского района,https://dzen.ru/a/aqu5zEjUgT5jjoNS,0,0,44,"ГАИ вновь проведёт проверки на дорогах Братска и Братского района. 18 сентября автоинспекторы будут искать любителей выехать на встречную полосу, сообщает Братская студия телевидения со ссылкой на отд"
bst24bratsk,2026-09-17 09:07,article,Как система «Лесохранитель» от Эн+ защищает Иркутскую область от лесных пожаров,https://dzen.ru/a/aquujx3cWgqrMUzc,2,0,141,"Каждое лето мы с тревогой смотрим на небо: затянет ли город едким дымом от лесных пожаров? Леса – легкие нашей планеты, но они беззащитны перед огнем. Многие до сих пор с содроганием вспоминают 2021 г"
bst24bratsk,2026-09-17 09:00,article,"«Гид по выходным»: благотворительная ярмарка, спектакль, концерт саксофониста",https://dzen.ru/a/aqus_N8hLg35m9He,0,0,127,"В Братском драматическом театре покажут спектакль, где юмор соседствует с глубокими смыслами. «Камедыя» – история, написанная ещё в XVII веке, но по-прежнему цепляющая зрителя. В центре сюжета – испыт"
bst24bratsk,2026-09-17 08:45,article,Приангарье вошло в топ-5 регионов страны по выдаче соцконтрактов,https://dzen.ru/a/aqupWE5PhhqP3iNS,2,0,109,"С начала 2026 года жители Иркутской области подписали более пяти тысяч социальных контрактов. По словам губернатора Приангарья Игоря Кобзева, за статистикой – реальные судьбы: люди, попавшие в беду, с"
bst24bratsk,2026-09-17 08:05,article,Трагедия под Киренском: медведь убил двоих мужчин,https://dzen.ru/a/aqufjUjUgT5jjdHc,15,0,64,"Ещё два человека погибли в результате напаления медведя в Приангарье. Обычный поход за ягодой обернулся трагедией для жителей Киренска, сообщает ИА «БСТ» со ссылкой на ГУ МВД по Иркутской области. В с"
bst24bratsk,2026-09-17 05:25,article,Погода в Братске 18 сентября,https://dzen.ru/a/aqt6Wd8hLg35mpoO,1,0,7,"В ночь на пятницу +5°, +6°, днём +6°…+9°, пасмурно, небольшой дождь. Ветер северо-восточный, до 9,8 м/с. Атмосферное давление – 724 мм рт. ст."
bst24bratsk,2026-09-17 05:15,article,Пять медведей застрелили в Братске с начала недели,https://dzen.ru/a/aqt5o98hLg35mpZp,4,0,46,"Ситуация с выходами медведей остаётся напряжённой – с начала недели в Братске застрелили пять особей. Охотоведы и охотники выследили двух зверей их в районе СНТ «Василёк» в Энергетике, по одному – у к"
bst24bratsk,2026-09-17 03:55,article,Троих мужчин арестовали в Иркутске по обвинению в похищении человека и разбое,https://dzen.ru/a/aqtmtUjUgT5jjHs_,10,0,63,"В Иркутском районе задержаны трое мужчин, которых подозревают в похищении 19‑летнего знакомого и разбойном нападении на него. Об этом сообщает ИА «БСТ» со ссылкой на пресс-службу следственного управле"
bst24bratsk,2026-09-17 02:00,article,Российским школьникам рекомендуют зубрить стихи перед ЕГЭ по литературе,https://dzen.ru/a/aqtLrkjUgT5ji-vH,2,0,79,"Школьникам, сдающим ЕГЭ по литературе, и их родителям добавят придётся усилить подготовку. Федеральный институт педагогических измерений (ФИПИ) настаивает: детям нужно снова зубрить стихи наизусть и в"
bst24bratsk,2026-09-17 01:01,article,Предупредите родителей: мошенники обещают пенсионерам выплаты к 1 октября,https://dzen.ru/a/aqs8sx3cWgqrMAzT,10,0,81,"В преддверии Дня пожилого человека, который отмечается 1 октября, аферисты запустили новую циничную схему обмана. Теперь они играют на доверии старшего поколения, обещая несуществующие праздничные вып"
bst24bratsk,2026-09-16 13:18,video_long,Первый этап сдачи норм ГТО начался в Братске,https://dzen.ru/video/watch/6aaa966011e2cb1ddf3e4527,4,0,107,
bst24bratsk,2026-09-16 13:17,video_long,"Ремонт в срок, тепло в дома – ангарские ТЭЦ прошли проверку перед зимой",https://dzen.ru/video/watch/6aaa96707586b9279e33a6ce,8,0,105,
bst24bratsk,2026-09-16 13:17,video_long,Флорист Юлия Леонтьева рассказала о любви к цветам в эфире «Утра бодрого режима»,https://dzen.ru/video/watch/6aaa9681db08b02630d5e1f2,6,0,142,
bst24bratsk,2026-09-16 13:16,video_long,«Хороший повод»: как перестать бороться с природой и полюбить свои волосы,https://dzen.ru/video/watch/6aaa964eb7a50554e21b7578,22,0,197,
bst24bratsk,2026-09-16 13:00,article,Гороскоп на 17 сентября: кто насладится спокойствием,https://dzen.ru/a/aqqU8E5PhhqP2xTv,145,2,40,"♈️ Овны, встречи, назначенные на этот день, пройдут особенно удачно. ♉️ Тельцы, поезд вашего хорошего настроения снова встанет на рельсы. ♊️ Близнецы, в четверг будет именно так, как вам хотелось бы, "
bst24bratsk,2026-09-16 12:17,article,Мнение Елены Яковлевой,https://dzen.ru/a/aqqISUjUgT5jh2Ae,5,0,128,"Здравствуйте! Меня зовут Елена Яковлева. Я не телезвезда, не космонавт и не чиновник. Я – практикующий юрист с многолетним опытом. Живу в Братске с рождения. Каждый день ко мне приходят люди: пенсионе"
bst24bratsk,2026-09-16 12:00,article,«Хороший повод»: как перестать бороться с природой и полюбить свои волосы,https://dzen.ru/a/aqqF8N8hLg35lRnI,6,0,113,"Дарья ОГИЕНКО, корреспондент БСТ: «Сегодня отмечают неформальный праздник в честь естественной красоты вьющихся волос – он про принятие своей текстуры и радости от „непослушных“ завитков. Мои волосы и"
bst24bratsk,2026-09-16 11:05,article,Флорист Юлия Леонтьева рассказала о любви к цветам в эфире «Утра бодрого режима»,https://dzen.ru/a/aqp4wN8hLg35lLoQ,0,0,86,"Цветочная история Юлии Леонтьевой началась почти 10 лет назад. Изначально она была бухгалтером, но в декрете поняла, что можно направить силы в другое русло. На тот момент работа с дарами флоры показа"
bst24bratsk,2026-09-16 11:00,article,Праздники и народные приметы 17 сентября,https://dzen.ru/a/aqp5Mh3cWgqrLc1R,9,0,115,"Неопалимая Купина. Праздник острых вил. В этот день отмечается праздник иконы Божьей Матери «Неопалимая Купина». Согласно преданию, Бог явился Моисею в виде горящего, но несгорающего тернового куста, "
bst24bratsk,2026-09-16 10:55,article,"Ремонт в срок, тепло в дома – ангарские ТЭЦ прошли проверку перед зимой",https://dzen.ru/a/aqp2lUjUgT5jhuUZ,1,0,70,Отопительный сезон в Ангарске начался 14 сентября. Перед его стартом на ТЭЦ-9 и ТЭЦ-10 прошла масштабная модернизация. На «десятке» заменили изношенные нагревательные элементы и воздухоподогреватели н
bst24bratsk,2026-09-16 10:45,article,Инспекторы ГАИ застрелили медведя в одном из садоводств Приангарья,https://dzen.ru/a/aqp13UjUgT5jhuFe,10,0,59,"Утро 15 сентября для дачников садоводства «Лесники» в Усть-Илимском районе началось с тревоги. Прямо по улицам поселка разгуливал медведь. Напуганные люди немедленно вызвали полицию, сообщает Братская"
bst24bratsk,2026-09-16 10:30,article,Перед выбором: последние приготовления Братска,https://dzen.ru/a/aqpwLx3cWgqrLbCf,2,0,91,"Уже в эту пятницу, 18 сентября, Братск вместе со всей страной начнет выбирать депутатов Государственной Думы девятого созыва. Голосование продлится три дня – до вечера воскресенья. На избирательном уч"
bst24bratsk,2026-09-16 09:15,article,4 км дороги к селу Тангуй в Братском районе отремонтировали в рамках нацпроекта,https://dzen.ru/a/aqpg-t8hLg35lBIM,0,0,50,В Братском районе завершён ремонт 4‑километрового участка автодороги на подъезде к селу Тангуй – трасса проходит через село Зарбь. Ремонт выполнен в рамках национального проекта «Инфраструктура для жи
bst24bratsk,2026-09-16 08:35,article,"Новогодний подарок от соцзащиты Братского района: условия, сроки и порядок подачи заявления",https://dzen.ru/a/aqpVpd8hLg35k8Mc,3,0,82,В Управлении социальной защиты и социального обслуживания населения по Братскому району начали принимать заявления на новогодние подарки для детей. Рассчитывать на новогодний сюрприз могут ребята от 3
bst24bratsk,2026-09-16 08:22,article,Пьяная женщина убила сожителя в Центральном районе Братска,https://dzen.ru/a/aqpRPU5PhhqP2icL,7,0,45,В Центральном районе Братска обычная бытовая ссора закончилась смертью. Жительница улицы Малышева убила своего сожителя. Трагедия произошла на прошлой неделе. Как рассказали корреспонденту Братской ст
bst24bratsk,2026-09-16 07:55,article,Отопительный сезон начинается в Братском районе,https://dzen.ru/a/aqpL8h3cWgqrLTK4,3,0,39,В Братском районе с 17 сентября официально начинается отопительный сезон – соответствующее постановление подписал мэр муниципального образования Николай Дружинин. Решение принято в связи с понижением 
bst24bratsk,2026-09-16 07:30,article,Автор проекта «БабрБук» Дмитрий Мироманов проведёт встречу в Братске,https://dzen.ru/a/aqpHJt8hLg35k15x,1,0,92,"Автор проекта «БабрБук» и комиксов о Байкале и Иркутске Дмитрий Мироманов проведёт встречу с братчанами [0+]. Дмитрий родился в Братске, жил в Энергетике, но сейчас работает в столице региона. Светлан"
bst24bratsk,2026-09-16 05:30,article,Фейковая доставка цветов и конфет лишила семью из Ангарска 2 млн рублей,https://dzen.ru/a/aqop-N8hLg35kqSV,3,0,67,"В Ангарске 16-летняя школьница отдала телефонным мошенникам более двух миллионов рублей из домашнего сейфа. Все началось с безобидного сообщения в мессенджере: неизвестные написали девочке, что на её "
bst24bratsk,2026-09-16 05:20,article,Первый этап сдачи норм ГТО начался в Братске,https://dzen.ru/a/aqooUt8hLg35kppt,0,0,80,В Братске начали сдавать нормативы ГТО. Первый этап – лёгкая атлетика. На дистанцию вышли больше 200 юношей из образовательных учреждений Центрального района. Ребята от 6 до 17 лет сдавали челночный б
bst24bratsk,2026-09-16 05:00,article,Будущие металлурги побывали с экскурсией на БрАЗе,https://dzen.ru/a/aqoiqEjUgT5jhMUQ,2,0,129,"Студенты 1-го курса Братского индустриально-металлургического техникума (БрИМТ) побывали с экскурсией на БрАЗе. Учебное заведение участвует в федеральной программе «Профессионалитет», четвертый год по"
bst24bratsk,2026-09-16 04:15,article,Погода в Братске 17 сентября,https://dzen.ru/a/aqoZNh3cWgqrLJxO,2,0,7,"В ночь на четверг +9°, +10°, днём +7°…+10°, пасмурно, небольшой дождь. Ветер северо-восточный, до 10,5 м/с. Атмосферное давление – 717 мм рт. ст."
bst24bratsk,2026-09-16 00:57,article,Великий и «безценный»: за что выпускники-2026 теряли баллы на ЕГЭ по русскому языку,https://dzen.ru/a/aqnrakjUgT5jg7q7,3,0,109,Федеральный институт педагогических измерений (ФИПИ) подвел итоги прошедшей летней кампании ЕГЭ-2026 по русскому языку. Эксперты проанализировали бланки выпускников и пришли к неутешительному выводу: 
bst24bratsk,2026-09-15 13:00,article,Гороскоп на 16 сентября: кому стоит контролировать эмоции,https://dzen.ru/a/aqlCE98hLg35jYs8,42,2,38,"♈️ Овны, постарайтесь не влиять на ход событий в данный момент. ♉️ Тельцы, не бойтесь разочарований - они превратятся в прекрасный опыт. ♊️ Близнецы, постарайтесь свести к минимуму ненужные встречи. ♋"
bst24bratsk,2026-09-15 12:50,video_long,Арт‑объект с историей: школьники в Братске увековечили наследие города в мозаичном панно,https://dzen.ru/video/watch/6aa93c557a14aa401f2fff68,10,0,170,
bst24bratsk,2026-09-15 12:50,video_long,Заведующая художественным выставочным залом Братска Елена Белецкая стала гостем «Утра бодрого режима»,https://dzen.ru/video/watch/6aa93c86d11ac663baf2fe4b,8,0,195,
bst24bratsk,2026-09-15 12:49,video_long,От идеи к делу: как социальный контракт помог владельцу мастерской из Братского района,https://dzen.ru/video/watch/6aa93ca9db08b026307cd22e,8,0,203,
bst24bratsk,2026-09-15 12:49,video_long,«Умную» спортплощадку и новый сквер открыли в Осиновке при поддержке крупных компаний,https://dzen.ru/video/watch/6aa93cd2b7a50554e2c2c255,25,0,251,
bst24bratsk,2026-09-15 12:48,video_long,"40 пожарных, 500 метров в гору и 25 килограммов экипировки: в Братске прошёл забег спасателей",https://dzen.ru/video/watch/6aa93c1fd11ac663baf1ff5c,21,0,159,
bst24bratsk,2026-09-15 11:56,article,«Умную» спортплощадку и новый сквер открыли в Осиновке при поддержке крупных компаний,https://dzen.ru/a/aqkxch3cWgqrKiJO,1,0,179,"Чтобы стройка стала реальностью, Эн+ направил на благоустройство почти 17 миллионов рублей. Финансовое участие РУСАЛа – 3,5 млн рублей – на подготовку основания под «умную» спортивную площадку. Теперь"
bst24bratsk,2026-09-15 11:45,article,Заведующая художественным выставочным залом Братска Елена Белецкая стала гостем «Утра бодрого режима»,https://dzen.ru/a/aqkwwh3cWgqrKiAn,3,0,123,Любовь к искусству у Елены Белецкой возникла ещё в пять лет: мама с бабушкой учили её рукоделию. В тот момент братчанка и поняла – это её. В Художественный выставочный зал в 2011 году её привела творч
bst24bratsk,2026-09-15 11:35,article,Арт‑объект с историей: школьники в Братске увековечили наследие города в мозаичном панно,https://dzen.ru/a/aqkuWEjUgT5jf4oU,1,0,125,Творческий мастер-класс по проекту «Мозаика! В Братске!» прошёл в Энергетике. Его участники – школьники и творческие жители – внесли свой вклад в создание масштабного панно у кирпичного здания неподал
bst24bratsk,2026-09-15 11:00,article,Праздники и народные приметы 16 сентября,https://dzen.ru/a/aqkneh3cWgqrKgMW,0,0,90,"День Дорофеи и Домны. Домна Доброродная. В этот день вспоминают святую Домну Никомидийскую. Она жила во времена императора Максимилиана, была языческой жрицей, но приняла христианство. Когда начались "
bst24bratsk,2026-09-15 10:56,article,Школьник из Приангарья вырастил 800-килограммовую тыкву и победил на ВДНХ,https://dzen.ru/a/aqknet8hLg35jNhu,5,0,49,"Двенадцатилетний Еремей Павленко из села Савватеевка (Ангарский район) вырастил тыкву весом 817 килограммов. С этим результатом школьник занял первое место на Национальном чемпионате «Битва гигантов»,"
bst24bratsk,2026-09-15 09:35,article,От идеи к делу: как социальный контракт помог владельцу мастерской из Братского района,https://dzen.ru/a/aqkTQEjUgT5jfuHU,3,0,167,"Владимир Донской из Братского района – владелец столярно‑сварочной мастерской. Она и раньше работала стабильно, но для расширения требовалось дополнительное оборудование. Предприниматель смог приобрес"
bst24bratsk,2026-09-15 09:00,article,Экс-заместитель мэра Братска Алина Коробейникова заняла пост в правительстве Иркутской области,https://dzen.ru/a/aqkJ2UjUgT5jfqTj,4,0,37,Бывший заместитель мэра Братска по городскому хозяйству и строительству теперь работает в правительстве Иркутской области. 14 сентября Алина Коробейникова вступила в должность заместителя министра тра
bst24bratsk,2026-09-15 08:31,article,Двух матерей из Приангарья будут судить за покупку мотоциклов детям,https://dzen.ru/a/aqkDtEjUgT5jfn3x,2,0,66,"Сразу две матери из Иркутской области окажутся на скамье подсудимых из-за слишком щедрых и опасных подарков своим детям. Женщин обвиняют в том, что они подвергли жизни сыновей реальной угрозе (ч. 1 ст"
bst24bratsk,2026-09-15 08:15,article,"40 пожарных, 500 метров в гору и 25 килограммов экипировки: в Братске прошёл забег спасателей",https://dzen.ru/a/aqj_rU5PhhqP1l18,0,0,123,"Гарнизонные мероприятия – так их называют спасатели, – проходили между пожарными разных частей и отделений. В соревнованиях принимали участие сотрудники крупных предприятий, братского гарнизона, а так"
bst24bratsk,2026-09-15 07:10,article,Ещё семеро братчан решили подписать контракт с Минобороны РФ,https://dzen.ru/a/aqjwCEjUgT5jff-g,2,0,61,Братск снова проводил добровольцев на службу по контракту. Во вторник утром от здания администрации города в Шелехов проводили семерых мужчин. Они приняли одно из самых важных и ответственных решений 
bst24bratsk,2026-09-15 05:06,article,Владельцы базы отдыха в Курчатовском микрорайоне Братска прокомментировали жалобы соседей,https://dzen.ru/a/aqjUux3cWgqrKQfR,20,0,138,"«Мы сами являемся жителями данного микрорайона и понимаем, что никому не нужно нарушение спокойствия», - подчеркнули владельцы глэмпинга, который открылся в конце июня в конце улицы Гагарина, на окраи"
bst24bratsk,2026-09-15 05:00,article,В России хотят упростить получение звания «Ветеран труда»,https://dzen.ru/a/aqjQ70jUgT5jfVCY,8,0,104,Получить звание «Ветеран труда» скоро станет гораздо проще. Министерство труда и социальной защиты РФ предложило избавить россиян от необходимости собирать бумажные справки. Все данные о ведомственных
bst24bratsk,2026-09-15 04:17,article,Спасение утопающих: почему жители Иркутской области в первую очередь должны сами думать о своём здоровье,https://dzen.ru/a/aqjKVEjUgT5jfSj9,12,0,297,"Мы привыкли думать, что тяжёлая болезнь – это то, что случается внезапно. Но инфаркту, инсульту или диабету часто предшествуют годы работы на износ, стрессов и банального невнимания к себе. В Иркутско"
bst24bratsk,2026-09-15 04:15,article,"Житель Черемхово лишился свыше миллиона рублей, пытаясь купить трактор через интернет",https://dzen.ru/a/aqjHBt8hLg35ioos,5,0,48,"49‑летний житель Черемхово стал жертвой аферистов, пытаясь приобрести трактор через интернет. Об этом сообщает ИА «БСТ» со ссылкой на пресс-службу ГУ МВД России по Иркутской области. Потерпевший нашёл"
bst24bratsk,2026-09-15 03:20,article,Погода в Братске 16 сентября,https://dzen.ru/a/aqi6EN8hLg35ijiN,5,0,7,"В ночь на среду +10°…+12°, днём +14°…+16°, облачно с прояснениями, небольшой дождь. Ветер северо-западный, до 12,7 м/с. Атмосферное давление – 713 мм рт. ст."
bst24bratsk,2026-09-14 13:00,article,Гороскоп на 15 сентября: кому стоит взять паузу в делах,https://dzen.ru/a/aqfweR3cWgqrJp2s,139,0,41,"♈️ Овны, с некоторыми людьми вас просто сводит судьба – не сопротивляйтесь. ♉️ Тельцы, пора порадовать себя и только себя. ♊️ Близнецы, не стесняйтесь показать окружающим, какая вы яркая личность. ♋️ "
bst24bratsk,2026-09-14 12:12,video_long,В «Иркутскэнергосбыт» подвели итоги соревнований среди инженеров-инспекторов за 2-й квартал 2026 года,https://dzen.ru/video/watch/6aa7e435e31cf70ed2817480,5,0,184,
bst24bratsk,2026-09-14 12:12,video_long,Иркутская область – в числе лидеров по профилактике социального сиротства,https://dzen.ru/video/watch/6aa7e4452a1fa239cb53d981,2,0,189,
bst24bratsk,2026-09-14 12:12,video_long,Поехали! «РУСАЛ фестиваль#НАУКА» в 10-й раз состоялся в Братске,https://dzen.ru/video/watch/6aa7e45d598cd36c36117817,9,0,186,
bst24bratsk,2026-09-14 12:11,video_long,"«Машин боятся, а больше ничего»: почему хищники выходят к людям и как спастись при встрече",https://dzen.ru/video/watch/6aa7e407e253fc42046deed4,26,0,209,
bst24bratsk,2026-09-14 11:45,article,В «Иркутскэнергосбыт» подвели итоги соревнований среди инженеров-инспекторов за 2-й квартал 2026 года,https://dzen.ru/a/aqffdU5PhhqP00fG,2,0,143,"Первое место среди братчан занял Сергей Касинец. Эксперты оценивали, на сколько быстро и качественно сотрудники проверяют работу счетчиков и выявляют тех, кто намеренно вмешивается в их работу и заниж"
bst24bratsk,2026-09-14 11:35,article,Городские соревнования «ПДД от «А» до «Я» знает вся моя семья!» прошли в Братске,https://dzen.ru/a/aqfcDU5PhhqP00Ap,5,0,48,"Традиционный семейный праздник, посвящённый безопасности дорожного движения, прошёл в Братске. Школьники и их родители собрались в субботу на картодроме «Ангара». Праздник проходит в формате соревнова"
bst24bratsk,2026-09-14 11:25,article,Поехали! «РУСАЛ фестиваль#НАУКА» в 10-й раз состоялся в Братске,https://dzen.ru/a/aqfcAUjUgT5jeBzf,0,0,109,Компания РУСАЛ снова подарила жителям научный фестиваль. В этом году он стал 10-м юбилейным. Такие масштабные просветительские праздники начали проводить по предложению основателя компании Олега Дерип
bst24bratsk,2026-09-14 11:10,article,Именные избирательные участки готовят к открытию в Братске,https://dzen.ru/a/aqfW0h3cWgqrJlmk,0,0,44,"Через несколько дней братчанам предстоит проголосовать за кандидатов в местную и Государственную Думы. По информации городской территориальной избирательной комиссии, к открытию готовят 96 участков, п"
bst24bratsk,2026-09-14 11:00,article,Праздники и народные приметы 15 сентября,https://dzen.ru/a/aqfVZ05PhhqP0y-z,5,0,133,"День Мамонтия. Мамонт Овчарник. В этот день отмечается память мученика Маманта и его родителей Феодота и Руфины. Родители Маманта, знатные люди, были заключены в темницу за исповедание христианства, г"
bst24bratsk,2026-09-14 10:17,article,"«Машин боятся, а больше ничего»: почему хищники выходят к людям и как спастись при встрече",https://dzen.ru/a/aqfJO98hLg35hQdS,69,0,133,"Они уже ничего не боятся, говорит Пётр Иванович, смотритель Падунского кладбища, про новых косолапых соседей. Около недели назад он выделял место на подзахоронение и возле дороги в 60 метрах от себя у"
bst24bratsk,2026-09-14 09:50,article,20-летнего братчанина отправили на принудительные работы за помощь мошенникам,https://dzen.ru/a/aqfDlN8hLg35hOU9,6,0,69,"20-летний парень из Братска поплатился за попытку легко и быстро заработать. Из-за нехватки денег молодой человек ввязался в криминальную схему, став так называемым «дропповодом» – посредником между м"
bst24bratsk,2026-09-14 09:30,article,Как найти собаке дом и не ошибиться с хозяевами: на БСТ24 обсудили помощь бездомышам,https://dzen.ru/a/aqfAvh3cWgqrJhlW,2,0,84,"Дарья Калинова помогает бездомышам уже больше десяти лет. Для неё это не просто хобби, а состояние души: забота о братьях наших меньших стала глубокой личной потребностью. Так, корреспондент отдела но"
bst24bratsk,2026-09-14 06:46,article,"Нашествие медведей в Иркутской области: один человек погиб, еще один в больнице",https://dzen.ru/a/aqeX50jUgT5jdpti,36,0,76,"Жители Иркутской области все чаще встречают медведей у дорог, рядом с населёнными пунктами и в лесу. Полиция и местные власти стараются предупреждать об опасности и привлекают охотников для защиты люд"
bst24bratsk,2026-09-14 06:15,article,Двое погибли и девять человек пострадали в ДТП в Братске и Братском районе за неделю,https://dzen.ru/a/aqeRid8hLg35g8KT,6,0,43,"Минувшая неделя на дорогах Братска и Братского района унесла жизни двух человек. Ещё девять, включая одного ребёнка, оказались в больнице с травмами. По данным Госавтоинспекции, с 7 по 13 сентября про"
bst24bratsk,2026-09-14 04:45,article,В России будут следить за ценами на 24 продукта питания,https://dzen.ru/a/aqd84N8hLg35g1Oy,8,0,81,"Поход в супермаркет порой оборачивается неприятными сюрпризами на кассе, но скоро выяснить, почему десяток яиц или пакет гречки внезапно взлетели в цене, станет проще. С 1 января 2027 года государство"
bst24bratsk,2026-09-14 04:00,article,Иркутская область – в числе лидеров по профилактике социального сиротства,https://dzen.ru/a/aqdx2EjUgT5jddez,0,0,152,"Иркутская область вошла в число регионов, преуспевших в профилактике социального сиротства и сохранения семьи. Об этом на профильной стратегической сессии в Иркутске заявила глава Фонда защиты детей М"
bst24bratsk,2026-09-14 03:45,article,12 медведей застрелили за неделю в Братске,https://dzen.ru/a/aqdxIUjUgT5jddME,26,0,56,За прошедшую неделю специалисты службы охраны животного мира и местные охотники застрелили в Братске 12 медведей. Об этом сообщает Братская студия телевидения со ссылкой на макс-канал мэра Братска Але
bst24bratsk,2026-09-14 03:15,article,Погода в Братске 15 сентября,https://dzen.ru/a/aqdm1h3cWgqrJSmu,4,0,6,"В ночь на вторник +9°…+11°, днём +13°…+15°, пасмурно. Ветер восточный, до 10,8 м/с. Атмосферное давление – 716 мм рт. ст."
bst24bratsk,2026-09-14 01:35,article,Рейды по контролю за соблюдением миграционного законодательства прошли в Иркутске,https://dzen.ru/a/aqdQ4t8hLg35gnkY,7,0,51,В Иркутске прошли рейды по контролю за соблюдением миграционного законодательства. Об этом сообщает ИА «БСТ» со ссылкой на пресс-службу ГУ МВД России по Иркутской области. Совместную операцию провели 
bst24bratsk,2026-09-13 13:00,article,Гороскоп на 14 сентября: для кого этот день будет весёлым,https://dzen.ru/a/aqafG98hLg35f2St,162,1,47,"♈️ Овны, в этот день повезёт во всём, что касается денег и работы. ♉️ Тельцы, день будет не самым плодотворным, но весёлым. ♊️ Близнецы, ваше твёрдое намерение довести дела до конца поможет успешно и "
bst24bratsk,2026-09-13 11:00,article,"Прокуратура контролирует розыск водителя, сбившего двух подростков в Аларском районе",https://dzen.ru/a/aqaDQ05PhhqP0BKP,9,0,72,"В Аларском районе полицейские ведут розыск водителя, скрывшегося с места ДТП, в котором пострадали двое несовершеннолетних. Прокуратура Аларского района поставила на контроль ход и результаты проверки"
bst24bratsk,2026-09-13 10:00,article,Праздники и народные приметы 14 сентября,https://dzen.ru/a/aqZ0oR3cWgqrIxD6,0,0,108,"Сёмин день. Семён Летопроводец. В этот день почитается память Симеона Столпника, архимандрита Антиохийского, родившегося в середине IV века в Сирии в бедной семье. Услышав великолепное пение в храме, "
bst24bratsk,2026-09-13 09:00,article,«Крайснефть» возобновила продажу бензина в канистры в Приангарье,https://dzen.ru/a/aqZmit8hLg35fl0Z,1,0,36,"С 12 сентября сеть АЗС «Крайснефть» в Иркутской области вновь начала отпускать бензин в тару. Правда, с лимитом – не больше 30 литров на одну машину. Ранее такая возможность была временно недоступна и"
bst24bratsk,2026-09-13 07:00,article,Мотоциклист погиб при столкновении с иномаркой в Ангарске,https://dzen.ru/a/aqZKfoDLTiGUIaPU,11,0,44,"В Ангарске сотрудники Госавтоинспекции выясняют обстоятельства ДТП, в котором погиб водитель мотоцикла. Об этом сообщает Братская студия телевидения со ссылкой на Госавтоинспекцию по Иркутской области"
bst24bratsk,2026-09-13 05:22,article,Женщина погибла при пожаре в посёлке Бохан,https://dzen.ru/a/aqYzT4DLTiGUIW8h,0,0,50,Ночью 13 сентября в посёлке Бохан на улице Балтахинова загорелась лестничная клетка на последнем этаже двухэтажного дома. Об этом сообщает Братская студия телевидения со ссылкой на ГУ МЧС России по Ир
bst24bratsk,2026-09-12 13:00,article,Гороскоп на 13 сентября: кто может рассчитывать на поддержку от звёзд,https://dzen.ru/a/aqVNzIDLTiGUHzEW,121,0,49,"♈️ Овны, появится соблазн бросить начатое на полпути, но не стоит ему поддаваться. ♉️ Тельцы, избегайте неоправданного риска во второй половине дня. ♊️ Близнецы, даже расположенное к пессимизму настро"
bst24bratsk,2026-09-12 10:47,article,Два человека погибли в ДТП с большегрузом в Братском районе,https://dzen.ru/a/aqUuXnOQWXLZnCCV,15,0,57,В Братском районе полицейские устанавливают обстоятельства смертельного ДТП с участием легкового автомобиля и большегруза. Об этом сообщает Братская студия телевидения со ссылкой на МАХ-канал Госавтои
bst24bratsk,2026-09-12 10:00,article,Праздники и народные приметы 13 сентября,https://dzen.ru/a/aqUj7HOQWXLZm-mF,3,0,126,"Куприянов день, Журавлиное вече. Православная церковь в этот день вспоминает святого Киприана Карфагенского, который жил в III веке. Он был епископом Карфагена и прославился как выдающийся богослов; з"
bst24bratsk,2026-09-12 09:00,article,Пожарные Приангарья соревновались в бурятских видах спорта,https://dzen.ru/a/aqUVH2FhSwy0xGzj,2,0,83,В селе Оса прошла Спартакиада по национальным видам спорта среди сотрудников подразделений ФПС ГПС Иркутской области. Об этом сообщает Братская студия телевидения со ссылкой на МАХ-канал ГУ МЧС России
bst24bratsk,2026-09-12 06:36,article,Россиян призвали не паниковать из-за сообщений о вспышке COVID-19 в Таиланде,https://dzen.ru/a/aqT00xiP9hd_IlS7,4,0,59,"Сообщения о якобы аномальной вспышке коронавируса в Таиланде не соответствуют действительности. Об этом заявили в Ассоциации туроператоров России, сообщает Братская студия телевидения со ссылкой на ТА"
bst24bratsk,2026-09-12 05:00,article,ДТП с машиной скорой помощи в Тайшете: трое пострадавших,https://dzen.ru/a/aqTdPmFhSwy0w0p5,6,0,54,В Тайшете сотрудники Госавтоинспекции устанавливают обстоятельства ДТП с участием машины скорой медицинской помощи. Авария произошла вчера утром на пересечении улиц Ленина и Пушкина. Об этом сообщает 
bst24bratsk,2026-09-12 03:45,article,Банк России сохранил ключевую ставку на уровне 14%,https://dzen.ru/a/aqTNu2FhSwy0wvo-,2,0,77,"Вчера, 11 сентября, Банк России впервые с апреля 2025 года взял паузу и оставил ключевую ставку без изменений – на уровне 14% годовых. Об этом сообщает ИА «БСТ» со ссылкой на пресс-службу Банка России"
bst24bratsk,2026-09-11 13:00,article,Гороскоп на 12 сентября: кому нужно выполнить обещания,https://dzen.ru/a/aqP76HOQWXLZlYTv,68,1,39,"♈️ Овны, пришло время знакомств, которые поменяют вашу жизнь. ♉️ Тельцы, вы встанете на место того, кого долго не могли понять. ♊️ Близнецы, покажите близким, что вы готовы к компромиссам. ♋️ Раки, сд"
bst24bratsk,2026-09-11 12:58,article,Глава Минпромторга Алиханов рассказал о планах по участию Индии в Ангаро-Енисейском кластере,https://dzen.ru/a/aqP76IDLTiGUG5Ok,6,0,90,"Индийский бизнес присматривается к Сибири. По словам министра промышленности и торговли РФ Антона Алиханова, прорабатывается участие индийских компаний в развитии Ангаро-Енисейского кластера. Об этом "
bst24bratsk,2026-09-11 12:50,video_long,Первая в стране конференция «Труженики тыла СВО» прошла в Иркутске,https://dzen.ru/video/watch/6aa3f854df4bf32752511739,7,0,184,
bst24bratsk,2026-09-11 12:49,video_long,"Уже минус 2,5 миллиарда в год – и Приангарью грозит дополнительная нагрузка из-за соглашения с Тывой",https://dzen.ru/video/watch/6aa3f871b24b606060f96703,66,0,174,
bst24bratsk,2026-09-11 12:48,video_long,Какие люди работают в компании «Иркутскэнергосбыт»? Расскажем на примере Екатерины Зинченко,https://dzen.ru/video/watch/6aa3f83e6908f72c726e7db7,16,0,247,
bst24bratsk,2026-09-11 12:05,article,«Охота на дикарей»: чувствуют себя на своём месте,https://dzen.ru/a/aqPu_mFhSwy0vhoj,4,0,9,Автомобильному этикету многим ещё учиться и учиться. Вы стали свидетелем похожего хамского поведения? Отправляйте фотографии нарушителей нам в мессенджере «Макс» по номеру 8 924 600-72-34.
bst24bratsk,2026-09-11 11:25,article,Директор Братского драмтеатра Любовь Кудряшова рассказала о подготовке «Крейцеровой сонаты»,https://dzen.ru/a/aqPnUBiP9hd_H1vm,0,0,82,Братский драматический театр поставит «Крейцерову сонату» благодаря победе во Всероссийском конкурсе. Его проводили Министерство культуры Российской Федерации и организация «Русские сезоны» в честь 20
bst24bratsk,2026-09-11 11:00,article,Праздники и народные приметы 12 сентября,https://dzen.ru/a/aqPgvoDLTiGUG0P6,0,0,101,"Александр Сытник. В этот день отмечается важный православный праздник – перенесение мощей благоверного князя Александра Невского, защитника Руси. В памяти народа навсегда остались два его значительных"
bst24bratsk,2026-09-11 10:35,article,Какие люди работают в компании «Иркутскэнергосбыт»? Расскажем на примере Екатерины Зинченко,https://dzen.ru/a/aqPZtGFhSwy0vZ70,3,0,180,"Хрупкая и миниатюрная – так можно подумать про Екатерину Зинченко, когда встречаешь её впервые. Однако не судите книгу по обложке. Одна из ролей братчанки, которую хочется раскрыть – спортсменка. В 20"
bst24bratsk,2026-09-11 10:15,article,"Уже минус 2,5 миллиарда в год – и Приангарью грозит дополнительная нагрузка из-за соглашения с Тывой",https://dzen.ru/a/aqPVE3OQWXLZlKhB,88,0,125,"Предприниматели и жители Иркутской области преодолевают множество испытаний из-за экономической ситуации в стране. Цены растут, доходы не успевают за ними. По традиции, осенью случится индексация тари"
bst24bratsk,2026-09-11 10:05,article,Первая в стране конференция «Труженики тыла СВО» прошла в Иркутске,https://dzen.ru/a/aqPUX3OQWXLZlKO7,3,0,130,"Первая в стране конференция «Труженики тыла СВО» прошла в Иркутске. Посвятили её общественному признанию работников предприятий региона. Они выступили перед залом, представили свои достижения и расска"
bst24bratsk,2026-09-11 09:38,article,Жителя Братска осудили на три года колонии за хранение и продажу боеприпасов,https://dzen.ru/a/aqPMV4DLTiGUGwmx,5,0,76,"К реальному лишению свободы и штрафу на полмиллиона рублей приговорили 46-летнего жителя Братска, которого уличили в продаже охотничьего пороха по объявлению. Об этом сообщает Братская студия телевиде"
bst24bratsk,2026-09-11 08:46,article,Ещё один человек погиб от лап медведя в лесу в Красноярском крае,https://dzen.ru/a/aqPBjWFhSwy0vRrA,27,0,68,11 случай гибели человека от лап медведя с начала года зарегистрировали в России. На этот раз жертвой зверя пал 40-летний мужчина в Красноярском крае. Об этом сообщает ИА «БСТ» со ссылкой на портал «Г
bst24bratsk,2026-09-11 07:27,article,43-летняя жительница Ангарска пострадала при пожаре из-за неисправной проводки,https://dzen.ru/a/aqOuKMWGh2NiGQHa,1,0,47,"Короткое замыкание проводки, случившееся за шкафом в квартире, привело к ночному пожару в 95 квартале Ангарска. 43-летнюю женщину госпитализировали с отравлением угарным газом. Об этом сообщает ИА «БС"
bst24bratsk,2026-09-11 06:40,article,На улице Комсомольской в Братске на зебре сбили 11-летнюю девочку,https://dzen.ru/a/aqOlW6KBtmtjPbP8,11,0,52,"Ещё одно ДТП на пешеходном переходе, в котом пострадал ребёнок, случилось накануне в Центральном районе Братска. Об этом сообщает Братская студия телевидения со ссылкой на ОГАИ МУ МВД России «Братское"
bst24bratsk,2026-09-11 06:29,article,От «надо выпить» до «я не пью»: путь к трезвости шаг за шагом,https://dzen.ru/a/aqOnB6KBtmtjPbzB,34,0,352,"Алкоголь остаётся одной из главных причин преждевременной смертности, и масштаб проблемы по-прежнему недооценивается. Врач-психиатр-нарколог Иркутского областного психоневрологического диспансера Ната"
bst24bratsk,2026-09-11 06:24,article,"В Иркутске осудили рецидивиста за кражу 3 млн рублей, не доставшихся мошенникам",https://dzen.ru/a/aqOf66KBtmtjPZaI,2,0,102,"Ленинский районный суд Иркутска поставил точку в истории, похожей на сценарий плохого фильма. Он приговорил 48-летнего местного жителя к лишению свободы за кражу пакета с пачками наличных. Об этом соо"
bst24bratsk,2026-09-11 05:47,article,Юных жителей Братска приглашают приложить руку к созданию мозаичного панно в Энергетике,https://dzen.ru/a/aqOXfaKBtmtjPWZ8,0,0,81,"Уникальная возможность оставить свой след в истории родного города будет в это воскресенье у юных жителей Братска. 13 сентября с 13:00 до 17:00 на улице Наймушина, 54, около здания ЗАГСа и плотины ГЭС"
bst24bratsk,2026-09-11 05:09,article,От руды до смартфона: как сибирские металлы свяжут Россию и Индию,https://dzen.ru/a/aqOOQsWGh2NiGFX8,5,1,239,"Без редких и редкоземельных металлов сегодня не собрать ни современный смартфон, ни электромобиль. Эти ресурсы давно перестали быть просто сырьём – теперь на них держится технологическая независимость"
bst24bratsk,2026-09-11 04:35,article,"«О, кино!»: комедия абсурда от Гайдая и мелодрамы на БСТ24",https://dzen.ru/a/aqOGxcSWjwEs1JwE,2,0,99,"Вечером в пятницу мы покажем последнюю режиссёрскую работу Леонида Гайдая. В фильме есть все популярные в начале девяностых годов персонажи анекдотов – от Ленина и Сталина, до Рабиновича и Хрущёва. Де"
bst24bratsk,2026-09-11 04:16,article,Пенсионерка без прав сбила 2 детей на переходе в Ангарске. 5-летний мальчик погиб,https://dzen.ru/a/aqOBIsSWjwEs1Iuj,19,0,89,"Уголовное дело возбудили в Ангарске по факту смертельного ДТП на пешеходном переходе. Под колёсами автомобиля погиб пятилетний мальчик, а его 11-летняя двоюродная сестра получила травмы и попала в бол"
bst24bratsk,2026-09-11 03:45,article,Глава Дирекции капитального строительства и ремонта Братска Степан Фурсов покидает пост,https://dzen.ru/a/aqN7VaKBtmtjPM1L,4,0,23,Кадровые изменения в городской администрации продолжаются. Глава муниципальной Дирекции капитального строительства и ремонта Братска Степан Фурсов в ближайшее время покинет свой пост. Эту информации Б
bst24bratsk,2026-09-11 03:20,article,Погода в Братске 12–14 сентября,https://dzen.ru/a/aqN0O8SWjwEs1GPC,5,0,20,"В ночь на субботу +4°…+10°, днём +13°…+15°, облачно с прояснениями. Ветер восточный, до 8,1 м/с. Атмосферное давление – 727 мм рт. ст. В ночь на воскресенье +8°…+10°, днём +14°…+17°, облачно с проясне"
bst24bratsk,2026-09-11 03:13,article,Прокуратура Братского района помогла ветерану СВО вернуть задержанную зарплату с процентами,https://dzen.ru/a/aqNyE8WGh2NiF7JY,10,0,50,Права ветерана спецоперации защитили сотрудники Прокуратуры Братского района. Мужчина обратился с заявлением о задержке зарплаты и неправильных начислениях. Об этом сообщает Братская студия телевидени
bst24bratsk,2026-09-11 02:57,article,67-летняя жительница Иркутска расцарапала лицо полицейскому и получила штраф,https://dzen.ru/a/aqNuLcWGh2NiF5-3,13,0,53,"За преступления против представителя власти, находящегося при исполнении, оштрафовали пожилую жительницу Ново-Ленино в Иркутске. Об этом сообщает ИА «БСТ» со ссылкой на объединенную пресс-службу судов"
bst24bratsk,2026-09-11 01:33,article,В Братске из-за грозы отключилось электроснабжение и падали деревья,https://dzen.ru/a/aqNe2cWGh2NiF17M,19,0,68,"Коммунальные службы в Братске приступили к устранению последствий небывалой сентябрьской грозы. Молнии, бившие прямо в город, ливень и шквалистый ветер нанесли разрушения. Об этом сообщает Братская ст"
bst24bratsk,2026-09-10 13:00,article,Гороскоп на 11 сентября: кому нужно действовать интуитивно,https://dzen.ru/a/aqKsnu6e4WkGB_zL,107,0,45,"♈️ Овны, ждите получения ценной информации от старых знакомых. ♉️ Тельцы, в этот день аргументы и доводы здравого смысла потерпят неудачу – действуйте интуитивно. ♊️ Близнецы, трудности будут связаны "
bst24bratsk,2026-09-10 12:39,video_long,Неврологическое и кардиологическое отделение ГБ №5 получили почётную награду Минздрава Приангарья,https://dzen.ru/video/watch/6aa2a4561a199a5a9dc091e6,4,0,146,
bst24bratsk,2026-09-10 12:38,video_long,Стелу в память о погибших участниках СВО открыли на ветеранском кладбище Братска,https://dzen.ru/video/watch/6aa2a465a710e26cc8caac05,37,0,178,
bst24bratsk,2026-09-10 12:37,video_long,Благодаря компании Эн+ на дороге на ГЭС уже укладывают новый асфальт,https://dzen.ru/video/watch/6aa2a447cbe4c04136875a85,35,0,98,
bst24bratsk,2026-09-10 11:45,article,Сообщество БСТ «ВКонтакте» – в тройке лучших по России,https://dzen.ru/a/aqKbB6KBtmtjN-WL,0,0,23,"Свежий топ региональных телеканалов, представленных в ВК, опубликовал федеральный отраслевой канал New Media. По итогам августа сообщество Братской студии телевидения занимает второе место по суммарно"
bst24bratsk,2026-09-10 11:17,article,Благодаря компании Эн+ на дороге на ГЭС уже укладывают новый асфальт,https://dzen.ru/a/aqKRHhwIljOW5ML2,3,0,78,Укладка асфальта – важный и видимый этап всех работ. Сейчас подрядная организация застилает новое покрытие на участке от «Огней Баку» в сторону станции по правой полосе. Всего новый асфальт появится н
bst24bratsk,2026-09-10 10:55,article,Профессиональный гид рассказала о прогулках по Братску в прямом эфире на БСТ24,https://dzen.ru/a/aqKM7u6e4WkGB4q0,6,0,109,"Привлекателен ли Братск для туристов? Какие экскурсии здесь проводят? По каким местам стоит провести любителей путешествий, чтобы им было интересно? Самые внимательные зрители БСТ24 уже знают ответы н"
bst24bratsk,2026-09-10 10:35,article,Стелу в память о погибших участниках СВО открыли на ветеранском кладбище Братска,https://dzen.ru/a/aqKLEBwIljOW5JlD,2,0,123,"В память о тех, кто отдал свои жизни, сражаясь за Родину. На ветеранском кладбище Братска открыли стелу в честь погибших на спецоперации бойцов. Возложить цветы к монументу пришли их родные и друзья, "
bst24bratsk,2026-09-10 10:25,article,"«Гид по выходным»: космический фестиваль, сибирская живопись и кинопокушение на Наполеона",https://dzen.ru/a/aqKGu8SWjwEs0dkH,3,0,207,"Начать выходные предлагаем не только весело, но и познавательно. 12 сентября в ТКЦ «Братск-Арт» пройдет «РУСАЛ фестиваль#НАУКА». Юбилейный десятый сезон проекта для детей посвятили космосу, ведь ровно"
bst24bratsk,2026-09-10 10:05,article,Неврологическое и кардиологическое отделения ГБ № 5 получили почётную награду Минздрава Приангарья,https://dzen.ru/a/aqKB5qKBtmtjNz0Z,4,0,104,В Иркутске состоялась пятая областная научно-практическая конференция медиков. Обсуждали важное – снижение смертности от болезней системы кровообращения и повышение качества медицинской помощи. Это за
bst24bratsk,2026-09-10 09:54,article,Братчан приглашают на открытие нового сквера и спортплощадки у школы № 43 в Осиновке,https://dzen.ru/a/aqJ__6KBtmtjNy_y,5,0,79,"Жителей Братска приглашают на праздничное открытие нового сквера и спортивной площадки у школы № 43 и стадиона «Локомотив» в Осиновке. Оно состоится 11 сентября, в 17:00 – сообщает Братская студия тел"
bst24bratsk,2026-09-10 09:20,article,Отопление в Братске планируют включить 17 сентября,https://dzen.ru/a/aqJ3TsSWjwEs0Z5N,5,0,25,"Подключение объектов к теплоснабжению начнётся четверг, 17 сентября. Соответствующее постановление подписал мэр Братска Александр Дубровин – сообщает Братская студия телевидения. В первую очередь тепл"
bst24bratsk,2026-09-10 09:11,article,82-летнюю жительницу Боханского района будут судить за убийство бродячей собаки,https://dzen.ru/a/aqJ1VxwIljOW4_Su,8,1,56,Необычное дело о жестоком обращении с животным рассмотрит суд в Боханском районе. Обвиняемой 82 года. А её жертвой стала бродячая собака. Об этом сообщает ИА «БСТ» со ссылкой на пресс-службу ГУ МВД по
bst24bratsk,2026-09-10 08:49,article,Подростки в Тулуне подожгли диван на лестничной площадке – пострадал один из жильцов,https://dzen.ru/a/aqJvmBwIljOW48gv,12,0,74,"«Детская шалость» или целенаправленное вредительство? В Тулуне подростки устроили пожар в подъезде многоквартирного дома. В результате один из жильцов попал в больницу, надышавшись угарным газом. Об э"
bst24bratsk,2026-09-10 08:20,article,Мечта братчан воплотилась в жизнь: на улице Пихтовой появилась спортплощадка,https://dzen.ru/a/aqJqV8SWjwEs0Wv5,3,0,81,Мечта жителей Центрального района стала реальностью. По инициативе братчан в рамках проекта «Есть решение» на улице Пихтовой появилась новая спортплощадка. Накануне работы принимала комиссия. Подрядна
bst24bratsk,2026-09-10 08:01,article,"Наркоторговцев, которые продавали вахтовикам гашиш, осудили в Жигаловском районе",https://dzen.ru/a/aqJk3sSWjwEs0Vbt,17,0,84,Поставщиков алкоголя и наркотиков в отдалённый вахтовый посёлок на севере Иркутской области осудили в Жигаловском районе. Об этом сообщает ИА «БСТ» со ссылкой на пресс-службу ГУ МВД по Иркутской облас
bst24bratsk,2026-09-10 06:18,article,11 и 23 сентября ГАИ проведёт в Братске и Братском районе операцию «Внимание – пешеход!»,https://dzen.ru/a/aqJL_sSWjwEs0P4w,1,0,66,"Рейды для предотвращения дорожно-транспортных происшествий с пешеходами пройдут завтра в Братске и Братском районе. И продолжатся в среду, 23 сентября. Об этом сообщает Братская студия телевидения со "
bst24bratsk,2026-09-10 06:05,article,18-летний мотоциклист пострадал в ДТП в Братске,https://dzen.ru/a/aqJJtMSWjwEs0PYq,8,0,38,"Мотоциклист пострадал в ДТП в Братске. Авария произошла в среду, 9 сентября, в Центральном районе – напротив дома №29 по улице Гагарина. Столкнулись «Лада 4х4» и питбайк «Ирбис». По предварительным да"
bst24bratsk,2026-09-10 04:45,article,В Братске решили задним числом узаконить глэмпинг в Курчатовском микрорайоне,https://dzen.ru/a/aqI4TRwIljOW4jXI,26,0,206,"Узаконить работу глэмпинга, построенного буквально через забор от частных домов, пытаются в Центральном районе Братска. На окраине Курчатовского микрорайона, практически на берегу водохранилища, уже н"
bst24bratsk,2026-09-10 04:34,article,В Иркутском районе начали вакцинацию скота от узелкового дерматита,https://dzen.ru/a/aqI0MhwIljOW4hh2,6,0,134,Накануне в населённых пунктах Иркутского района началась экстренная вакцинация сельхозживотных от заразного узелкового дерматита (ЗУД). Об этом сообщает ИА «БСТ» со ссылкой на страницу губернатора Ирк
bst24bratsk,2026-09-10 03:15,article,Погода в Братске 11 сентября,https://dzen.ru/a/aqIg8BwIljOW4Zlo,2,0,7,"В ночь на пятницу +11°…+14°, небольшой дождь. Днём +14°, +15°, облачно с прояснениями. Ветер северный, до 11,2 м/с. Атмосферное давление – 725 мм рт. ст."
bst24bratsk,2026-09-09 13:00,article,Гороскоп на 10 сентября: для кого спокойствие – лучший советчик,https://dzen.ru/a/aqFaK6KBtmtjLzI2,118,1,42,"♈️ Овны, в этот день вы сможете свернуть горы и достичь невероятных высот. ♉️ Тельцы, звёзды советуют изменить манеру общения с некоторыми людьми. ♊️ Близнецы, ожидается встреча с человеком, который п"
bst24bratsk,2026-09-09 12:55,video_long,Лихач на «Тойоте» снес 20-летние ели у строительного рынка в Братске,https://dzen.ru/video/watch/6aa15517416dbe541a3777e7,85,0,144,
bst24bratsk,2026-09-09 12:54,video_long,Начальник департамента физкультуры Братска рассказал о привлечении горожан к спорту,https://dzen.ru/video/watch/6aa15540fec3474671e16c7f,2,0,101,
bst24bratsk,2026-09-09 12:54,video_long,Перед выбором: в Братск доставили бюллетени для голосования,https://dzen.ru/video/watch/6aa1554f9da840128ec96445,12,0,157,
bst24bratsk,2026-09-09 12:53,video_long,Энергетики Эн+ рассказали о подготовке к отопительному сезону в Братске,https://dzen.ru/video/watch/6aa15577ec8140424271da2b,42,0,223,
bst24bratsk,2026-09-09 12:49,video_long,Экономика с выносливостью верблюда: о чём спорят экономисты с Центробанком и при чём тут платёжки за свет,https://dzen.ru/video/watch/6aa15566bc67b66a3dc701ea,5,0,274,
bst24bratsk,2026-09-09 12:36,article,"Автохамы Братска: водитель, которому не хватило терпения, и ленивые пешеходы",https://dzen.ru/a/aqFQKqKBtmtjLssM,5,0,24,"Водитель иномарки, ехавший по улице Янгеля, видимо, очень торопился. Ему не хватило терпения, чтобы подождать десять секунд и спокойно ехать дальше по своим делам. Прошло немного времени, как на пути "
bst24bratsk,2026-09-09 12:16,article,Экономика с выносливостью верблюда: о чём спорят экономисты с Центробанком и при чём тут платёжки за свет,https://dzen.ru/a/aqFM4MSWjwEszISb,4,0,195,"Эксперты ВЭФа напомнили, что экономика – это наука о том, как максимально эффективно пользоваться ограниченными ресурсами. На примере бизнеса – если одному предприятию обеспечить поддержку государства"
bst24bratsk,2026-09-09 12:00,article,Энергетики Эн+ рассказали о подготовке к отопительному сезону в Братске,https://dzen.ru/a/aqFM8KKBtmtjLqsJ,3,0,161,"Подготовка к зиме в этом году стала для энергетиков ещё и масштабным этапом обновления теплосетей. Инвестиционная программа в Братске составила рекордные 1,6 млрд рублей. Более 321 млн рублей направил"
bst24bratsk,2026-09-09 11:05,article,"Разрушить легко, восстановить трудно: лихач на «Тойоте» снес 20-летние ели у строительного рынка в Братске",https://dzen.ru/a/aqE-d6KBtmtjLhbQ,22,0,100,"В дорожной аварии в Братске погибли. .. ели. Водитель-лихач снёс шесть деревьев рядом со строительным рынком на Индустриальном проезде. ДТП произошло ранним утром субботы, 6 сентября. Водитель автомоб"
bst24bratsk,2026-09-09 11:00,article,Праздники и народные приметы 10 сентября,https://dzen.ru/a/aqE-d6KBtmtjLhbS,0,0,113,"Анна и Савва Скирдники. В этот день отмечается память двух святых: Анны Пророчицы и Саввы Крыпецкого. Святая Анна из Иерусалима была благочестивой вдовой, которая вместе со святым Симеоном Богоприимце"
bst24bratsk,2026-09-09 10:55,article,Начальник департамента физкультуры Братска рассказал о привлечении горожан к спорту,https://dzen.ru/a/aqE748SWjwEsy9TD,0,0,80,"Для Романа Сторожко прямой эфир на БСТ24 стал дебютным. Опыт новый и интересный, признаётся гость. Самое главное – остались только положительные впечатления. За час в программе «Утро бодрого режима» г"
bst24bratsk,2026-09-09 10:45,article,Перед выбором: в Братск доставили бюллетени для голосования,https://dzen.ru/a/aqE5CMSWjwEsy7d-,0,0,101,Утром 9 сентября под охраной фельдъегеря «Спецсвязь» в город доставили ценный груз из нескольких сотен упаковок избирательных бюллетеней. Сейчас пачки хранятся в архиве Братской территориальной избира
bst24bratsk,2026-09-09 10:20,article,Подозреваемого в преступлении разыскивают в Братске,https://dzen.ru/a/aqE1BsSWjwEsy5LH,13,0,30,"Сотрудники следственного комитета Братска продолжают поиски человека, причастного к гибели местного жителя. Трагедия произошла осенью 2025 года в Центральном районе. Тогда неизвестные жестоко избили у"
bst24bratsk,2026-09-09 09:32,article,Администрацию Братска через суд обязали убрать фундаменты 3 расселённых домов в Падуне,https://dzen.ru/a/aqEqK6KBtmtjLU7A,10,0,151,Убрать до конца года фундаменты и прочие останки расселённых по программе переселения домов обязала мэрию Братска через суд Прокуратура Падунского района. Об этом сообщили представители надзорного орг
bst24bratsk,2026-09-09 07:45,article,"Дальнобойщика из Томской области, который ездил с поддельными правами, осудили в Заларях",https://dzen.ru/a/aqEO-sSWjwEsyhOl,173,0,96,"Семь месяцев ограничения свободы получил по приговору Заларинского районного суда дальнобойщик из Томской области. Мужчина, лишённый водительских прав, не захотел терять работу и купил поддельное удос"
bst24bratsk,2026-09-09 07:15,article,Погода в Братске 10 сентября,https://dzen.ru/a/aqEJz6KBtmtjLArL,2,0,7,"В ночь на четверг +14°…+18°, днём +19°…+21°, облачно с прояснениями. Ветер северо-западный, до 16,8 м/с. Атмосферное давление – 724 мм рт. ст."
bst24bratsk,2026-09-09 06:55,article,Братский драмтеатр стал победителем Всероссийского конкурса постановок по Льву Толстому,https://dzen.ru/a/aqEDlMSWjwEsyaOB,1,0,68,Режиссёр из Краснодара Елена Журавлёва поставит в Братском драматическом театре «Крейцерову сонату» Льва Толстого. Средства на подготовку спектакля выделит Министерство культуры РФ. Драмтеатр вошёл в 
bst24bratsk,2026-09-09 04:58,article,6 сообщений о медведях поступили из деревень и СНТ в ЕДДС Братского района за сутки,https://dzen.ru/a/aqDoMKKBtmtjKsYn,40,0,74,"Шесть сообщений о выходах медведей за минувшие сутки поступило в ЕДДС Братского района. Зверей видели на улице деревни Бада, в деревне Барчим, а также в дачных кооперативах «Восход», «Лесохимик» и СНТ"
bst24bratsk,2026-09-09 03:55,article,Почётный металлург Олег Матюхин: «БрАЗ – это стабильность»,https://dzen.ru/a/aqDaz6KBtmtjKlVi,3,0,129,"Олег Николаевич Матюхин – электролизник БрАЗа, которому в 2026 году присвоено звание «Почётный металлург». Он работает на БрАЗе с 1997 года – бессменно в 22‑м корпусе. Начинал электролизником 3‑го раз"
bst24bratsk,2026-09-09 03:40,article,"8 лет воспитательной колонии получил 15-летний житель Шелехова, зарезав 2 человек",https://dzen.ru/a/aqDVr6KBtmtjKiHL,85,0,106,Шелеховский городской суд вынес приговор по резонансному делу о двойном убийстве с особой жестокостью. На скамье подсудимых предстал 15-летний школьник. На момент преступления ему было всего 14. Об эт
bst24bratsk,2026-09-09 02:35,article,17 октября в Братске вновь пройдут состязания по бегу «Царь горы»,https://dzen.ru/a/aqDGN8SWjwEsx2vD,2,0,62,Царя и царицу горы в очередной раз определят в Братске 17 октября. Состязания по бегу вверх по горнолыжному склону традиционно пройдут на горнолыжной трассе горы Пихтовой [6+]. Об этом сообщает Братск
bst24bratsk,2026-09-08 13:45,article,8 сентября – Международный день грамотности,https://dzen.ru/a/aqATAqKBtmtjI0P3,3,0,80,"Сегодня 60-ая годовщина праздника, который отмечается ежегодно 8 сентября – «Международный день грамотности». Его миссия напомнить о важности образования для развития общества. Грамотность, как и мног"
bst24bratsk,2026-09-08 13:35,article,«Бабье лето» в Братске: какой погода будет до конца сентября?,https://dzen.ru/a/aqAUqcSWjwEswSmp,12,0,43,"В Братск пришло бабье лето, поэтому в ближайшее время будет стоять тёплая и сухая погода. Однако в районе могут быть осадки. Об этом корреспонденту БСТ рассказала заместитель начальника Иркутского гид"
bst24bratsk,2026-09-08 13:29,video_long,Почему Иркутская область помогает оплачивать энергетику Тывы?,https://dzen.ru/video/watch/6aa00d59bb115c6d8e9aab67,10,0,162,
bst24bratsk,2026-09-08 13:29,video_long,Братчане жалуются на беспорядок во дворах,https://dzen.ru/video/watch/6aa00d364d41ff037705bad6,13,0,280,
bst24bratsk,2026-09-08 13:28,video_long,8 сентября - Международный день грамотности,https://dzen.ru/video/watch/6aa00d27a2884c7a418a4260,8,0,146,
bst24bratsk,2026-09-08 13:00,article,Гороскоп на 9 сентября: кто попадёт в зону повышенного внимания,https://dzen.ru/a/aqAH6sSWjwEswKWE,129,2,40,"♈️ Овны, иногда отступить от своих убеждений бывает очень полезно. ♉️ Тельцы, превосходная возможность выбраться за город представится именно в среду. ♊️ Близнецы, всё идёт хорошо, и ваше оперативное "
bst24bratsk,2026-09-08 12:36,article,Экологическую акцию «360» в Братске перенесли из-за режима повышенной готовности,https://dzen.ru/a/aqAAx6KBtmtjIlVO,2,0,17,Запланированная на 12 сентября в Братске межрегиональная экологическая акция «360» переносится. Решение принято в связи с действующим в городе режимом повышенной готовности из-за участившихся случаев 
bst24bratsk,2026-09-08 12:25,article,Почему Иркутская область помогает оплачивать энергетику Тывы?,https://dzen.ru/a/ap__t6KBtmtjIkjZ,4,0,117,"Механизм появился после изменения системы тарифного регулирования в 2024 году. Для Тывы были введены единые тарифы на услуги по передаче электроэнергии с Иркутской областью. По данным специалистов, об"
bst24bratsk,2026-09-08 12:15,article,«Добро пожаловаться»: Братчане жалуются на беспорядок рядом с домами,https://dzen.ru/a/ap__m8SWjwEswCEY,8,1,177,"В редакцию Братской студии телевидения обратился житель улицы Приморской. Он крайне обеспокоен скоплением мусора рядом с его домом. Наша съёмочная группа побывала на месте, а заодно выяснила, кто долж"
bst24bratsk,2026-09-08 11:05,article,Ремонт дорог по улице Янгеля и Гагарина в Братске продолжается,https://dzen.ru/a/ap_ti6KBtmtjIZoT,2,0,34,"Ремонт дорог на улице Янгеля и Гагарина продолжается. Так, на первом участке к работе приступили в конце июля. На отрезке от перекрёстка с Комсомольской в сторону Телецентра за месяц уложили первый сл"
bst24bratsk,2026-09-08 11:00,article,Праздники и народные приметы 9 сентября,https://dzen.ru/a/ap_tfsSWjwEsv3JT,0,0,112,Анфиса Рябинница. Два Пимена. В этот день почитаются два святых с именем Пимен – Пимен Великий и Пимен Палестинский. Пимен Великий родился в Египте около 340 года. В молодости он ушёл в Скитский монас
bst24bratsk,2026-09-08 10:45,article,Итоги муниципального этапа конкурса инициативных проектов подвели в Братске,https://dzen.ru/a/ap_ti6KBtmtjIZoR,0,0,49,"20 идей братчан по благоустройству города выдвинут на областной этап конкурса инициативных проектов. Об этом сообщили на заседании комиссии, в которую входят сотрудники администрации и депутаты городс"
bst24bratsk,2026-09-08 09:47,article,10 сентября в Братске ненадолго заработают сирены и громкоговорители,https://dzen.ru/a/ap_Z_8SWjwEsvrFq,2,0,17,Послезавтра в Братске вновь состоится проверка работоспособности сирен и громкоговорителей. В период с 10:00 до 16:30 специалисты будут ненадолго включать оборудование в разных районах. Жителей призыв
bst24bratsk,2026-09-08 09:36,article,Около 400 звонков о выходе медведей к жилью поступило в полицию от жителей Братска,https://dzen.ru/a/ap_YEqKBtmtjIMlU,8,0,161,Внеочередное заседание комиссии по предупреждению и ликвидации чрезвычайных ситуаций состоялось в администрации Братска. Поводом для него снова стали выходы медведей в город и дачные кооперативы. Об э
bst24bratsk,2026-09-08 08:32,article,Братск проводил ещё пятерых добровольцев на военную службу,https://dzen.ru/a/ap_HEMSWjwEsvh3v,4,0,54,Каждую неделю добровольцы из Братска отправляются на военную службу. Во вторник утром у здания администрации проводили ещё пятерых мужчин. Вместе с ними были их родные и друзья. Земляков напутствовали
bst24bratsk,2026-09-08 08:10,article,На века строить не получается: на стадионе «Космос» в Братске сломали забор,https://dzen.ru/a/ap_FFsSWjwEsvg6k,5,0,54,"Стадион «Космос» вновь попал под удар – там в буквальном смысле снесли забор. В редакцию Братской студии телевидения обеспокоенные жители прислали фотографии, на которых видно, что конструкция вырвана"
bst24bratsk,2026-09-08 07:40,article,Компенсации за изъятый скот жителям Иркутского района начнут выплачивать на этой неделе,https://dzen.ru/a/ap-9ZMSWjwEsvc8F,37,0,254,"2 сентября в Иркутской области официально сняли карантинные ограничения, введённые в 2024 году из-за случаев заболевания домашнего скота пастереллёзом (инфекция, с которой связывали изъятие и уничтоже"
bst24bratsk,2026-09-08 05:05,article,9-10 сентября в Братске и Братском районе ГАИ проведёт операцию «Злостный неплательщик»,https://dzen.ru/a/ap-YRKKBtmtjHuEF,2,0,45,Завтра сотрудники Госавтоинспекции в очередной раз займутся выявлением должников по штрафам на дорогах Братска и Братского района. Об этом сообщает Братская студия телевидения со ссылкой на ОГАИ МУ МВ
bst24bratsk,2026-09-08 04:07,article,На границе с Монголией зафиксировали землетрясение интенсивностью 6 баллов в эпицентре,https://dzen.ru/a/ap-KSKKBtmtjHnRO,3,0,29,"Подземные толчки зафиксировали сегодня ночью в Тункинском районе Бурятии. Эпицентр находился неподалёку от посёлка Монды, в предгорье Восточного Саяна, у границы с Монголией. Об этом сообщает ИА «БСТ»"
bst24bratsk,2026-09-08 03:30,article,Мемориальную доску старшей медсестре Ангелине Савиной установят в Городской больнице № 3,https://dzen.ru/a/ap-CLqKBtmtjHjRh,14,0,30,"Коллектив Братской городской больницы № 3 вышел с инициативой установить мемориальную доску Ангелине Савиной на фасаде учреждения на ул. Мало-Амурской, 71 в Гидростроителе. Старшая медицинская сестра "
bst24bratsk,2026-09-08 03:10,article,"Как справляться со стрессом, если совет «просто меньше стрессуйте» не помогает?",https://dzen.ru/a/ap98wKKBtmtjHgtr,7,0,61,"Как справляться со стрессом, если совет «просто меньше стрессуйте» совсем не помогает? Обсудить это братчан приглашает Ярослав Ашихмин – кандидат медицинских наук, терапевт, кардиолог, специалист по п"
bst24bratsk,2026-09-08 02:59,article,Погода в Братске 9 сентября,https://dzen.ru/a/ap96ZMSWjwEsu8sJ,3,0,7,"В ночь на среду +12°, +13°, небольшой дождь. Днём +18°…+22°, облачно с прояснениями. Ветер западный, до 20,6 м/с. Атмосферное давление – 724 мм рт. ст."
bst24bratsk,2026-09-08 02:51,article,2 медведей застрелили на Зябе и в частном секторе в Правобережном районе Братска,https://dzen.ru/a/ap94-KKBtmtjHe9t,10,0,108,"Братск остаётся в медвежьей осаде. За минувшие сутки оперативные группы охотников и охотоведов ликвидировали ещё двоих медведей, наводивших страх на дачников и жителей частного сектора в Правобережном"
bst24bratsk,2026-09-08 02:51,article,Двух медведей застрелили на Зябе и в частном секторе в Правобережном районе Братска,https://dzen.ru/a/ap94-KKBtmtjHe9o,11,0,107,"Братск остаётся в медвежьей осаде. За минувшие сутки оперативные группы охотников и охотоведов ликвидировали ещё двоих медведей, наводивших страх на дачников и жителей частного сектора в Правобережном"
bst24bratsk,2026-09-08 01:49,article,К 2031 году население Братска может составить менее 210 тысяч человек,https://dzen.ru/a/ap9qM6KBtmtjHYKk,5,0,110,Очередной прогноз социально-экономического развития Братска на долгосрочный период до 2039 года вынесла на общественное обсуждение администрация города. Оно началось 8 сентября и продлится до 14 сентя
bst24bratsk,2026-09-07 13:18,video_long,Сотрудники промплощадки БрАЗа провели удивительный «Праздник осени»,https://dzen.ru/video/watch/6a9eb92f8869b7562c75ff92,13,0,149,
bst24bratsk,2026-09-07 13:17,video_long,Как обеспечить Сибирь и Дальний Восток электричеством на десятилетия вперед,https://dzen.ru/video/watch/6a9eb91caa37c77db34fafe2,3,0,178,
bst24bratsk,2026-09-07 13:00,article,Гороскоп на 8 сентября: кому не свойственна злость,https://dzen.ru/a/ap62hsSWjwEstYgo,131,1,41,"♈️ Овны, вы удивительным образом окажетесь в нужное время в нужном месте. ♉️ Тельцы, рекомендуется поменьше обращать внимание на мнение окружающих. ♊️ Близнецы, будьте во вторник максимально беспечны "
bst24bratsk,2026-09-07 12:57,article,Сотрудники промплощадки БрАЗа провели удивительный «Праздник осени»,https://dzen.ru/a/ap6xKcSWjwEstVWx,1,0,99,"В этот день здесь не было металлургов и сотрудников подрядных организаций – только пираты, рыболовы, артисты цирка и другие заядлые дачники, которые решили подвести итоги сезона в большой компании. Ку"
bst24bratsk,2026-09-07 12:35,article,Как обеспечить Сибирь и Дальний Восток электричеством на десятилетия вперёд,https://dzen.ru/a/ap6xD8SWjwEstVRO,3,0,105,Сибири и Дальнему Востоку требуется больше энергии. На Восточном экономическом форуме представители энергетики и бизнеса обсудили необходимость найти баланс между инвестициями в ГЭС и развитием теплов
bst24bratsk,2026-09-07 12:25,article,Достучались до каждого. Шоу барабанщиков «ZANOZZZA» в гостях программы «Утро бодрого режима»,https://dzen.ru/a/ap6w-sSWjwEstVPE,2,0,64,7 сентября во Всемирный день барабанщика в студии радио «Шансон» собрались ударники со стажем. Коллективу «Заноза» почти 20 лет. В полном составе – около 40 музыкантов из разных городов России. Выступ
bst24bratsk,2026-09-07 12:11,article,"Классика, современная проза, антиутопии: литературный квиз готовят для братчан",https://dzen.ru/a/ap6o5sSWjwEstQsK,3,0,42,"Знаете, как зовут капитанскую дочку из произведения Пушкина? А какая пытка для Уинстона Смита в 101-й комнате – самая страшная? С лёгкостью назовёте персонажей вселенной Джоан Роулинг, которых не было"
bst24bratsk,2026-09-07 12:00,article,Стелу в память о погибших участниках СВО установят на Ветеранском кладбище Братска,https://dzen.ru/a/ap6o48SWjwEstQrs,5,0,49,"Через пару дней на Ветеранском кладбище Братска появится стела, посвящённая памяти погибших участников СВО. Место под объект уже подготовили, высота вместе с флагштоками составит три метра. Перед уста"
bst24bratsk,2026-09-07 11:45,article,Депутат Заскобрания региона Эдуард Дёмин дал эксклюзивное интервью БСТ24,https://dzen.ru/a/ap6o56KBtmtjFynt,3,0,37,Насколько важно личное общение депутата с избирателями? С какими проблемами чаще всего обращаются жители? Как братчане поддерживают участников специальной военной операции? На эти и другие вопросы отв
bst24bratsk,2026-09-07 11:00,article,Праздники и народные приметы 8 сентября,https://dzen.ru/a/ap6af8SWjwEstIus,6,0,86,"Наталья Овсяница и Адриан Толоконник. В этот день почитаются святая мученица Наталия и её муж Адриан, жившие в начале IV века в Никомидии. Наталия выросла в христианской семье, но вышла замуж за язычн"
bst24bratsk,2026-09-07 10:08,article,Заработала тысячу – потеряла пять тысяч. В Киренске осудили 17-летнюю девушку-дроппера,https://dzen.ru/a/ap6ORMSWjwEstB1V,5,0,98,Мировой суд в Киренске вынес приговор 17-летней пособнице телефонных мошенников. Девушка в поисках заработка за процент согласилась принимать и переводить чужие деньги. Через её банковский счёт прошло
bst24bratsk,2026-09-07 09:27,article,"В Братске планируют ввести требование к минимальной ширине проездов в СНТ в 6,5 метров",https://dzen.ru/a/ap6EeaKBtmtjFejB,14,0,84,"Администрация Братска оповестила о подготовке проекта муниципального правового акта, закрепляющего требования к минимальной ширине улиц и проездов на территории садовых и огородных участков. В случае,"
bst24bratsk,2026-09-07 08:47,article,"В пятницу, 11 сентября, в Братске и Приангарье запретят продавать алкоголь",https://dzen.ru/a/ap57DaKBtmtjFY-c,4,0,39,Отметить Всероссийский день трезвости предлагают в ближайшую пятницу жителям Иркутской области. Но – исключительно безалкогольными напитками! 11 сентября в магазинах региона запретят торговлю спиртным
bst24bratsk,2026-09-07 08:08,article,Мотоциклист и пассажирка авто пострадали в ДТП в выходные в Братске,https://dzen.ru/a/ap5yDcSWjwEssxsv,4,0,58,10 дорожно-транспортных происшествий зарегистрировали в субботу и воскресенье на дорогах Братска и Братского района. Три из них обернулись травмами. Об этом сообщает Братская студия телевидения со ссы
bst24bratsk,2026-09-07 07:53,article,"В Братске задержали водителя, который сбил трёх подростков на переходе и скрылся",https://dzen.ru/a/ap5twcSWjwEssu97,19,0,55,Трое школьников 13-14 лет получили травмы в результате ДТП на нерегулируемом пешеходном переходе в Правобережном районе Братска в минувшую субботу. Об этом сообщает Братская студия телевидения со ссыл
bst24bratsk,2026-09-07 07:32,article,13 нетрезвых водителей остановили за 3 дня на дорогах Братска и Братского района,https://dzen.ru/a/ap5pjKKBtmtjFOWz,0,0,39,Сотрудники Госавтоинспекции подвели итоги массовых проверок водителей на трезвость. 4-6 сентября на дорогах Братска и Братского района выявили 13 нарушителей с признаками опьянения. Об этом сообщает Б
bst24bratsk,2026-09-07 06:48,article,17-летняя девушка пострадала при возгорании на балконе в Усолье-Сибирском. Подозревают поджог,https://dzen.ru/a/ap5eYcSWjwEssmEX,4,0,55,Ночной пожар на балконе омрачил выходные жителям многоквартирного дома на улице Богдана Хмельницкого в Усолье-Сибирском. Об этом сообщает ИА «БСТ» со ссылкой на пресс-службу ГУ МЧС по Иркутской област
bst24bratsk,2026-09-07 06:16,article,В посёлке Прибойный Братского района открыли обновлённый мемориал павшим землякам,https://dzen.ru/a/ap5YOaKBtmtjFEWj,2,0,39,Благодаря областному конкурсу инициативных проектов «Есть решение! » в посёлке Прибойный благоустроили и обновили мемориал погибшим воинам-землякам. Об этом сообщает Братская студия телевидения со ссы
bst24bratsk,2026-09-07 05:08,article,Автором Тотального диктанта-2027 стал писатель Дмитрий Данилов,https://dzen.ru/a/ap5IyKKBtmtjE7RE,5,0,94,"Автором Тотального диктанта-2027 стал писатель, поэт и драматург Дмитрий Данилов. Об этом рассказали организаторы самой популярной образовательной акции в рамках ежегодного онлайн-марафона, посвящённо"
bst24bratsk,2026-09-07 04:07,article,Подстреленный медведь набросился на охотника на окраине Братска,https://dzen.ru/a/ap44qqKBtmtjEyLx,71,0,92,Раненый медведь набросился на охотника в Центральном районе Братска. Об этом сообщает Братская студия телевидения со ссылкой на страницу мэра города Александра Дубровина в социальной сети «ВКонтакте».
bst24bratsk,2026-09-07 04:05,article,Погода в Братске 8 сентября,https://dzen.ru/a/ap44qqKBtmtjEyLz,2,0,7,"В ночь на вторник в Братске +7°…+11°. Днём +15°…+17°, облачно с прояснениями. Ветер западный, до 9,6 м/с. Атмосферное давление – 725 мм рт. ст."
bst24bratsk,2026-09-07 03:43,article,5 взрослых и 3 детей пострадали в ДТП за неделю в Братске и Братском районе,https://dzen.ru/a/ap4ze6KBtmtjEvDI,8,0,69,"На редкость сложной выдалась минувшая неделя для сотрудников Госавтоинспекции. Водители выполнили практически двойную «норму» по количеству нарушений, приводящих к дорожно-транспортным происшествиям. "
bst24bratsk,2026-09-07 03:06,article,В посёлке Карахун Братского района монтируют каркас нового ФАПа,https://dzen.ru/a/ap4riMSWjwEssJZu,0,0,126,До конца года в заморском посёлке Карахун планируют достроить новое быстровозводимое здание фельдшерско-акушерского пункта. Каркас и кровля практически готовы. Об этом сообщает Братская студия телевид
bst24bratsk,2026-09-07 01:19,article,7 сентября на час отключат светофор на перекрёстке федеральной трассы и ул. Наймушина в Братске,https://dzen.ru/a/ap4Rm6KBtmtjEbv6,2,0,31,О запланированном сегодня отключении светофора на оживлённом перекрестке федеральной трассы «Вилюй» предупредила администрация – сообщает Братская студия телевидения. Электронный регулировщик прекрати
bst24bratsk,2026-09-06 13:00,article,Гороскоп на 7 сентября: кто заслужит уважения,https://dzen.ru/a/ap1la6KBtmtjDBTr,154,1,40,"♈️ Овны, помните, что всё меняется к лучшему, хоть и медленно. ♉️ Тельцы, добра от добра не всегда стоит ждать. ♊️ Близнецы, хорошо потрудитесь в этот день – незабываемо отдохнёте завтра. ♋️ Раки, стр"
bst24bratsk,2026-09-06 09:18,article,Миллиард на природу: стартовал приём заявок на экологические гранты 2027 года,https://dzen.ru/a/ap0wYaKBtmtjCndy,16,0,85,"Ученые, экоактивисты и волонтёры могут получить гранты на спасение редких животных и обустройство экотроп. Президентский фонд природы открыл приём заявок на конкурс проектов 2027 года. На кону – 1 мил"
bst24bratsk,2026-09-06 07:00,article,Более 163 тысяч ветеранов труда в Приангарье получают льготы и выплаты,https://dzen.ru/a/ap0Q9cSWjwEsp5Kq,6,0,58,"Ежегодно в первое воскресенье сентября в Иркутской области отмечается День ветерана труда. В 2026 году эта дата выпала на 6 сентября. На сегодняшний день различные льготы и выплаты получают около 163,"
bst24bratsk,2026-09-06 06:14,article,Дорогие кредиты и другие риски 4 %-й инфляции: экономисты Широв и Кувалин о жёсткой политике ЦБ,https://dzen.ru/a/ap0F6sSWjwEspzks,3,0,186,"Мечты о доступной ипотеке или кредите на развитие своего дела, похоже, пока придётся отложить. Центробанк намерен и дальше держать высокие процентные ставки, чтобы сбить инфляцию. Однако ведущие росси"
bst24bratsk,2026-09-06 04:18,article,На ВЭФ-2026 обсудили необходимость теплоэлектростанций для развития Сибири и Дальнего Востока,https://dzen.ru/a/apzrOcSWjwEspmRx,7,0,170,"Сибири и Дальнему Востоку необходимо ещё больше электричества. На Восточном экономическом форуме (ВЭФ-2026), чиновники и энергетики обсуждали, как спасти регион от энергодефицита. Выбор стоит между до"
bst24bratsk,2026-09-06 03:00,article,При пожаре в садовом доме в Усольском районе погибла женщина,https://dzen.ru/a/apzXzaKBtmtjB7kn,4,0,46,Вечером 4 сентября в садоводстве «Архиреевка-4» загорелся садовый дом. Об этом сообщает Братская студия телевидения со ссылкой на ГУ МЧС России по Иркутской области. Сообщение о возгорании поступило н
bst24bratsk,2026-09-06 01:00,article,Пациент погиб при пожаре в Железногорске-Илимском,https://dzen.ru/a/apz3tMSWjwEspsW_,3,0,55,"5 сентября в психоневрологическом отделении Железногорской районной больницы произошло возгорание, в результате которого погиб 54-летний пациент. По данному факту следственный отдел по Нижнеилимскому "
bst24bratsk,2026-09-05 13:00,article,Гороскоп на 6 сентября: кому нужно быть лояльным,https://dzen.ru/a/apwTDqKBtmtjAUv5,125,1,40,"♈️ Овны, получится заложить неплохую материальную базу для грядущего отпуска. ♉️ Тельцы, день на редкость удачный для разного рода встреч и бесед. ♊️ Близнецы, последнее веское слово будет обязательно"
bst24bratsk,2026-09-05 09:00,article,Черемхово присвоено почётное звание «Город трудовой доблести»,https://dzen.ru/a/apvcT6KBtmtj_5hK,2,0,65,"4 сентября на заседании Российского организационного комитета «Победа» под председательством Президента Владимира Путина Черемхово вошёл в число 12 городов, удостоенных почётного звания «Город трудово"
bst24bratsk,2026-09-05 05:52,article,Семья с двумя детьми эвакуировалась из горящего дома в Иркутске,https://dzen.ru/a/apu3A8SWjwEsnG2L,7,0,29,"Ночью 4 сентября в Иркутске на улице Дмитрия Донского загорелся частный дом. Сообщение о пожаре поступило в МЧС, к месту были направлены 14 огнеборцев и 4 единицы техники. Об этом сообщает Братская ст"
bst24bratsk,2026-09-05 05:31,article,Двоих мужчин будут судить за незаконную добычу криптовалюты в Бодайбо,https://dzen.ru/a/apuq_MSWjwEsnAu6,5,0,50,Прокуратура Бодайбо утвердила обвинительное заключение по уголовному делу в отношении двух местных жителей – директора и главного инженера коммерческой фирмы. Они обвиняются в злоупотреблении полномоч
bst24bratsk,2026-09-04 13:03,video_long,Эн+ увеличил объём ремонта дороги на Братской ГЭС,https://dzen.ru/video/watch/6a9ac17109b015320efe238e,25,0,138,
bst24bratsk,2026-09-04 13:03,video_long,Классический и современный взгляд на творчество: в Братске открыли две выставки,https://dzen.ru/video/watch/6a9ac154f0af7e427fab3c3b,12,0,271,
bst24bratsk,2026-09-04 13:00,article,Гороскоп на 5 сентября: кто имеет право на ошибку,https://dzen.ru/a/aprBKaKBtmtj9c2n,100,0,39,"♈️ Овны, постарайтесь уместить в этот день максимум встреч и важных разговоров. ♉️ Тельцы, все нужные люди явятся к вам в этот день сами. ♊️ Близнецы, звёзды рекомендуют иногда выбирать развлечения не"
bst24bratsk,2026-09-04 11:25,article,Эн+ увеличил объём ремонта дороги на Братской ГЭС,https://dzen.ru/a/apqrLaKBtmtj9PKq,4,0,113,"Фрезерование ведут преимущественно ночью, чтобы снизить неудобства для водителей. За первую смену сняли 95 % старого покрытия на 500-метровом участке левого берега. Сейчас техника продвигается дальше."
bst24bratsk,2026-09-04 11:10,article,Классический и современный взгляд на творчество: в Братске открыли две выставки,https://dzen.ru/a/apqnn8SWjwEskycS,5,0,167,"Большой зал встречает гостей обилием скульптур из дерева, графических картин и живописи. Всё они – детища известного братчанам художника Богдана Швака. Его работы посвящены обитателям сибирских лесов,"
bst24bratsk,2026-09-04 10:05,article,Учёт домашней птицы: кому и когда нужно регистрировать поголовье,https://dzen.ru/a/apqYvKKBtmtj9ETG,57,1,71,"С 1 сентября в России действуют новые правила учёта домашней птицы. Теперь владельцы личных подсобных хозяйств обязаны поставить на учёт кур, уток, гусей, индеек, цесарок, перепелов, страусов и другие"
bst24bratsk,2026-09-04 09:55,article,В деревне Бутырки Иркутского района вновь обнаружили узелковый дерматит у домашнего скота,https://dzen.ru/a/apqWm8SWjwEskoaE,7,1,67,Карантин для предотвращения распространения узелкового дерматита скота объявили 3 сентября в Иркутском районе. Об этом сообщает ИА «БСТ» со ссылкой на указ губернатора Иркутской области Игоря Кобзева.
bst24bratsk,2026-09-04 09:23,article,"В колонию-поселение отправили жителя Бурятии, по вине которого на Байкале погибли 5 человек",https://dzen.ru/a/apqPD8SWjwEskk66,6,0,112,Три года и пять месяцев колонии-поселения получил за гибель пятерых пассажиров судоводитель из Республики Бурятия. Об этом сообщает ИА «БСТ» со ссылкой на пресс-службу Восточного межрегионального след
bst24bratsk,2026-09-04 08:55,article,Память героев Второй мировой войны и жертв терактов почтили в Братске,https://dzen.ru/a/apqIA6KBtmtj8784,3,0,53,3 сентября в России отмечают две памятные даты: День окончания Второй мировой войны и День солидарности в борьбе с терроризмом. В Братске патриотические акции прошли на Мемориале Славы в Центральном р
bst24bratsk,2026-09-04 08:46,article,Людмила Гавриленко: 53 года на страже экологии БрАЗа,https://dzen.ru/a/apqE7aKBtmtj86jQ,3,0,75,"Людмила Владимировна Гавриленко уходит на заслуженный отдых, отработав на промплощадке БрАЗа 53 года. Её трудовая династия – одна из самых уважаемых на заводе: общий стаж трёх поколений Гавриленко – б"
bst24bratsk,2026-09-04 08:44,article,В августе в Братском перинатальном центре приняли 170 новорожденных,https://dzen.ru/a/apqGksSWjwEskg7S,5,0,19,85 мальчиков и 85 девочек приняли сотрудники Братского перинатального центра в августе. Об этом сообщает Братская студия телевидения со ссылкой на страницу центра в социальной сети «Вконтакте». Примеч
bst24bratsk,2026-09-04 08:36,article,Погода в Братске 5–7 сентября,https://dzen.ru/a/apqCkaKBtmtj85Pa,6,0,21,"В ночь на субботу в Братске +4°. Днём +15°. Переменная облачность, возможен дождь. Ветер северо-западный, до 8,3 м/с. Атмосферное давление – 725 мм рт. ст. В ночь на воскресенье в Братске +4°. Днём +1"
bst24bratsk,2026-09-04 08:15,article,"«О, кино»: мистика, мелодрамы и комедия",https://dzen.ru/a/app-yqKBtmtj83Pi,3,0,103,"XVII век, Австро-Венгрия. В огромном замке среди лесов и живописных гор живёт прекрасная графиня Елизавета Батори. Она умна, элегантна и красива. Вот только это лишь приятный глазу фасад. Ведь никто н"
bst24bratsk,2026-09-04 08:05,article,Многодетные семьи Братска приглашают поучаствовать в марафоне,https://dzen.ru/a/app8bMSWjwEskbw3,2,0,54,"В Братске в честь Дня многодетной семьи запустили марафон «Секреты большой семьи». Дом молодёжи задумал проект, чтобы дать возможность родителям и детям поделиться личными историями, воспоминаниями и "
bst24bratsk,2026-09-04 07:57,article,69-летняя жительница Усть-Илимска погибла при пожаре из-за окурка,https://dzen.ru/a/app6R8SWjwEskamH,3,0,74,Очередная трагедия из-за неосторожности при курении произошла в Усть-Илимске. На улице Наймушина при ночном пожаре в многоквартирном доме погибла пенсионерка. Об этом сообщает ИА «БСТ» со ссылкой на п
bst24bratsk,2026-09-04 07:04,article,4-6 сентября в Братске и Братском районе проводят операцию «Нетрезвый водитель»,https://dzen.ru/a/appt5cSWjwEskU34,1,0,64,"На дорогах Братска и Братского района сегодня начался очередной этап борьбы с пьянством за рулём. До понедельника экипажи ДПС будут выявлять нарушителей, предотвращая возможные аварии с участием нетре"
bst24bratsk,2026-09-04 06:27,article,Компания из Ангарска расторгла контракт на завершение капремонта Дома спорта «Ленком» в Братске,https://dzen.ru/a/appm7MSWjwEskRXz,10,0,119,Администрации Братска придётся искать третьего подрядчика для завершения капитального ремонта Дома спорта имени Ленинского комсомола в жилом районе Падун. ООО «Сибрегионстрой» (Ангарск) после восьми м
bst24bratsk,2026-09-04 04:58,article,"Библиотеку во Дворце искусств Братска закроют, объединив с другим учреждением",https://dzen.ru/a/appRqqKBtmtj8hSq,8,0,256,Вслед за учреждениями образования в Братске продолжили оптимизацию учреждений культуры. Накануне на заседании депутатской комиссии по вопросам правовой и социальной защиты населения в Думе Братска рас
bst24bratsk,2026-09-04 03:41,article,Прокуратура помогла взыскать с жителя Татарстана украденные у пенсионерки из Братского района деньги,https://dzen.ru/a/apo-fKKBtmtj8YDz,4,0,46,"Более 25 тысяч рублей вернут по решению суда жительнице Братского района, ставшей жертвой мошенничества. Об этом сообщает Братская студия телевидения со ссылкой на пресс-службу Прокуратуры Иркутской о"
bst24bratsk,2026-09-04 03:01,article,Двух медведей застрелили за сутки в Братске,https://dzen.ru/a/apo1YaKBtmtj8T8J,9,0,45,"О ликвидации ещё двоих медведей сообщили утром власти Братска. Одного из них застрелили в окрестностях дачного посёлка Моргудон неподалёку от Центрального района. Второго – неподалёку от Братской ГЭС,"
bst24bratsk,2026-09-04 02:37,article,"Жители Братска могут помочь соседям из Харанжино, Боровского и Куватки получить стабильную связь",https://dzen.ru/a/apovPqKBtmtj8RP0,14,0,67,"Жители трёх населённых пунктов Братского района нуждаются в поддержке земляков в очередном этапе голосования по федеральной программе «Устранение цифрового неравенства 2. 0». Харанжино, Боровской и Ку"
bst24bratsk,2026-09-03 13:00,article,Гороскоп на 4 сентября: к кому прилипнут деньги,https://dzen.ru/a/aplw5cSWjwEsiRrH,140,1,44,"♈️ Овны, вы наконец увидите зелёный свет на дороге к своей заветной мечте. ♉️ Тельцы, не попробуете – не узнаете, так что вперёд, за экспериментами. ♊️ Близнецы, приготовьтесь к аттракциону невиданной"
bst24bratsk,2026-09-03 10:45,article,«Зелёный своп» в Братске: организатор акции Анна Нестерова – в эфире БСТ24,https://dzen.ru/a/aplQTsSWjwEsh9j5,1,0,82,"Вашей драцене одиноко дома? Хлорофитум уже приелся? А может, давно хотели заменить калатею на бегонию? «Зелёный своп» – возможность бесплатно обновить домашнюю коллекцию и найти единомышленников. Анна"
bst24bratsk,2026-09-03 10:30,article,Погода в Братске 4 сентября,https://dzen.ru/a/aplNZ8SWjwEsh8Lt,4,0,8,"В ночь на пятницу в Братске +5°. Днём до +13°. Переменная облачность, возможен небольшой дождь. Ветер западный, до 11,1 м/с. Атмосферное давление – 724 мм рт. ст."
bst24bratsk,2026-09-03 10:02,article,Режим повышенной готовности ввели в Братске 3 сентября из-за медведей,https://dzen.ru/a/aplICMSWjwEsh5Ku,14,0,55,Сегодня власти Братска ввели режим повышенной готовности для экстренных служб из-за ситуации с выходом медведей в жилой сектор и дачные кооперативы. Об этом сообщает Братская студия телевидения со ссы
bst24bratsk,2026-09-03 09:46,article,С 3 сентября по 2 октября в Братске и 14 городах Приангарья проведут выборочное наблюдение за здоровьем жителей,https://dzen.ru/a/aplCy8SWjwEsh152,2,0,94,Вопросы о вредных и полезных привычках зададут жителям Братска и ещё 26 городов и посёлков Приангарья. С 3 сентября по 2 октября статистики проводят выборочное наблюдение за состоянием здоровья населе
bst24bratsk,2026-09-03 09:10,article,«Гид по выходным»: мероприятия для детей и взрослых,https://dzen.ru/a/apk51aKBtmtj6J78,0,0,145,В модельной библиотеке «Добрый дом» пройдёт конкурсно-игровая программа «Школьный звонок всех зовёт на урок». Мероприятие приурочено ко Дню знаний и обещает быть по-настоящему увлекательным – организа
bst24bratsk,2026-09-03 09:05,article,"Видеоподкаст «Бодрый гость»: Евгений, Варвара и Ратибор рассказали, почему выбрали МедиаКлуб БСТ",https://dzen.ru/a/apk-FcSWjwEshzM4,0,0,1,"erid: 2W5zFGqghgM
РЕКЛАМА
ООО «БСТ»"
bst24bratsk,2026-09-03 08:55,article,Четверо одарённых школьников из Братска получат премию губернатора,https://dzen.ru/a/apk3DKKBtmtj6IM3,2,0,30,"66 юных интеллектуалов Иркутской области наградят премиями губернатора. Поощрение коснётся победителей регионального этапа Всероссийской олимпиады школьников, а также победителей и призёров заключител"
bst24bratsk,2026-09-03 08:45,article,Субподрядчика из Иркутска осудили за падение не закреплённых качелей на девочку,https://dzen.ru/a/apk1AcSWjwEshtPn,2,0,95,Приговор по факту травмирования 13-летней школьницы в августе 2024 года в Ленинском районе Иркутска вынесли исполнителю договора подряда с управляющей компанией. Об этом сообщает ИА «БСТ» со ссылкой н
bst24bratsk,2026-09-03 07:40,article,В Братском драматическом театре готовятся к открытию 41-го сезона,https://dzen.ru/a/apkkoqKBtmtj58d4,1,0,35,"Касса Братского драматического театра открылась после летних каникул 2 сентября. А это значит, что уже очень скоро служителей Мельпомены ждёт открытие нового, 41-го театрального сезона. Об этом сообща"
bst24bratsk,2026-09-03 05:32,article,В Красноярском крае медведь задрал двух женщин во время сбора грибов в лесу,https://dzen.ru/a/apkHb6KBtmtj5q7D,120,0,81,Две пожилые собирательницы грибов погибли от лап медведя в Енисейском районе Красноярского края. Об этом сообщает ИА «БСТ» со ссылкой на портал «Город Прима». Жительницы посёлка Подтёсово 73-х и 67 ле
bst24bratsk,2026-09-03 04:29,article,Самолёты по маршруту Братск – Иркутск – Братск теперь летают 6 раз в неделю,https://dzen.ru/a/apj4hqKBtmtj5i7T,3,0,57,Авиарейсы из Братска в Иркутск стали практически ежедневными. С 3 сентября в расписании появились дневные вылеты по четвергам и субботам в 15:00. Об этом сообщает Братская студия телевидения со ссылко
bst24bratsk,2026-09-03 04:05,article,«РУСАЛ фестиваль#НАУКА» открывает космос в Братске,https://dzen.ru/a/apjybcSWjwEshF3o,1,0,62,12 сентября в ТКЦ «Братск-Арт» пройдет «РУСАЛ фестиваль#НАУКА». Юбилейный десятый сезон популярного образовательно-просветительского проекта для детей посвящен космосу. Тема выбрана не случайно – в эт
bst24bratsk,2026-09-03 03:05,article,"В Железногорске-Илимском хирург отказался пришить ребёнку фалангу пальца, оторванную дверью",https://dzen.ru/a/apjoFqKBtmtj5aPN,93,0,92,"Мать шестилетнего мальчика из Железногорска-Илимского пожаловалась в Следственный комитет на хирурга, который, по её мнению, плохо сделал свою работу. Он не попытался пришить оторванную дверью фалангу"
bst24bratsk,2026-09-03 01:53,article,"6 сентября в Братске изменятся маршруты автобусов, идущих через ж. р. Энергетик",https://dzen.ru/a/apjTx8SWjwEsg1Oj,17,0,58,Об изменениях маршрутов общественного транспорта 6 сентября оповестили жителей Братска. Остановка у Дворца искусств на время перестанет быть конечной для автобуса № 55к и № 55Ак. Об этом сообщает Брат
bst24bratsk,2026-09-03 01:23,article,"Двоих медведей застрелили в Братске, ещё троих ищут",https://dzen.ru/a/apjM7MSWjwEsgxtK,283,0,65,"Охотоведы и охотники вынуждены практически круглосуточно оборонять город от медведей – сообщения о них продолжают поступать. За минувшие два дня им удалось застрелить зверей, которые бродили около пти"
bst24bratsk,2026-09-02 13:10,video_long,Сотрудники Эн+ посвятили в студенты первокурсников Братского государственного университета,https://dzen.ru/video/watch/6a981fc6261888006e3b198d,14,0,190,
bst24bratsk,2026-09-02 13:09,video_long,Братск присоединится к масштабной экологической акции «360»,https://dzen.ru/video/watch/6a981fabaf285002373c4338,6,0,90,
bst24bratsk,2026-09-02 13:00,article,Гороскоп на 3 сентября: кому не стоит стесняться,https://dzen.ru/a/apgeolE6NU7DeHgt,114,1,45,"♈️ Овны, в этот день для вас везде будет гореть зелёный свет. ♉️ Тельцы, чтобы не проделывать работу дважды, просто сразу сделайте её хорошо. ♊️ Близнецы, все ваши сомнения по поводу работы в четверг "
bst24bratsk,2026-09-02 12:45,article,Два кабинета отремонтировали в школе № 2 Вихоревки благодаря компании «Транснефть – Восток»,https://dzen.ru/a/apga_cpJF0LmJRmQ,6,0,138,"На лицах – улыбки. И не только от радости общения с одноклассниками, но и от предвкушения встречи с любимыми классами. Тем более, что два из них – кабинеты математики и информатики – изменились до неу"
bst24bratsk,2026-09-02 12:25,article,Автохамы Братска: когда спешка важнее безопасности школьников,https://dzen.ru/a/apgZKcpJF0LmJQi1,7,0,33,"На кадрах, снятых нашим мобильным репортёром, запечатлён тревожный эпизод. Машина серого цвета, не включив поворотник, начала поворачивать во двор. В этот момент ко въезду как раз подходил мальчик – н"
bst24bratsk,2026-09-02 12:15,article,"«Охота на дикарей»: зелень тает, автопарк растёт",https://dzen.ru/a/apgZKlE6NU7DeD1z,2,0,6,"Если вы стали свидетелем подобного хамства, присылайте фотографии нарушителей нам в мессенджере «Макс» по номеру 8 924 600-72-34."
bst24bratsk,2026-09-02 12:00,article,Сотрудники Эн+ посвятили в студенты первокурсников Братского государственного университета,https://dzen.ru/a/apgR11E6NU7Dd_Zi,11,0,153,В следующем году Братскому государственному университету исполнится 70 лет. Подготовка энергетиков исторически остаётся одним из ключевых направлений вуза: именно энергетический факультет стал первым 
bst24bratsk,2026-09-02 11:45,article,Братск присоединится к масштабной экологической акции «360»,https://dzen.ru/a/apgR11E6NU7Dd_Zj,4,0,76,"У братчан появилась возможность сделать город чище. 12 сентября в России пройдет Межрегиональная экологическая акция «360». К ней присоединятся жители Иркутской области, Москвы, Волгоградской и Нижего"
bst24bratsk,2026-09-02 09:49,article,Завершение капремонта Дома спорта им. Ленинского комсомола в Братске перенесли на 2027 год,https://dzen.ru/a/apfyTVE6NU7Ddq0S,5,0,55,"Капитальный ремонт Дома спорта имени Ленинского комсомола в жилом районе Падун затянется ещё на год. Администрация города опубликовала в официальном вестнике постановление № 1302 от 01.09.2026 года, к"
bst24bratsk,2026-09-02 09:30,article,Главные причины возгораний в Братске и районе назвали в МЧС,https://dzen.ru/a/apftZ8pJF0LmI0Bo,3,0,84,"43 пожара зафиксировали на территории Братска и района в последний месяц лета. 40 возгораний произошло в городе, 3 – в Братском районе. По данным МЧС, главными причинами стали нарушения при эксплуатац"
bst24bratsk,2026-09-02 09:20,article,Погода в Братске 3 сентября,https://dzen.ru/a/apfrxVE6NU7DdmbZ,4,0,7,"В ночь на четверг в Братске +6°. Днём до +12°. Пасмурно, небольшой дождь. Ветер северо-западный, до 12,7 м/с. Атмосферное давление – 722 мм рт. ст."
bst24bratsk,2026-09-02 09:01,article,В Братске выставили на торги бывший лекционный зал запрещённой секты,https://dzen.ru/a/apfpyFE6NU7DdlIQ,6,0,73,Бывший Зал царства «Свидетелей Иеговы» (организация запрещена в России) выставили на торги в Правобережном районе Братска. Начальная цена одноэтажного деревянного здания 1956 года постройки вместе с з
bst24bratsk,2026-09-02 08:00,article,Более 300 студенток Иркутской области получили пособие по беременности и родам,https://dzen.ru/a/apfYpspJF0LmImQX,2,0,69,В Иркутской области за год более 300 студенток получили пособие по беременности и родам. Общий объём выплат достиг 32 миллионов рублей. С 1 сентября 2025 года эту меру поддержки предоставляют по новым
bst24bratsk,2026-09-02 07:56,article,"6 сентября в Братске на 9,5 часов перекроют участок улицы Наймушина в Братске",https://dzen.ru/a/apfXNFE6NU7DdYxy,13,0,34,В воскресенье в Братске состоится масштабное празднование Дня работников нефтяной и газовой промышленности. Оно пройдёт на площади у Дворца искусств в жилом районе Энергетик. И потому 6 сентября плани
bst24bratsk,2026-09-02 07:03,article,Иски почти на 20 млн рублей подал на поставщика троллейбусов из Вологды КУМИ Братска,https://dzen.ru/a/apfLu8pJF0LmId85,3,0,100,Комитет по управлению муниципальным имуществом администрации Братска направил в Арбитражный суд Иркутской два иска почти на 20 млн рублей к Торговому дому «Транс-Альфа» из Вологды. Они связаны с проср
bst24bratsk,2026-09-02 06:33,article,2 сентября на дорогах Братска и Братского района проходят операции «Мототранспорт» и «Начинающий водитель»,https://dzen.ru/a/apfEMVE6NU7DdNKT,10,0,75,Сегодня на дорогах Братска и Братского района сотрудники Госавтоинспекции проводят два профилактических мероприятия. Одно из них направлено на профилактику ДТП с участием недавних выпускников автошкол
bst24bratsk,2026-09-02 05:20,article,Полицейские в Братске установили участников драки на бульваре Победы – им 14 и 15 лет,https://dzen.ru/a/apeyvFE6NU7DdDLi,43,0,99,По результатам мониторинга социальных сетей сотрудники полиции в Братске организовали проверку по сообщению о подростковой драке. Участников конфликта уже установили – им 14 и 15 лет. Сейчас решают во
bst24bratsk,2026-09-02 05:15,article,Ещё трое братчан встали на защиту Родины,https://dzen.ru/a/apeyCcpJF0LmIPWb,5,0,53,"Сегодня ранним утром ещё троих добровольцев проводили от здания мэрии на сборный пункт в Шелехов. Братчане приняли непростое решение встать на защиту Родины, и в важный момент рядом с ними были самые "
bst24bratsk,2026-09-02 04:47,article,Начальником управления по Падунскому району администрации Братска назначен Константин Грибанов,https://dzen.ru/a/aperKMpJF0LmILni,6,0,55,"Стало известно о назначении нового начальника управления по Падунскому району администрации Братска. Этот пост занял Константин Грибанов, долгое время работавший заместителем начальника управления по "
bst24bratsk,2026-09-02 04:04,article,"Водитель и пассажир погибли, вылетев в лес с федеральной трассы в Братске. Нужна помощь свидетелей",https://dzen.ru/a/apeg61E6NU7Dc5up,16,0,47,"Сотрудники Госавтоинспекции ищут свидетелей смертельного ДТП, случившегося накануне поздно вечером на трассе у Центрального района Братска. Об этом сообщает Братская студия телевидения со ссылкой на О"
bst24bratsk,2026-09-02 03:20,article,"2 автомобиля, гараж и производственный цех горели в выходные в Братске",https://dzen.ru/a/apeWpMpJF0LmIBSL,7,0,79,Пять пожаров потушили за минувшие четыре дня в Братске. Об этом сообщает Братская студия телевидения со ссылкой на оперативную информацию администрации города. Вечером 31 августа едва не сгорел двухэт
bst24bratsk,2026-09-02 01:56,article,3 человека пострадали в аварии на перекрёстке Ленина-Подбельского в Братске,https://dzen.ru/a/apeFo8pJF0LmH5fO,7,0,44,"«Китаец разобрался об „Жигули“», – писали в одном из братских пабликов в социальных сетях об очередном ДТП на пересечении проспекта Ленина и улицы Подбельского. Днём 31 августа там столкнулись импортн"
bst24bratsk,2026-09-02 01:39,article,11-летний мотоциклист сбил 4-летнего пешехода в деревне Кардой Братского района,https://dzen.ru/a/apeFo1E6NU7Dcs5_,11,0,61,"ДТП, участниками которого стали дети, расследуют сотрудники Госавтоинспекции в Братском районе. Об этом сообщает Братская студия телевидения со ссылкой на ОГАИ МУ МВД России «Братское». 30 августа око"
bst24bratsk,2026-09-02 01:00,article,Здоровый образ жизни для детей: строим привычки с умом,https://dzen.ru/a/apeFo8pJF0LmH5fP,1,0,327,"Эксперты подчёркивают: здоровье ребёнка во многом зависит от повседневных решений семьи. И хорошие новости в том, что начинать никогда не поздно, а шаги могут быть совсем небольшими – главное, чтобы о"
bst24bratsk,2026-09-01 13:00,article,Гороскоп на 2 сентября: кого поджидает удача,https://dzen.ru/a/apbNoVE6NU7DbMbt,155,0,41,"♈️ Овны, вы наконец приобретёте вещь, о которой давно мечтали. ♉️ Тельцы, встречайте вдохновение с распростёртыми объятиями – оно вам понадобится. ♊️ Близнецы, в среду вы научитесь твёрдо и вежливо от"
bst24bratsk,2026-09-01 12:34,video_long,В селе Тангуй ищут оптимальный способ обращения с отходами,https://dzen.ru/video/watch/6a96c3d87c4e036f68625ca3,19,0,276,
bst24bratsk,2026-09-01 12:33,video_long,Звезда греко-римской борьбы Сергей Емелин провёл мастер-класс в спортивном центре «Сокол» в Братске,https://dzen.ru/video/watch/6a96c3fdb6ac4a651a370e01,4,0,162,
bst24bratsk,2026-09-01 12:33,video_long,РУСАЛ и образование: 140 студентов приступили к обучению по востребованным специальностям в БрИМТе,https://dzen.ru/video/watch/6a96c40f211fcc090ce5adc2,15,0,153,
bst24bratsk,2026-09-01 12:32,video_long,Братская православная гимназия отметила 30-летний юбилей,https://dzen.ru/video/watch/6a96c3a98ad0ad4c3dc5ad67,14,0,203,
bst24bratsk,2026-09-01 11:36,article,Будущие сотрудники БрАЗа сели за парты «Профессионалитета»,https://dzen.ru/a/apa32VE6NU7Da_uN,2,0,108,"«Профессионалитет» – это обновлённый формат среднего профессионального образования, нацеленный на ускоренную подготовку специалистов для конкретных работодателей. Упор делают на практику, которую можн"
bst24bratsk,2026-09-01 11:25,article,Звезда греко-римской борьбы Сергей Емелин провёл мастер-класс в спортивном центре «Сокол» в Братске,https://dzen.ru/a/apa2OlE6NU7Da-v0,0,0,108,"Сергей ЕМЕЛИН, заслуженный мастер спорта по греко-римской борьбе: «Приветствую спортсменов, гостей, родителей. Очень рад приехать и прежде всего, хотел бы сказать слова благодарности Дерипаска Олегу В"
bst24bratsk,2026-09-01 10:45,article,Перед выбором: подготовка к выборам депутатов в Госдуму и довыборам в Думу Братска продолжается,https://dzen.ru/a/apatdiWD6W9q6GA3,14,0,100,"Выборы парламентариев пройдут 18, 19 и 20 сентября. Все три дня избирательные участки будут работать с 8 до 20 часов. Братчане получат два бюллетеня. В одном надо проголосовать за кандидата по 98-му о"
bst24bratsk,2026-09-01 10:30,article,В двух авариях в Братске и районе пострадали люди,https://dzen.ru/a/apaqovWX808cAre5,9,0,35,"В Братске и Братском районе произошли две аварии с пострадавшими. Так, 30 августа около девяти вечера в деревне Кардой на улице Сосновой 11-летний школьник за рулём мопеда наехал на 4-летнего ребёнка."
bst24bratsk,2026-09-01 10:20,article,Братская православная гимназия отметила 30-летний юбилей,https://dzen.ru/a/apanUPWX808cApai,3,0,98,"У дверей Братской православной гимназии духовой оркестр встречал гостей, задавая праздничное настроение. Важное событие объединило учеников, родителей, педагогов и выпускников: для многих это не прост"
bst24bratsk,2026-09-01 09:55,article,В селе Тангуй ищут оптимальный способ обращения с отходами,https://dzen.ru/a/apaiuSWD6W9q5_vq,9,0,194,"«Тангуй – судьба моя! » – простые, но тёплые слова, которые встречают каждого на входе в местный Дом культуры. 27 августа здесь собрались неравнодушные жители и представители администрации, чтобы вмес"
bst24bratsk,2026-09-01 09:41,article,В аэропорту Усть-Кута в срок закончили капремонт взлетно-посадочной полосы,https://dzen.ru/a/apaeVvWX808cAklo,3,0,108,"31 августа в аэропорту Усть-Кута сел самолёт, на котором в город прилетел губернатор Иркутской области Игорь Кобзев. Визит главы региона был посвящён завершению первого этапа капитального ремонта взлё"
bst24bratsk,2026-09-01 09:20,article,Погода в Братске 2 сентября,https://dzen.ru/a/apaaVPWX808cAidi,4,0,7,"В ночь на среду в Братске +6°, небольшой дождь. Днём до +14°, малооблачно. Ветер юго-восточный, до 8,5 м/с. Атмосферное давление – 722 мм рт. ст."
bst24bratsk,2026-09-01 09:12,article,«Ваш докторъ»: забота о здоровье всей семьи,https://dzen.ru/a/apaYqyWD6W9q56dm,6,0,80,"Здоровье – самое ценное, что у нас есть. И когда оно требует внимания, важно попасть к настоящим профессионалам – тем, кто не просто поставит диагноз, а поможет разобраться в проблеме и выстроить путь"
bst24bratsk,2026-09-01 08:35,article,В Слюдянском районе запретили школьные линейки на улице из-за медведей,https://dzen.ru/a/apaOiyWD6W9q506x,30,0,89,"Мэр Слюдянского района Алексей Шульц сообщил о беспрецедентных мерах безопасности, связанных с участившимися случаями выхода медведей к человеческому жилью. Так, директорам школ поступило распоряжение"
bst24bratsk,2026-09-01 07:37,article,Услуги 3 городских бассейнов подорожали в Братске,https://dzen.ru/a/apaBViWD6W9q5uXw,7,0,84,Сегодня в Братске возобновил работу бассейн в спортивном комплексе «Солнечный». Завтра откроют для любителей плавания бассейн в СК «Таёжный». Дата начала свободного плавания в СК «Олимпия» пока неизве
bst24bratsk,2026-09-01 06:56,article,Новый сквер в ж/р Осиновка Братска планируют открыть 11 сентября,https://dzen.ru/a/apZ3aCWD6W9q5pCe,4,0,57,"Открытие нового сквера, который нынешним летом благоустраивали на улице Томской в жилом районе Осиновка, запланировано на пятницу, 11 сентября. Об этом сообщает Братская студия телевидения. Комитет эк"
bst24bratsk,2026-09-01 05:06,article,"1 человек погиб, 7 пострадали при взрыве газа на Ковыктинском месторождении на севере Иркутской области",https://dzen.ru/a/apZd-CWD6W9q5bjN,16,0,35,"Разрыв трубопровода произошёл 31 августа во время испытаний на Ковыктинском газоконденсатном месторождении в Казачинско-Ленском районе. Один работник погиб на месте, семерых увезли в больницу. По пред"
bst24bratsk,2026-09-01 03:19,article,Дума Братского района отменила решения о присвоении звания почётного гражданина своему спикеру и депутату,https://dzen.ru/a/apZE6fWX808c_2Q8,143,3,73,В Думе Братского района 26 августа отменили скандальное решение о присвоении звания почётных граждан действующему спикеру Светлане Коротченко и заместителю председателя Елене Ясинской. Об этом сообщае
bst24bratsk,2026-09-01 02:45,article,"В Братске застрелили ещё 4 медведей, которые в поисках пищи пришли к людям",https://dzen.ru/a/apY9t_WX808c_yf5,44,4,59,"Сотрудники Службы по охране и использованию объектов животного мира Иркутской области оповестили о ликвидации ещё четверых медведей, которые искали пропитания у человеческого жилья в Братске. Об этом "
bst24bratsk,2026-09-01 01:48,article,Суд в Братске вынес приговор об осквернении Мемориала Славы,https://dzen.ru/a/apYwHPWX808c_rq4,73,1,141,Суд в Братске поставил точку (хотя возможна апелляция) в деле об осквернении Мемориала Славы и вскрывшейся незаконной миграции. На скамье подсудимых оказались трое граждан Таджикистана и одна местная 
bst24bratsk,2026-08-31 13:03,article,Где в Братске плавает живой осётр?,https://dzen.ru/a/apV8kvWX808c-MO4,14,0,72,В Братске тысячи осетров с комфортом растут и плещутся в специальных бассейнах на ферме «Братский Осётр». Благодаря ферме гости и жители города могут в любое время года позволить себе купить свежайшую
bst24bratsk,2026-08-31 13:00,article,Гороскоп на 1 сентября: у кого много возможностей,https://dzen.ru/a/apV7fyWD6W9q3lUw,113,1,43,"♈️ Овны, постарайтесь не влиять на ход событий в данный момент. ♉️ Тельцы, не бойтесь разочарований - они превратятся в прекрасный опыт. ♊️ Близнецы, постарайтесь свести к минимуму ненужные встречи. ♋"
bst24bratsk,2026-08-31 12:15,video_long,Впервые за много лет в Братске прошёл общегородской крестный ход,https://dzen.ru/video/watch/6a956eda6343b765fe791e83,27,0,182,
bst24bratsk,2026-08-31 12:15,video_long,Лето проводили спортивно: в Вихоревке прошёл сап-фестиваль,https://dzen.ru/video/watch/6a956f0f6343b765fe79a15d,8,0,242,
bst24bratsk,2026-08-31 12:14,video_long,Рёв моторов и битва децибелов: в Братске прошли соревнования по автозвуку,https://dzen.ru/video/watch/6a956f5584ef574bc5d3c064,21,0,158,
bst24bratsk,2026-08-31 12:13,video_long,«Большая разминка»: в Братске прошла финальная тренировка сезона,https://dzen.ru/video/watch/6a956eb8392ba733ee36c534,14,0,177,
bst24bratsk,2026-08-31 11:45,article,"Юнкоры МедиаКлуба БСТ рассказали о творчестве, общении и планах",https://dzen.ru/a/apV0LyWD6W9q3haX,2,0,52,"Видеосъёмка, интервью, нейросети, работа с телеведущим в кадре – всё это уже прошли юнкоры МедиаКлуба БСТ. В этом сезоне ребята придут снова и будут постигать медиавершины. Варвара ГОВОРИНА, юнкор Мед"
bst24bratsk,2026-08-31 11:27,article,Рёв моторов и битва децибелов: в Братске прошли соревнования по автозвуку,https://dzen.ru/a/apVkoPWX808c9_LV,6,0,106,"Автозвук – это не просто соревнования в духе «кто громче, тот и победил». Это полноценный технический спорт, где важен расчёт, знание электроники и акустики. Состязания проходили в трёх основных номин"
bst24bratsk,2026-08-31 11:15,article,«Большая разминка»: в Братске прошла финальная тренировка сезона,https://dzen.ru/a/apVkoPWX808c9_LU,3,0,108,Стадион «Космос» вновь стал центром притяжения для активных братчан: здесь прошло заключительное занятие проекта «Большая разминка». Под руководством тренера Оксаны Екимовой участники погрузились в ми
bst24bratsk,2026-08-31 10:55,article,Впервые за много лет в Братске прошёл общегородской крестный ход,https://dzen.ru/a/apVhBvWX808c99QB,3,0,97,"Светлана ДРОЗДОВА, участница крестного хода: «Сегодня – очень значимое событие: в нашем центральном соборе состоялось богослужение, в котором приняли участие все священники города. Такое редко бывает,"
bst24bratsk,2026-08-31 10:46,article,Лето проводили спортивно: в Вихоревке прошёл сап-фестиваль,https://dzen.ru/a/apVbKiWD6W9q3To7,5,0,161,"Тёплый солнечный день, лёгкий бриз и водная гладь, которую рассекают десятки ярких досок. Река Убь по большей части спокойная и неглубокая, но даже на ней могут встретиться трудности. Роман ДРУЖИНИН, "
bst24bratsk,2026-08-31 10:35,article,Штормовое предупреждение: 1 сентября Братск ждёт непогода,https://dzen.ru/a/apVZhyWD6W9q3SwX,8,0,14,"Братчанам предстоит подготовиться к непогоде. Так, синоптики Иркутского гидрометеоцентра объявили штормовое предупреждение. В День знаний, 1 сентября, местами по области пройдут сильные дожди, не искл"
bst24bratsk,2026-08-31 10:15,article,Погода в Братске 1 сентября,https://dzen.ru/a/apVVgyWD6W9q3Qjl,8,0,10,"В ночь на вторник в Братске +13°. В середине дня до +21°. А к вечеру резко похолодает – до +9°. Пасмурно, возможен дождь. Ветер западный, северо-западный, до 19,1 м/с. Атмосферное давление – 714 мм рт"
bst24bratsk,2026-08-31 10:03,article,Свыше миллиона рублей перевела «брокерам»-аферистам 41-летняя жительница Братска,https://dzen.ru/a/apVS5CWD6W9q3O_u,5,0,48,Две жительницы Братска в минувшие выходные обратились в полицию с заявлением о хищении крупной суммы. Дочь поверила в легенду о дополнительном заработке на инвестициях и убедила мать присоединиться. О
gorodprima.ru,2026-09-19 06:59,article,В Красноярске вернули домой пропавшую собаку,https://dzen.ru/a/aq4y6k5PhhqP5fw2,0,0,43,"В Красноярске полицейский помог найти пропавшую собаку. Животное оказалось в приюте, где его накормили и осмотрели, рассказали в ГУ МВД России по Красноярскому краю. Жительница Октябрьского района Кра"
gorodprima.ru,2026-09-19 05:59,article,Конь провалился в погреб в посёлке Красноярского края — его пришлось спасать экскаватором,https://dzen.ru/a/aq4k4x3cWgqrOPR_,81,0,40,"Необычное спасение произошло в посёлке Береть на берегу Маны. Конь провалился в погреб и не смог выбраться самостоятельно, на это обратил внимание telegram-канал «Бал Дебютанток» По словам автора виде"
gorodprima.ru,2026-09-19 05:15,article,В Норильске женщина сбила двух 13-летних девочек возле надземного перехода,https://dzen.ru/a/aq4bOx3cWgqrONmz,77,0,46,"В Норильске автомобиль Toyota RAV4 сбил двух 13-летних девочек. ДТП произошло вечером возле дома № 6 на улице Комсомольской, сообщили в Госавтоинспекции. По данным ГАИ, за рулём автомобиля была 42-лет"
gorodprima.ru,2026-09-19 04:03,article,"Квартиру, автомобили и технику выиграли участники викторины в Красноярском крае",https://dzen.ru/a/aq4KOkjUgT5jnN9O,39,0,91,"19 сентября в Красноярском крае объявили результаты первого дня просветительской викторины, приуроченной к Году единства народов России. В эфире краевого телеканала случайным образом выбрали номера бл"
gorodprima.ru,2026-09-19 04:01,article,В Красноярске на модернизацию стадиона «Красный Яр» потратят 705 млн рублей,https://dzen.ru/a/aq4Jf0jUgT5jnNqg,34,0,74,"В Красноярске объявили торги на модернизацию стадиона «Красный Яр» на улице Маерчака. Начальная цена аукциона — 705,5 млн рублей, рассказали в администрации города. На территории стадиона планируют по"
gorodprima.ru,2026-09-19 03:11,article,В Красноярском крае более 30 обращений поступило в Центр общественного наблюдения в первый день выборов,https://dzen.ru/a/aq39l98hLg35qkBq,145,0,55,"Первый день голосования в Красноярском крае прошёл в штатном режиме, сообщили в региональном Центре общественного наблюдения. На горячую линию ЦОНа поступило более 30 обращений. Большинство из них нос"
gorodprima.ru,2026-09-18 22:02,article,Народные приметы на 20 сентября: что можно и чего ни в коем случае нельзя делать в день памяти Луки Глубокореченского,https://dzen.ru/a/aq1d7qhZQjzTH4-s,83,0,157,"20 сентября верующие почитают праведного Луку Глубокореченского, что в народном календаре именуется Луковым днем. В старину на Руси существовали строгие обычаи, переданные от предков, которые, как счи"
gorodprima.ru,2026-09-18 10:54,article,Жители Красноярского края активно идут на выборы: явка в регионе превысила 15% в первый день,https://dzen.ru/a/aq0Yrd8hLg35pJHT,65,0,102,"По данным Крайизбиркома на 15:00, явка в регионе 18 сентября составила 15,4%. Наиболее активно голосуют жители северных территорий, а также Минусинска, Канска и Красноярска. Всего в списках избирателе"
gorodprima.ru,2026-09-18 10:47,article,Какой овощ позволяет сохранить молодость и красоту,https://dzen.ru/a/aq0XMk5PhhqP4n3W,0,0,61,"Красноярский Роспотребнадзор поделился интересными фактами о капусте. В первую очередь, овощ содержит мало углеводов и имеет низкий гликемический индекс. Это делает капусту отличным средством для проф"
gorodprima.ru,2026-09-18 10:19,article,В Красноярске объявили дату главной деловой премии города,https://dzen.ru/a/aq0Qm98hLg35pFvR,0,0,104,В Красноярске объявили дату церемонии награждения премии «Бизнес!Лидеры». Она состоится 2 декабря в Конгресс-холле Сибирского федерального университета. (18+) «Бизнес!Лидеры» отмечает лучшие практики 
gorodprima.ru,2026-09-18 09:44,article,"Житель Красноярского края душил пенсионерку, пока она умоляла купить ей алкоголь",https://dzen.ru/a/aq0Ie0jUgT5jll-0,151,0,48,"В Козульском муниципальном округе заключён под стражу мужчина, подозреваемый в жестоком убийстве односельчанки, сообщили в СК по краю. Всё произошло 9 сентября 2026 года в Новочернореченском. В тот де"
gorodprima.ru,2026-09-18 09:37,article,Глава Красноярска Сергей Верещагин проголосовал на выборах,https://dzen.ru/a/aq0G_kjUgT5jllZU,8,0,69,"Глава Красноярска Сергей Верещагин отдал свой голос на выборах. На участок он пришёл с семьёй — голосовать уже могут все, кроме младшего сына. — Впервые в истории мы голосуем большим Красноярском, в е"
gorodprima.ru,2026-09-18 09:25,article,Фестиваль чебуреков стартовал в Красноярске,https://dzen.ru/a/aq0ECE5PhhqP4j9c,2,0,64,Красноярск вновь стал площадкой для гастрономического эксперимента. С 10 сентября по 10 октября ресторанная группа Bellini проводит второй Фестиваль чебуреков. На протяжении месяца заведения-участники
gorodprima.ru,2026-09-18 09:19,article,Когда будем отдыхать и праздновать: в правительстве утвердили нерабочие дни на 2027 год,https://dzen.ru/a/aq0Cld8hLg35o__T,1,0,53,"Председатель Правительства России Михаил Мишустин подписал постановление о праздничных и выходных днях в 2027 году. Документ определяет, как будут переноситься нерабочие дни, чтобы россияне могли отды"
gorodprima.ru,2026-09-18 09:05,article,В Красноярском крае мужчина финансировал экстремистскую организацию,https://dzen.ru/a/aqz_qR3cWgqrNUCJ,81,0,47,Жителя Сосновоборского округа осудили за финансирование экстремистской организации. Об этом рассказали в краевой прокуратуре. Мужчина в январе 2022 года посмотрел видеоролик с призывом поддержать орга
gorodprima.ru,2026-09-18 08:21,article,В Красноярском крае мужчина убил собутыльника ударами по голове,https://dzen.ru/a/aqz1I98hLg35o5ur,5,0,41,"В Боготоле расследуется уголовное дело о гибели мужчины после бытового конфликта. Подозреваемым стал 52‑летний житель города — ему предъявлено обвинение в убийстве по неосторожности, сообщили в ГСУ СК"
gorodprima.ru,2026-09-18 08:21,article,Медведь бродит рядом с заимкой Агафьи Лыковой: что происходит на её участке,https://dzen.ru/a/aqz1JUjUgT5jldnb,1023,0,272,"На заимке 81-летней отшельницы Агафьи Лыковой активно готовятся к зимнему сезону. Дрова уже заготовлены, осталось выкопать картошку и собрать репу с морковью. Однако главной задачей остается проблема "
gorodprima.ru,2026-09-18 08:14,article,Красноярское УФАС выявило завышенные цены на топливо у «КНП»,https://dzen.ru/a/aqzzqkjUgT5jlc-i,374,2,42,"Красноярское УФАС выявило необоснованно завышенные цены у АО «Красноярскнефтепродукт». По данным ведомства, цены «КНП» росли значительно быстрее, чем у вертикально интегрированных нефтяных компаний. В"
gorodprima.ru,2026-09-18 07:41,article,Председатель Заксобрания Красноярского края Алексей Додатко проголосовал на выборах,https://dzen.ru/a/aqzrXE5PhhqP4edM,4,0,72,Председатель Заксобрания Красноярского края Алексей Додатко отдал свой голос на выборах. — Первым делом с утра отправился на избирательный участок. Проголосовал — и сразу на работу. Впереди три решающ
gorodprima.ru,2026-09-18 07:01,article,В Красноярске на 840 тысяч рублей оштрафовали «Первый кирпичный завод» за загрязнение воздуха,https://dzen.ru/a/aqzicUjUgT5jlVy6,10,0,49,В Красноярске «Первый кирпичный завод» на улице Калинина возместил вред за грязный воздух. Об этом рассказали в краевой прокуратуре. В 2026 году предприятие проверила природоохранная прокуратура. Выбр
gorodprima.ru,2026-09-18 06:28,article,"«Да, я нарушила»: красноярку накажут рублём за курение на борту самолёта",https://dzen.ru/a/aqzaWN8hLg35ouL2,145,0,55,В Красноярске транспортные полицейские привлекли к административной ответственности 42‑летнюю местную жительницу за курение на борту самолёта. Сообщение о нарушении поступило в дежурную часть линейног
gorodprima.ru,2026-09-18 06:01,article,В Красноярске завершили модернизацию старейшей ТЭЦ,https://dzen.ru/a/aqzUdN8hLg35orto,33,0,72,В Красноярске закончили обновлять старейшую ТЭЦ. Об этом рассказали в правительстве региона. На всех котлах ТЭЦ-1 установили 15 современных электрофильтров. Благодаря им частицы золы притягиваются к э
gorodprima.ru,2026-09-18 05:35,article,43 животных из Красноярска улетели отдыхать за границу в сентябре,https://dzen.ru/a/aqzNykjUgT5jlNZf,2,0,65,В аэропорту Красноярска специалисты Управления Россельхознадзора по Красноярскому краю оформили ветеринарные сертификаты на вывоз 43 животных-компаньонов. Документы выдали в период с 1 по 15 сентября 
gorodprima.ru,2026-09-18 05:21,article,Красноярец обокрал свою девушку на 120 тысяч рублей,https://dzen.ru/a/aqzK3E5PhhqP4Xzd,4,0,41,"В Красноярске перед судом предстанет местный житель, обокравший свою девушку на 120 тысяч рублей. Об этом рассказали в полиции. Пара познакомилась в канун Нового года и вскоре стала жить вместе. 34-ле"
gorodprima.ru,2026-09-18 05:07,article,В Красноярске дочь погибшего бойца СВО год платила за бесплатную учёбу,https://dzen.ru/a/aqzHLR3cWgqrNIYY,13,0,63,"В Красноярске восстановлены права дочери погибшего участника СВО: почти год девушка платила за обучение в техникуме, хотя по закону могла учиться бесплатно, рассказали в прокуратуре края. Студентка по"
gorodprima.ru,2026-09-18 04:11,article,Пьяный житель Красноярского края хотел гранатой уничтожить салон связи из-за обиды,https://dzen.ru/a/aqy6Zx3cWgqrNGLa,8,0,69,"Прокуратура Манско‑Уярского района направила уголовное дело в суд — 39‑летнего мужчину обвиняют за заведомо ложное сообщение о готовящемся акте терроризма. Пьяным он грозился уничтожить салон связи, р"
gorodprima.ru,2026-09-18 04:11,article,Губернатор Красноярского края проголосовал на выборах,https://dzen.ru/a/aqy6YUjUgT5jlGes,72,0,60,"Губернатор Красноярского края Михаил Котюков утром проголосовал на выборах. На участок он пришёл вместе дочерью. — Надо идти голосовать, сегодня как никогда нашей стране нужна поддержка каждого челове"
gorodprima.ru,2026-09-18 04:06,article,Доплаты ко Дню пожилого человека 1 октября: кому и сколько полагается,https://dzen.ru/a/aqy44R3cWgqrNF7U,111,0,108,"1 октября в России отмечается Международный день пожилых людей, и в этот день пенсионеров ожидают сразу два финансовых события. Первое — это разовые региональные выплаты, приуроченные к празднику, кот"
gorodprima.ru,2026-09-18 03:50,article,77 новых машин отправятся в больницы Красноярского края,https://dzen.ru/a/aqy1M05PhhqP4UAy,10,0,101,"В Красноярский край поступила очередная партия санитарного транспорта, закупленного за счёт средств краевого бюджета. До конца года система здравоохранения получит 77 единиц новой техники, рассказали "
gorodprima.ru,2026-09-18 03:42,article,Хоккейный «Енисей» разгромил «Байкальских Соколов» в Кубке России,https://dzen.ru/a/aqyzsh3cWgqrNFBl,0,0,38,В Кемерове прошёл третий матч первого этапа Кубка России по хоккею с мячом. Красноярский «Енисей» играл с иркутскими «Байкальскими Соколами». После первого тайма красноярцы вели со счётом 3:2. После э
gorodprima.ru,2026-09-18 03:11,article,В Красноярске подходит к концу благоустройство на Копылова,https://dzen.ru/a/aqysSx3cWgqrNDzs,3,0,45,В Красноярске на улице Копылова благоустройство идёт в круглосуточном режиме. Об этом сообщили в УДИБ. Рабочие укладывают брусчатку в районе домов 66 и 72 по улице Копылова. А на участке от Ладо Кецхо
gorodprima.ru,2026-09-18 03:02,article,Красноярец вылетел через лобовое стекло в результате ДТП,https://dzen.ru/a/aqyqEt8hLg35ocXx,396,0,50,"На Коммунальном мосту в Красноярске вечером 17 сентября произошло серьёзное ДТП с участием двух автомобилей. По данным Госавтоинспекции, авария случилась примерно в 22:40. Как рассказали очевидцы, авт"
gorodprima.ru,2026-09-18 02:41,article,В Красноярском крае стартовали выборы,https://dzen.ru/a/aqyk5kjUgT5jk_QS,39,1,52,"В Красноярском крае начались выборы депутатов Госдумы и Законодательного Собрания края, а в некоторых муниципалитетах — за местных депутатов. Голосование будет длиться в течение трёх дней: 18, 19 и 20"
gorodprima.ru,2026-09-18 02:40,article,"8 мест в Красноярске, где точно согреешься: от терм до русской бани",https://dzen.ru/a/aqyk5x3cWgqrNChm,26,0,218,"Собрали места, где можно попариться, искупаться в бассейне или купели и устроить себе полноценную перезагрузку. На первом месте — лучший вариант загородного отдыха в «Клевере» Осень в Сибири — тот сам"
gorodprima.ru,2026-09-18 02:21,article,«Она танцует под…»: топ концертов в Красноярске до конца года,https://dzen.ru/a/aqygct8hLg35oZBE,4,0,185,"Осень в Красноярске только начинается, а в городе уже готовятся к приезду звёзд. В ближайшие месяцы на сцену выйдут стендаперы, рок-музыканты. Мы посмотрели актуальные цены на билетных сервисах и собр"
gorodprima.ru,2026-09-17 23:14,article,Народные приметы на 19 сентября: что можно и чего ни в коем случае нельзя делать в Михайлов день,https://dzen.ru/a/aqwdgx-SRhNVuknl,1431,0,169,"19 сентября верующие отмечают Михайлово чудо, день, посвященный архангелу Михаилу и его благим делам. Христиане считают его своим защитником. В народном календаре этот день известен как Михайлов день,"
gorodprima.ru,2026-09-17 10:41,article,В Красноярске открылась первая площадка ГТО,https://dzen.ru/a/aqvD6B3cWgqrMZYb,8,0,88,"В Кировском районе Красноярска на улице Суворова открыли первую в городе специализированную площадку ГТО. Объект возвели всего за полтора месяца — для нормативов комплекса «Готов к труду и обороне», с"
gorodprima.ru,2026-09-17 10:22,article,В Красноярском крае 44 жителя пострадали от укусов клещей за неделю,https://dzen.ru/a/aqu_mN8hLg35nFBn,16,0,44,"В Красноярском крае клещи покусали 44 местных жителей, в их числе 12 детей. Об этом рассказали в Роспотребнадзоре. Напомним, за семь дней до этого статистика по укушенным была следующая: 47 жителей ре"
gorodprima.ru,2026-09-17 09:59,article,В России медведи убили 12 человек с начала лета,https://dzen.ru/a/aqu6Rd8hLg35nCyH,8,0,74,"В России зафиксирован антирекорд по смертельным нападениям медведей. Если в 2024 году жертвами хищников стали восемь человек, а в 2025 — семь, то только с начала нынешнего лета от лап и зубов зверя по"
gorodprima.ru,2026-09-17 09:37,article,Химиотерапевт красноярского онкодиспансера стала лучшей в стране,https://dzen.ru/a/aqu1ikjUgT5jjmct,6,0,66,Врач красноярского онкодиспансера Ирина Образ стала лучшим химиотерапевтом России. Об этом рассказали в министерстве здравоохранения региона. Ирина победила в номинации «Химиотерапевт года» премии име
gorodprima.ru,2026-09-17 09:31,article,Опасные вирусы этой осенью: чего ждать помимо привычной ОРВИ и как защититься,https://dzen.ru/a/aqu0D98hLg35nAOX,45,1,358,"Простудная пора в Красноярске разворачивается по знакомому сценарию: школы и вузы открыли двери, люди вернулись из отпусков — и вирусы не заставили себя ждать. Уже начался осенний подъём негриппозных "
gorodprima.ru,2026-09-17 09:09,article,Школьница из Красноярска помогала аферистам обманывать людей,https://dzen.ru/a/aquu2t8hLg35m956,23,1,67,"В Красноярске суд вынесли приговор 17‑летней девушке, которая пыталась подзаработать через Telegram. Школьница переводила чужие деньги через свою банковскую карту, сообщают в прокуратуре Красноярского"
gorodprima.ru,2026-09-17 08:51,article,В Красноярске 18 сентября начнётся отопительный сезон,https://dzen.ru/a/aquqY98hLg35m8A0,20,0,53,"В Красноярске завтра, 18 сентября, начнётся отопительный сезон. Об этом рассказал глава города Сергей Верещагин. Такое решение приняли с учётом прогноза погоды. С понедельника ожидается устойчивое сни"
gorodprima.ru,2026-09-17 08:30,article,Медведь убил двух сборщиков ягод в Иркутской области,https://dzen.ru/a/aqul898hLg35m6Qt,9,0,39,В Киренском округе Иркутской области медведь убил двух сборщиков ягод. Об этом пишет Irk.ru. Это произошло 16 сентября в лесу рядом с селом Красноярово. Двое мужчин 65 и 55 лет скончались на месте от 
gorodprima.ru,2026-09-17 07:42,article,Бесправник на «Ладе» устроил смертельное ДТП в Красноярском крае,https://dzen.ru/a/aquaLUjUgT5jja_Q,33,0,47,В Ачинске произошло смертельное ДТП. Об этом рассказали в ГУ МВД России по Красноярскому краю. Это случилось вечером 16 сентября. 47-летний бесправник на «Ладе» ехал по улице Дзержинского и врезался в
gorodprima.ru,2026-09-17 07:24,article,Выборы-2026 в Красноярском крае: кого и когда выбираем,https://dzen.ru/a/aquVu0jUgT5jjZIa,77,0,268,"18, 19 и 20 сентября в Красноярском крае, как и по всей стране, пройдет единый день голосования. В регионе будет функционировать немного более 2000 избирательных участков. «Город Прима» собрал главные"
gorodprima.ru,2026-09-17 06:54,article,Футбольный «Енисей» обыграл «Арсенал» и прервал серию без побед,https://dzen.ru/a/aquPAB3cWgqrMOeO,2,0,54,В Красноярске на Центральном стадионе прошёл матч 12-го тура Первой лиги. «Енисей» принимал на своём поле тульский «Арсенал». Первыми забили гости. На 27 минуте мяч в ворота красно-синих отправил Раши
gorodprima.ru,2026-09-17 06:36,article,Нашествие медведей в Сибири: почему хищники выходят к людям,https://dzen.ru/a/aquLSB3cWgqrMNvj,38,0,271,С начала сентября 2026 года в Сибири зафиксировано шесть смертельных случаев из‑за нападений медведей. Хищники всё чаще выходят к населённым пунктам — от туристических стоянок до дачных посёлков. Что 
gorodprima.ru,2026-09-17 06:14,article,В Красноярском крае изменится расписание трёх электричек,https://dzen.ru/a/aquFWkjUgT5jjSsZ,6,0,39,"В Красноярском крае изменится расписание трёх электропоездов. Об этом рассказали в КрасЖД. Изменения будут действовать по вторникам и пятницам в период до 29 сентября. Так, в пятницу 18 сентября элект"
gorodprima.ru,2026-09-17 06:13,article,У жителя Красноярского края за незаконную добычу песка забрали КАМАЗ за три миллиона рублей,https://dzen.ru/a/aquFWkjUgT5jjSsb,65,0,56,"Житель села Ермаковское хотел обойтись без лишних трат: вместо того чтобы покупать песок для стройки, он решил брать его из ближайшего карьера. Для этого у него был КАМАЗ и фронтальный погрузчик, сооб"
gorodprima.ru,2026-09-17 06:01,article,Сибирь в октябре может ждать всплеск новых нападений медведей,https://dzen.ru/a/aquCZt8hLg35mski,148,0,113,"Эксперты не исключают новый всплеск нападений медведей на людей и в октябре. Зоолог, специалист по конфликтам между крупными животными и человеком Михаил Кречмар уверен, что хищники перед спячкой не с"
gorodprima.ru,2026-09-17 04:15,article,В Красноярске с 1 января 2027 года перестанет работать служба 005,https://dzen.ru/a/aqtput8hLg35mj_P,6,0,44,"В Красноярске с нового года перестанет работать сервис 005. Об этом рассказали в администрации города. Как «Городу Прима» пояснили в мэрии, решение интегрировать программный функционал службы 005 в ед"
gorodprima.ru,2026-09-17 03:43,article,"Филиал ада : Чертово кладбище в тайге, где без вести пропадают люди и умирает все живое",https://dzen.ru/a/aqrCF_tc4BkvCBLj,15,0,474,"«Ты оказываешься на поляне. Голова кружится, силы покидают тебя. Рюкзак тянет вниз, и кажется, что руки вот-вот отнимутся. В глазах темнеет, и сомнений нет – пора возвращаться. Жизнь дороже всего. Но "
gorodprima.ru,2026-09-17 03:01,article,"Красноярцам объяснили, как не дать продавцу обмануть с гарантией на осеннюю обувь",https://dzen.ru/a/aqtYk0jUgT5jjCyU,6,0,124,"В Управлении Роспотребнадзора по Красноярскому краю разъяснили важный нюанс, который часто становится поводом для споров между покупателями и продавцами: гарантийный срок на сезонную обувь отсчитывает"
gorodprima.ru,2026-09-17 02:47,article,Красноярец донатил экстремистам и нарвался на штраф в 300 тысяч рублей,https://dzen.ru/a/aqtU4EjUgT5jjBoy,10,0,46,"В Красноярске местный житель донатил экстремистам. Об этом рассказали в краевой прокуратуре. Мужчина смотрел ролики на канале, который продвигал запрещённую организацию. Потом он оформил ежемесячные п"
gorodprima.ru,2026-09-16 23:44,article,Народные приметы на 18 сентября: что можно и чего ни в коем случае нельзя делать в Кумохин день,https://dzen.ru/a/aqbQpVmM02w2VZNP,378,0,161,"18 сентября православные христиане почитают пророка Захария и его жену Елисавету. В народном календаре этот день также известен как Кумохин. В старину наши предки придерживались ряда строгих запретов,"
gorodprima.ru,2026-09-16 17:04,short,Ну до чего же мило! Какие они смешные!,https://dzen.ru/shorts/6a4f3105b912b9327f7765f4,7064,0,54,
gorodprima.ru,2026-09-16 13:36,article,"Неразгаданная тайна Сибирского Бермудского треугольника: гиблое место в тайге, где бесследно пропадают поезда и люди",https://dzen.ru/a/aqpowx0wCHOZ_Zfr,19,1,309,"Сибирь — это не только суровая и живописная местность, безбрежная, как время и вода. Это также земля, полная чудес и тайн. Здесь кроны вековых кедров защищают урочища, в которых обитают забытые божест"
gorodprima.ru,2026-09-16 10:06,article,Красноярский невролог пойдёт под суд за оформление фиктивной инвалидности,https://dzen.ru/a/aqpqSB3cWgqrLZtd,170,1,68,"В Красноярске перед судом предстанет врач‑невролог, которого обвиняют в получении взятки за оформление фиктивной инвалидности, рассказали в краевой прокуратуре. В начале 2025 года мужчина хотел получи"
gorodprima.ru,2026-09-16 10:02,article,В Красноярске 16 октября пройдёт продовольственная ярмарка,https://dzen.ru/a/aqppj0jUgT5jho5W,21,2,51,На правобережье Красноярска 16 октября пройдёт продовольственная ярмарка. Об этом рассказали в администрации Ленинского района. Мероприятие развернётся на площади перед ДК имени 1 Мая. Посетители смог
gorodprima.ru,2026-09-11 14:18,short,Медведи атакуют Красноярский край! В регионе ввели режим повышенной готовности. Хищники растерзали нескольких человек. Охотники ликвидировали уже более 70 особей. Что происходит — рассказываем в видео,https://dzen.ru/shorts/6aa40ce79182fc72a94ce220,2540,0,61,
gorodprima.ru,2026-09-09 17:02,short,Смех да и только! Ну до чего они смешные!,https://dzen.ru/shorts/6a4f31142e8cca26bac63153,268,0,49,
gorodprima.ru,2026-09-08 07:10,short,"Медведи стали массово выходить к людям.  Они разоряют огороды, давят домашних животных и нападают на людей... В чем причина?",https://dzen.ru/shorts/6a9fb459dce8a45d032ff670,87219,52,77,
gorodprima.ru,2026-08-30 17:02,short,Милота дня! До чего же они смешные!,https://dzen.ru/shorts/6a4f312c5ac563432fa6ac87,2994,0,58,
irk.aif.ru,2026-09-19 05:26,article,Падь Ключевую окончательно утвердили для строительства аэропорта Иркутска,https://dzen.ru/a/aq4d198hLg35qu7k,8,0,46,"Завершена разработка предпроектной документации для строительства нового аэропорта Иркутска в пади Ключевой, которая расположена между Ангарском и Иркутском. НИИ ГА «Аэропроект» подготовил документаци"
irk.aif.ru,2026-09-18 16:00,article,За Россию! На выборы в Госдуму 2026 в Иркутске первыми пришли ветераны,https://dzen.ru/a/aq1iA0jUgT5jmNb_,4,0,309,"Голосование на выборах в Госдуму 2026 в Иркутской области началось, как и везде, с 8 утра. Спешащие по делам иркутяне и были первыми среди тех, кто пришёл к избирательным урнам. Но, конечно, большинст"
irk.aif.ru,2026-09-18 11:34,article,"На завершение строительства школы в Братске направят свыше 1,8 миллиарда",https://dzen.ru/a/aq0ib05PhhqP4qTv,0,0,39,"На завершение строительства школы на 1275 мест в 26 микрорайоне Братска в 2027 направят более 1,8 миллиардов рублей. Ещё около 302 миллионов будет предусмотрено в муниципальном бюджете. Об этом сообща"
irk.aif.ru,2026-09-18 06:52,article,Режим повышенной готовности введут в Иркутской области из-за медведей,https://dzen.ru/a/aqzgFx3cWgqrNNSx,3,0,49,В Иркутской области введут режим повышенной готовности из-за участившихся выходов медведей к населённым пунктам. Об этом irk.aif.ru сообщили в пресс-службе правительства региона. «Ежедневно фиксируетс
irk.aif.ru,2026-09-18 04:41,article,Новый томограф появится в Иркутской областной больнице до конца 2026,https://dzen.ru/a/aqzBrd8hLg35okYv,3,0,58,В Иркутскую областную клиническую больницу до конца 2026 года поступит новый компьютерный томограф стоимостью 68 миллионов рублей. Губернатор Иркутской области Игорь Кобзев и главный врач Петр Дудин о
irk.aif.ru,2026-09-18 04:18,article,День длиннее ночи? Астроном развеял главный миф об осеннем равноденствии,https://dzen.ru/a/aqy8eUjUgT5jlHN3,0,0,250,"Осеннее равноденствие 2026 наступит 23 сентября в 00 часов 05 минут по Всемирному времени — в это время в Москве будет 03:05, в Красноярске — 07:05, в Иркутске и Улан-Удэ — 08:05, а во Владивостоке — "
irk.aif.ru,2026-09-17 12:20,article,"Ранен, но не пойман. Медведь убил двух сборщиков брусники в тайге",https://dzen.ru/a/aqvbxx3cWgqrMeTp,4311,10,319,"Медведи атакуют. За неделю на севере Иркутской области, в тайге под Киренском, от их лап погибли уже три человека — 72-летний грибник и двое сборщиков ягоды 65 и 55 лет. Люди знали про опасность, знал"
irk.aif.ru,2026-09-17 09:40,article,СК начал проверку после смерти двух жителей Приангарья от нападения медведя,https://dzen.ru/a/aqu1zx3cWgqrMWYh,5,0,36,В Иркутской области следственный комитет устанавливает обстоятельства гибели двух местных жителей в лесу в Киренском районе. Об этом сообщает пресс-служба СУ СК РФ по Иркутской области. «По предварите
irk.aif.ru,2026-09-17 09:15,article,За помощь террористам иркутянина приговорили к 8 годам лишения свободы,https://dzen.ru/a/aquwC05PhhqP3jnB,5,0,32,"Пресс-служба ГУ МВД РФ по Иркутской области сообщает, что в Иркутске 35-летний местный житель оказывал финансовую поддержку террористической организации и совершал в её пользу денежные переводы. «На о"
irk.aif.ru,2026-09-17 08:08,article,В районах Приангарья вводят режим повышенной готовности из-за медведей,https://dzen.ru/a/aqugWkjUgT5jjda2,2,0,43,"Муниципальным образованиям Иркутской области, где участились случаи выходов медведей к людям, рекомендуют ввести режим повышенной готовности. Об этом сообщил глава региона Игорь Кобзев. «На сегодня та"
irk.aif.ru,2026-09-17 08:00,article,25 Байкальский кинофестиваль «Человек и Природа» открылся в Иркутске,https://dzen.ru/a/aque7kjUgT5jjczW,0,0,112,"25-й Байкальский международный кинофестиваль «Человек и Природа» имени В. Г. Распутина торжественно открылся в Иркутске. В его конкурсной программе представлено 35 работ, подготовленных режиссёрами Ро"
irk.aif.ru,2026-09-17 05:11,article,В туристическом 130 квартале Иркутска перекладывают плитку,https://dzen.ru/a/aqt3REjUgT5jjNeN,2,1,120,"В конце августа подрядные организации приступили к перекладке плитки на территории 130-го квартала. Оценить ход работ выехали мэр Иркутска Руслан Болотов, представители профильных комитетов мэрии, МКУ"
irk.aif.ru,2026-09-17 03:50,article,Фильм о Шишкинских писаницах сняли в Иркутске,https://dzen.ru/a/aqtj0E5PhhqP3VlP,1,0,37,В Иркутске сняли научно-популярный фильм «Шишкинские писаницы» о наскальных рисунках. Об этом в соцсетях сообщила киностудия «Матёра». «В петроглифах отражаются и интеллектуальный мир древнего человек
irk.aif.ru,2026-09-17 03:17,article,Медведя застрелили рядом с кафе в Иркутской области,https://dzen.ru/a/aqtcON8hLg35mfU5,0,0,41,"В Братске застрелили медведя, которого видели возле кафе. Об этом irk.aif.ru сообщили в администрации города. С 14 по 17 сентября в городе ликвидировали пять хищников. Двух застрелили в районе садовод"
irk.aif.ru,2026-09-17 01:59,article,"В Иркутской области застрелили медведя, который пытался ворваться в дом",https://dzen.ru/a/aqtJwk5PhhqP3Rgl,4,0,45,"В садоводстве «Лесники» Усть-Илимского района 16 сентября застрелили медведя, который ранее пытался ворваться в частный дом. Об этом сообщила официальный представитель МВД России Ирина Волк. «На место"
irk.aif.ru,2026-09-16 15:54,article,Житель Крыма принял участие в пятом сезоне шоу «Титаны» на ТНТ,https://dzen.ru/a/aqq8SB3cWgqrLq0e,0,0,74,"Житель Алушты Павел Петрусевич стал участником пятого сезона шоу «Титаны» на канале ТНТ. Как сообщает издание КП-Иркутск, спортсмену 29 лет, он чемпион всероссийских соревнований по сумо и чемпион Кры"
irk.aif.ru,2026-09-16 14:47,article,Денис Мацуев сыграл на уличном пианино в центре Иркутска,https://dzen.ru/a/aqqsv0jUgT5jiFaD,8,0,36,Всемирно известный пианист Денис Мацуев сыграл на уличном фортепиано в центре Иркутска. Об этом irk.aif.ru рассказали в городской администрации. Музыкант решил устроить спонтанный концерт во время про
irk.aif.ru,2026-09-16 14:14,article,Машина перевернулась из-за столкновения с другим авто в Иркутске,https://dzen.ru/a/aqqk298hLg35leis,5,0,36,"В результате ДТП в Иркутске 16 сентября 2026 перевернулся автомобиль «Тойота Рейс», его водитель пострадала. Об этом irk.aif.ru сообщили в Госавтоинспекции города. 48-летняя женщина, которая была за р"
irk.aif.ru,2026-09-16 08:51,article,В Иркутске закончили обновлять фасад Московских ворот,https://dzen.ru/a/aqpY_B3cWgqrLV91,0,0,77,"В Иркутске завершили ремонт внешней части Московских ворот. Мэр Руслан Болотов приехал на Нижнюю набережную Ангары и посмотрел, как всё сделано. «Московские ворота появились здесь в рамках подготовки "
irk.aif.ru,2026-09-16 06:46,article,Урожай дружбы. Фестиваль «Багач собирает друзей» прошёл в Иркутской области,https://dzen.ru/a/aqo73EjUgT5jhVyt,9,0,178,"В культурах многих народов есть осенний праздник, посвящённый урожаю и плодородию. Белорусы — не исключение, в сентябре они отмечают Багач. А в Иркутской области уже пятый раз состоялся приуроченный к"
irk.aif.ru,2026-09-16 05:43,article,Полицейские защитили жителей посёлка от медведя в Иркутской области,https://dzen.ru/a/aqos8UjUgT5jhQCl,23,0,35,"В Усть-Илимском районе в полицию поступил звонок о том, что по одной из улиц садоводства «Лесник» бродит медведь. На место направили экипаж полиции и представителей экологических служб. Об этом сообща"
irk.aif.ru,2026-09-16 04:36,article,Джазовый музыкант Мистер Мелвин выступит с концертом в Иркутске 6 октября,https://dzen.ru/a/aqodWN8hLg35klvV,2,0,75,Джазовый музыкант Мистер Мелвин выступит с концертом в Иркутске 6 октября. Об этом irk.aif.ru сообщили организаторы мероприятия. Мистер Мелвин — сценическое имя Мелвина Тревиса. Музыкант обучался в Па
irk.aif.ru,2026-09-15 13:49,article,Мемориальную доску участнику СВО Евгению Суслову открыли в Иркутске,https://dzen.ru/a/aqlR5N8hLg35jfYJ,2,0,46,"В Иркутске открыли мемориальную доску кавалеру ордена Мужества Евгению Суслову. Её разместили на фасаде школы № 23 на улице Советской, 172, где он учился. Об этом irk.aif.ru сообщили в пресс-службе го"
irk.aif.ru,2026-09-15 11:21,article,СК: возбуждено уголовное дело после схода 11 вагонов в Иркутской области,https://dzen.ru/a/aqkrCR3cWgqrKg5p,0,0,40,В Иркутской области возбудили уголовное дело после схода с рельсов 11 вагонов. Об этом irk.aif.ru сообщили в пресс-службе Восточно-Сибирской железной дороги. «В августе на перегоне станции Облепиха — 
irk.aif.ru,2026-09-15 09:58,article,Стала известна программа кинофестиваля «Человек и Природа»,https://dzen.ru/a/aqkXFt8hLg35jHAI,0,0,120,"На 25-м Байкальском международном кинофестивале «Человек и Природа» в Иркутске зрители смогут пообщаться с известными актерами и режиссерами. Рассказываем о программе фестиваля. «Кинофестиваль ""Челове"
irk.aif.ru,2026-09-15 05:23,article,Экс-директора фирмы в Иркутске обязали вернуть 100 млн за контрабанду леса,https://dzen.ru/a/aqjcTt8hLg35iwBz,9,0,46,В Иркутске бывшего директора лесозаготовительной компании обязали вернуть 100 миллионов рублей за контрабанду леса. Об этом irk.aif.ru сообщили в объединенной пресс-службе судов общей юрисдикции Иркут
irk.aif.ru,2026-09-15 03:43,article,В Иркутской области за выборами будут следить больше 3800 наблюдателей,https://dzen.ru/a/aqjAkN8hLg35imN8,0,0,111,Политические партии договорились с Центром общественного наблюдения о совместной работе. Сам центр откроют в Иркутской области вечером в четверг — за 12 часов до начала голосования. Тогда же проверят 
irk.aif.ru,2026-09-15 03:18,article,Стала известна программа кинофестиваля «Человек и Природа»,https://dzen.ru/a/aqjAkN8hLg35imN-,0,0,120,"На 25-м Байкальском международном кинофестивале «Человек и Природа» в Иркутске зрители смогут пообщаться с известными актерами и режиссерами. Рассказываем о программе фестиваля. ""Кинофестиваль «Челове"
irk.aif.ru,2026-09-14 13:30,article,Прислал телеграмму от убитого. Преступник 26 лет жил под чужим именем,https://dzen.ru/a/aqf43N8hLg35hhfq,28,0,157,"Когда сотрудники уголовного розыска в Белгородской области остановили 51-летнего мужчину и назвали его настоящим именем — он понял: всё. Почти 30 лет мужчина жил по чужим документам, привык к другому "
irk.aif.ru,2026-09-14 11:31,article,За дропперство осудили 20-летнего жителя Братского района,https://dzen.ru/a/aqfbnd8hLg35hXEN,3,0,57,"В сентябре 2025 года житель Вихоревки, испытывая материальные трудности, в одном из каналов популярного мессенджера откликнулся на объявление с предложением лёгкого заработка за оформление на своё имя"
irk.aif.ru,2026-09-14 10:46,article,Фермер палкой пытался отогнать медведя в Иркутской области,https://dzen.ru/a/aqfRH0jUgT5jd-KA,10,0,32,Работник фермы пытался отогнать медведя от задавленной свиньи — мужчина получил травмы. Об этом сообщает пресс-служба МВД РФ по Иркутской области. «Всё произошло в деревне Ук-Бадарановка Иркутской обл
irk.aif.ru,2026-09-14 09:57,article,В Приангарье свыше 37 000 человек проголосуют через «Мобильный избиратель»,https://dzen.ru/a/aqfFzt8hLg35hPFS,0,0,75,"Сегодня, 14 сентября 2026 года, последний день, когда можно подать заявление о голосовании на выборах депутатов Госдумы по месту нахождения. Сделать это через портал Госуслуг можно до 23:59 по московс"
irk.aif.ru,2026-09-14 07:08,article,Пьяный школьник устроил ДТП с пострадавшими в Иркутской области,https://dzen.ru/a/aqedv0jUgT5jdrx4,13,0,51,"В Эхирит-Булагатском районе 13 сентября трое подростков пострадали в ДТП, перевернувшись на автомобиле. Об этом irk.aif.ru сообщили в пресс-службе Госавтоинспекции по Иркутской области. «На шестом кил"
irk.aif.ru,2026-09-14 06:50,article,Здание с рестораном продают в Иркутске за 104 млн рублей,https://dzen.ru/a/aqeZfEjUgT5jdqPs,4,0,36,"В 130-м квартале в Иркутске на продажу выставили здание с рестораном за 104 миллиона рублей. Объявление появилось на одном из сайтов по продаже недвижимости. Здание, которое находится на улице Седова,"
irk.aif.ru,2026-09-14 05:25,article,Житель Иркутской области погиб от нападения медведя,https://dzen.ru/a/aqeGMx3cWgqrJXYV,18,0,38,В Киренском районе мужчина отправился в лес за грибами и погиб от лап медведя. Об этом irk.aif.ru сообщили в пресс-службе ГУ МВД по Иркутской области. «Пенсионер из села Алымовка отправился за грибами
irk.aif.ru,2026-09-14 04:18,article,Более 54 млн взыскали с жителя Иркутска за контрабанду леса,https://dzen.ru/a/aqd2EEjUgT5jdewT,0,0,39,В Иркутске с руководителя фирмы взыскали более 54 миллионов рублей за контрабанду леса. Об этом irk.aif.ru сообщили в пресс-службе прокуратуры по Иркутской области. «С 2014 по 2018 годы руководитель о
irk.aif.ru,2026-09-14 02:33,article,Контрафакта на 250 тысяч обнаружили у предпринимателя в Иркутской области,https://dzen.ru/a/aqddCkjUgT5jdXKb,8,3,42,"Прокуратура провела проверку в одной из торговых точек Иркутска. Там выявили товары, на которые были незаконно нанесены товарные знаки известных брендов. Об этом сообщает пресс-служба восточно-сибирск"
irk.aif.ru,2026-09-13 06:04,article,Драматургу из Черемхова Владимиру Гуркину исполнилось 75 лет,https://dzen.ru/a/aqY_Ih3cWgqrIj1V,7,0,89,13 сентября 2026 года исполняется 75 лет со дня рождения драматурга Владимира Гуркина. В честь этой памятной даты в Черемхово с 6 сентября идёт всероссийский фестиваль «Театральная провинция». Подробн
irk.aif.ru,2026-09-12 12:09,article,Водитель мотоцикла столкнулся с кроссовером и погиб в Иркутской области,https://dzen.ru/a/aqVBf3OQWXLZnITn,10,0,33,"В Ангарске 12 сентября произошло дорожно-транспортное происшествие, в котором погиб мотоциклист. Об этом irk.aif.ru сообщили в пресс-службе Госавтоинспекции по Иркутской области. «51-летний водитель а"
irk.aif.ru,2026-09-12 11:56,article,Заморозки до -5 градусов ожидаются в Иркутской области 13 и 14 сентября,https://dzen.ru/a/aqU-pGFhSwy0xUs5,8,0,37,"В Иркутской области 13 и 14 сентября местами ожидаются заморозки до −0, 5 градусов. Об этом irk.aif.ru сообщили в пресс-службе регионального ГУ МЧС. «В северных районах 13 сентября местами пройдут кра"
irk.aif.ru,2026-09-12 10:15,article,Два человека погибли в ДТП с грузовиком и кроссовером в Иркутской области,https://dzen.ru/a/aqUm6HOQWXLZm_l9,7,0,50,На федеральной трассе «Вилюй» в Братском районе 12 сентября при столкновении грузовика и кроссовера погибли два человека. Об этом irk.aif.ru сообщили в пресс-службе Госавтоинспекции по Иркутской облас
irk.aif.ru,2026-09-12 07:00,article,Глава СК запросил доклад по делу гибели мальчика в ДТП в Иркутской области,https://dzen.ru/a/aqT5JWFhSwy0w9gM,6,0,51,"Председатель Следственного комитета Александр Бастрыкин запросил доклад по уголовному делу о ДТП в Иркутской области, в котором погиб пятилетний мальчик. Об этом сообщили в Информационном центре СК Ро"
irk.aif.ru,2026-09-12 05:21,article,Авиакомпанию оштрафовали за продажу лишних билетов в Иркутске,https://dzen.ru/a/aqTh1HOQWXLZmoTF,1,0,40,"В Иркутске авиакомпания получила штраф за то, что продала больше билетов, чем было мест в самолёте. Об этом irk.aif.ru сообщили в пресс-службе Восточно-Сибирской транспортной прокуратуры. «В 2025 году"
irk.aif.ru,2026-09-12 02:42,article,29 детей пострадали от укусов клещей за неделю в Иркутской области,https://dzen.ru/a/aqS8-GFhSwy0wqUT,0,0,3,В Иркутской области с начала эпидсезона было зарегистрировано 21 324 обращения.
irk.aif.ru,2026-09-11 15:22,article,"В Тайшете легковая столкнулась со скорой, есть пострадавшие",https://dzen.ru/a/aqQdX2FhSwy0vzZ1,2,0,42,"В Тайшете сотрудники Госавтоинспекции выясняют, как произошла авария с участием скорой помощи. Оно произошло утром 11 сентября на перекрёстке улиц Ленина и Пушкина. «По предварительным данным, 43-летн"
irk.aif.ru,2026-09-11 09:24,article,Верховный суд разрешил возбудить уголовное дело на судью в Иркутске,https://dzen.ru/a/aqPJm2FhSwy0vUdf,9,0,44,"Верховный суд России отказал в удовлетворении жалобы судьи Арбитражного суда Иркутской области в отставке, которая пыталась оспорить решение Высшей квалификационной коллегии судей (ВККС) о согласии на"
irk.aif.ru,2026-09-11 08:49,article,В Братске мужчину приговорили к сроку в колонии за хранение пороха,https://dzen.ru/a/aqPBAHOQWXLZlDrG,0,0,45,"В Братске мужчину осудили за хранение и сбыт пороха и боеприпасов. Об этом сообщили в пресс-службе судов Иркутской области. Падунский районный суд Братска вынес приговор местному жителю, признанному в"
irk.aif.ru,2026-09-11 07:40,article,Авторитет из Шелехова занял высший пост преступной иерархии и попал под суд,https://dzen.ru/a/aqOxK6KBtmtjPfR1,4,0,38,"В Иркутской области перед судом предстанет мужчина, обвиняемый в экстремистской деятельности. Об этом сообщили в региональном Следственном комитете. 39-летний житель Шелехова обвиняется в организации "
irk.aif.ru,2026-09-11 06:45,article,СК возбудил уголовное дело по факту гибели ребенка в ДТП в Ангарске,https://dzen.ru/a/aqOj5u6e4WkGCoT4,3,0,31,"В Ангарске возбуждено уголовное дело после ДТП, в котором погиб пятилетний ребенок. Об этом сообщили в региональном Следственном комитете. В Ангарске возбуждено уголовное дело в отношении 63-летней же"
irk.aif.ru,2026-09-11 04:43,article,В Братском районе бойцу СВО задолжали зарплату,https://dzen.ru/a/aqOHo6KBtmtjPRYF,0,0,31,"Прокуратура Братского района восстановила трудовые права участника СВО. Об этом сообщили в прокуратуре Иркутской области. Проверка показала, что в январе 2026 года работодатель задержал ему зарплату, "
irk.aif.ru,2026-09-11 03:14,article,В иркутской школе открыли мемориальную доску в честь бойца СВО Голышева,https://dzen.ru/a/aqNyf-6e4WkGCf87,3,0,45,На фасаде иркутской школы № 30 имени Ильи Легкодимова установили мемориальную доску в память об Александре Голышеве — участнике СВО и кавалере ордена Мужества. Об этом сообщили в мэрии. Почтить память
irk.aif.ru,2026-09-11 00:45,article,В Катангском районе начался отопительный сезон,https://dzen.ru/a/aqNQXcWGh2NiFxom,2,0,58,В Иркутской области завершается подготовка к отопительному сезону 2026–2027 годов. Об этом сообщили в пресс-службе регионального правительства. По состоянию на 11 сентября отопительный период уже нача
irk.aif.ru,2026-09-10 10:02,article,В Иркутске пенсионерка-дебоширка напала на полицейского,https://dzen.ru/a/aqKB2RwIljOW5FGN,14,0,27,В Иркутске женщину оштрафовали за нападение на полицейского. Об этом сообщили в МВД по Иркутской области. В Иркутске суд признал 66-летнюю местную жительницу виновной в применении насилия к представит
irk.aif.ru,2026-09-10 09:30,article,В Улан-Удэ врач спас от мошенников 3 млн рублей пациентки на приеме,https://dzen.ru/a/aqJ5x8SWjwEs0aeb,3,0,75,В Улан-Удэ офтальмолог спас пациентку во время приема от мошенников. Об этом пишет КП-Иркутск. Чингис Цыденбаев работает заведующим офтальмологическим дневным стационаром поликлиники № 6 в Улан-Удэ. В
irk.aif.ru,2026-09-10 08:52,article,"Задержан курьер мошенников, притворявшихся губернатором Иркутской области",https://dzen.ru/a/aqJxpu6e4WkGByaP,14,0,44,"В Иркутской области задержали курьера телефонных мошенников, выдававших себя за губернатора. Об этом сообщили в региональном МВД. Полиция задержала 20-летнего жителя Новосибирска, которого подозревают"
irk.aif.ru,2026-09-10 08:29,article,В Тулуне дети подожгли диван в подъезде и сняли это на видео для соцсетей,https://dzen.ru/a/aqJq4xwIljOW46MJ,5,0,38,"Девять человек спасли при пожаре в Тулуне. Об этом сообщили в МЧС по Иркутской области. Пожар произошел вечером в поселке Стекольный в Тулуне. По предварительным данным, трое подростков в возрасте от "
irk.aif.ru,2026-09-10 08:01,article,В Забайкалье семья назвала шестерых детей именами на букву «А»,https://dzen.ru/a/aqJkLaKBtmtjNlgi,209,0,96,В семье Абесоновых из Забайкальского края имена почти всех детей начинаются с буквы «А». Об этом пишет КП-Иркутск. В публикации говорится о семье Абесоновых из села Ононское Забайкальского края. Эта м
irk.aif.ru,2026-09-10 06:51,article,Недвижимость сектантов конфисковали в Иркутске,https://dzen.ru/a/aqJUpKKBtmtjNep3,12,0,37,"Октябрьский районный суд Иркутска удовлетворил иск прокурора и признал мнимым договор пожертвования, по которому местная религиозная организация передала объединению в Австрии два земельных участка и "
irk.aif.ru,2026-09-10 05:26,article,В Качугском районе с лесозаготовителя взыскали более 900 тысяч рублей,https://dzen.ru/a/aqJATqKBtmtjNVm5,3,0,29,"Прокуратура Качугского района выявила нарушения законодательства о животном мире. Об этом сообщили в прокуратуре Иркутской области. Установлено, что из-за деятельности одного из лесозаготовителей в 20"
irk.aif.ru,2026-09-10 04:46,article,Сбитая хивусом на льду Байкала женщина раскрыла подробности,https://dzen.ru/a/aqI2zKKBtmtjNRcm,1,0,65,"В Иркутской области суд рассмотрит дело о наезде хивуса на женщину. Об этом пишет КП-Иркутск. Как пишет издание, 39-летняя Ирина попала под хивус 15 февраля 2026 года. В тот день она с подругой приеха"
irk.aif.ru,2026-09-10 04:02,article,В Черемхово более 6 тысяч человек отметили медалями «За доблестный труд»,https://dzen.ru/a/aqIsE-6e4WkGBjYn,0,0,133,"Двенадцати городам, включая Черемхово Иркутской области, будет присвоено звание «Город трудовой доблести». С такой инициативой от имени горожан к Президенту России Владимиру Путину обратилась Единая Р"
irk.aif.ru,2026-09-10 03:12,article,"Стало известно, когда включат отопление в Ангарске",https://dzen.ru/a/aqIglaKBtmtjNIGC,1,0,35,"С понедельника, 14 сентября, в Ангарске Иркутской области начнется подача тепла. Об этом сообщили в мэрии. В первую очередь отопление включат в детских садах, школах и больницах. Жилые дома будут подк"
irk.aif.ru,2026-09-10 02:06,article,В Иркутской области началась вакцинация животных от узелкового дерматита,https://dzen.ru/a/aqIRqBwIljOW4TlI,7,1,35,В населенных пунктах Иркутского муниципального округа началась вакцинация сельскохозяйственных животных от узелкового дерматита. Об этом сообщил губернатор Иркутской области Игорь Кобзев в Max. В реги
irk.aif.ru,2026-09-10 00:54,article,В Листвянке появилась 7-метровая стела с изображением Байкала,https://dzen.ru/a/aqIALKKBtmtjM7Kc,5,0,31,"9 сентября 2026 года на въезде в поселок Листвянка открыли семиметровую стелу с названием населенного пункта и изображением Байкала. Конструкцию установили рядом со смотровой площадкой, сообщил в свое"
irk.aif.ru,2026-09-09 11:31,article,В Иркутске по делу об убийстве разыскивают без вести пропавшего мужчину,https://dzen.ru/a/aqFEMsSWjwEszCtH,7,0,30,"Следователи СК по Куйбышевскому району Иркутска расследуют уголовное дело об убийстве и просят граждан помочь установить личность мужчины, который мог пропасть без вести в период с 2020 по 2023 год. П"
irk.aif.ru,2026-09-09 10:19,article,В Иркутске задержали автоугонщика,https://dzen.ru/a/aqEzF6KBtmtjLajm,1,0,32,"Вечером в Иркутске на улице Байкальской неизвестный угнал фургон Fiat Ducato. Об этом рассказали в МВД по Иркутской области. Очевидец угона сообщил о происшествии в полицию, после чего прибывшие сотру"
irk.aif.ru,2026-09-09 10:02,article,Жителю Тайшета грозит 6 лет лишения свободы за кражу телевизора,https://dzen.ru/a/aqEuz6KBtmtjLXyn,3,0,34,"В Тайшете полицейские по горячим следам раскрыли кражу телевизора из комнаты 85-летней местной жительницы. Об этом сообщили в МВД по Иркутской области. Пенсионерка обратилась в полицию после того, как"
irk.aif.ru,2026-09-09 07:34,article,Опыт реконструкции аэродромов Усть-Кута применят к другим аэропортам,https://dzen.ru/a/aqEMn6KBtmtjLCaj,4,0,46,В Иркутской области планируют применить опыт ремонта аэродромов Усть-Кута и Киренска на остальных аэропортах региона. Реконструкцию аэропортов обсудили заместитель министра транспорта РФ Владимир Поте
irk.aif.ru,2026-09-09 06:01,article,В Усольском районе сгорела квартира в многоэтажке,https://dzen.ru/a/aqD2jKKBtmtjK1Fm,1,0,30,Днем 8 сентября в поселке Белореченский Усольского района произошел пожар в квартире на четвертом этаже многоквартирного дома. Об этом сообщили в МЧС по Иркутской области. До прибытия пожарных из зады
irk.aif.ru,2026-09-09 05:02,article,Штурмовик из Эхирит-Булагатского района Антипин погиб на СВО,https://dzen.ru/a/aqDpP6KBtmtjKs9R,3,0,36,"В зоне СВО погиб уроженец поселка Бозой Эхирит-Булагатского района, рядовой Сергей Антипин. Об этом сообщил глава муниципалитета Геннадий Осодоев. Мужчина родился 13 февраля 1994 года, после школы око"
irk.aif.ru,2026-09-09 04:05,article,В Иркутске могут перенести начало отопительного сезона,https://dzen.ru/a/aqDbg8SWjwEsyC-T,13,0,42,"В Иркутске обсудили готовность города к отопительному сезону. Об этом сообщили в администрации. По данным мэрии, из 25 котельных к зиме уже подготовлены 19, на теплоисточниках создан запас топлива. Ре"
irk.aif.ru,2026-09-09 03:07,article,В Шелехове 15-летнему подростку дали 8 лет за двойное убийство,https://dzen.ru/a/aqDN-sSWjwEsx627,13,0,37,"В Шелехове 15-летнего подростка приговорили к восьми годам лишения свободы за убийство двух человек. Об этом сообщили в СК по Иркутской области. По данным следствия, 12 октября 2025 года в подъезде мн"
irk.aif.ru,2026-09-09 02:01,article,В Иркутске выступит легендарная группа t.A.T.u,https://dzen.ru/a/aqC-T6KBtmtjKVTB,1,0,46,"Российская поп-группа t.A.T.u. выступит с большим сольным концертом в Иркутске 13 ноября. Начало шоу запланировано на 19:00. Для зрителей подготовили хиты «All The Things She Said», «Не верь, не бойся"
irk.aif.ru,2026-09-09 00:46,article,В Иркутской области усилили группы по отстрелу медведей,https://dzen.ru/a/aqCtL6KBtmtjKNAK,3,0,41,"В Иркутской области продолжается работа по регулированию численности медведей из-за участившихся случаев выхода хищников к населенным пунктам. Для этого создали 81 оперативную группу, в которых задейс"
irk.aif.ru,2026-09-08 15:17,article,89 опасных медведей ликвидировали в Иркутской области,https://dzen.ru/a/aqAnZ8SWjwEswebD,20,0,42,"Только за минувшие выходные в Службу спасения поступило больше 50 звонков от жителей разных районов области с сообщениями о том, что к посёлкам подходят косолапые. Люди сообщали, что видели их. Об это"
irk.aif.ru,2026-09-08 15:03,article,Школьники и студенты Иркутской области могут бесплатно обучиться IT,https://dzen.ru/a/aqAkwaKBtmtjI_Sz,0,0,53,В Иркутской области у школьников и студентов колледжей есть возможность бесплатно освоить современные IT-направления — всё в рамках федерального проекта «Код будущего». Об этом irk.aif.ru сообщили в п
irk.aif.ru,2026-09-08 14:54,article,Более 400 жителей Иркутска расселили из аварийных домов,https://dzen.ru/a/aqAhtcSWjwEswaos,0,0,44,В Иркутске за два года по программе комплексного развития территорий новые квартиры получили уже больше 400 человек. Основной срок исполнения большинства соглашений – до 2033 года. Об этом irk.aif.ru 
irk.aif.ru,2026-09-08 14:01,article,"Кота, попавшего в капкан, спасли в Иркутской области",https://dzen.ru/a/aqAViqKBtmtjI1uk,3,0,51,"В Тулуне местные ветеринары выручили кота, который попал в беду, — он угодил в капкан. Об этом irk.aif.ru сообщили в пресс-службе Ассоциации ветеринарии Иркутской области. Трёхлетнего питомца принесли"
irk.aif.ru,2026-09-08 12:40,article,Малый ковчег с мощами Дмитрия Донского прибудет в Крым,https://dzen.ru/a/aqAEDaKBtmtjIpO2,22,0,50,"Малый ковчег с мощами благоверного князя Дмитрия Донского прибудет в Крым — святые можно будет поклониться в Симферополе, а также Севастополе. Об этом сообщает КП-Крым. «Сугубой милостью Божией наша Ц"
irk.aif.ru,2026-09-08 10:01,article,В Иркутске приступили к восстановлению памятника Борцам революции,https://dzen.ru/a/ap_dUMSWjwEsvs3n,2,0,39,"В Иркутске начали восстанавливать памятник Борцам революции у историко-мемориального комплекса «Иерусалимская гора». Работы планируют завершить до конца 2026 года, сообщил мэр города Руслан Болотов. С"
irk.aif.ru,2026-09-08 08:38,article,СК возбудил уголовное дело по факту невыплаты зарплаты в Ангарске,https://dzen.ru/a/ap_VDqKBtmtjIK24,10,0,36,"В Ангарске возбудили уголовное дело в отношении руководства организации по факту полной невыплаты заработной платы работникам свыше двух месяцев. Дело возбуждено по материалам проверки прокуратуры, со"
irk.aif.ru,2026-09-08 08:10,article,Утверждены компенсации за изъятый в Иркутском районе из-за болезни скот,https://dzen.ru/a/ap_U66KBtmtjIKxo,11,0,37,Жителям Иркутского муниципального округа выплатят компенсации за изъятый из-за узелкового дерматита крупный рогатый скот по цене выше рыночной. Об этом сообщил губернатор Иркутской области Игорь Кобзе
irk.aif.ru,2026-09-08 07:07,article,"В Иркутске осудили женщину, убившую мужчину камнем и утопившую его в Ангаре",https://dzen.ru/a/ap_U_qKBtmtjIK0S,3,0,39,"Ленинский районный суд Иркутска вынес приговор 43-летней местной жительнице по делу об убийстве мужчины, совершенном в 2012 году. Об этом сообщили в прокуратуре Иркутской области. Женщину признали вин"
irk.aif.ru,2026-09-08 06:18,article,В Мамско-Чуйском районе прокуратура помогла осветить дорогу,https://dzen.ru/a/ap_U_qKBtmtjIK0E,7,0,35,В рабочем поселке Мама Мамско-Чуйского района после вмешательства прокуратуры установили стационарное освещение на улицах Октябрьская и Связи. Об этом сообщили в прокуратуре Иркутской области. Ранее п
irk.aif.ru,2026-09-08 05:24,article,В Иркутском районе изменили место ликвидации больного скота,https://dzen.ru/a/ap_U_qKBtmtjIK0b,5,0,52,"В Иркутском муниципальном округе изменили место, где будут уничтожать изъятый у населения скот, зараженный узелковым дерматитом. Новый участок находится примерно в трех километрах от деревни Бутырки. "
irk.aif.ru,2026-09-08 02:08,article,В Братске заметили медведя,https://dzen.ru/a/ap_VA8SWjwEsvoSK,2,0,30,В Братске охотоведы проверяют информацию о появлении медведя в районе Курчатовского лога и прилегающих лесных массивах. Мэр города Александр Дубровин призвал жителей с осторожностью отнестись к предуп
irk.aif.ru,2026-09-08 00:59,article,"В Иркутской области с посредника взяток взыскали 1,6 млн рублей",https://dzen.ru/a/ap_U7sSWjwEsvoQf,3,0,34,"В Иркутской области с местного жителя взыскали 1,6 млн рублей в доход государства. Об этом сообщили в Восточно-Сибирской транспортной прокуратуре. Ранее мужчина был осужден за посредничество во взяточ"
irk.aif.ru,2026-09-07 14:03,article,Участие в крестном ходе приняли более 15 тысяч жителей Иркутска,https://dzen.ru/a/ap_U7cSWjwEsvoQW,2,0,46,"Иркутск в 2026 году стал одним из 13 городов, принимающих ковчег с мощами святителя Спиридона Тримифунтского, которые привезли с острова Корфу. Об этом сообщает пресс-служба администрации города. «Кол"
irk.aif.ru,2026-09-07 13:40,article,За помощь мошенникам суд назначил штраф 17-летней жительнице Киренска,https://dzen.ru/a/ap_U_qKBtmtjIK0G,1,0,53,"Через банковскую карту 17-летней жительницы прошло около 200 тысяч рублей. Как сообщает пресс-служба МВД Иркутской области, предположительно, они имеют криминальное происхождение. За участие в преступ"
irk.aif.ru,2026-09-07 08:24,article,В Чунском районе отца отдали под суд за покупку сыну мотоцикла,https://dzen.ru/a/ap51kqKBtmtjFVq7,9,0,55,"В Чунском районе завершено расследование уголовного дела в отношении 44-летнего местного жителя, обвиняемого в вовлечении несовершеннолетнего в совершение действий, представляющих опасность для его жи"
irk.aif.ru,2026-09-07 07:12,article,"В Иркутской области отдали под суд водителя хивуса, сбившего женщину",https://dzen.ru/a/ap5kfKKBtmtjFLVr,3,0,38,"В Иркутской области судят судоводителя, сбившего женщину на коньках на Байкале. Об этом сообщили в Восточном МСУТ СК России. Завершено расследование уголовного дела в отношении 26-летнего жителя Иркут"
irk.aif.ru,2026-09-07 06:25,article,Названа дата открытия аэропорта Киренска,https://dzen.ru/a/ap5ZBKKBtmtjFE0O,0,0,40,Аэропорт Киренска в Иркутской области возобновит работу с 8 сентября. Об этом сообщил губернатор Иркутской области Игорь Кобзев. Аэропорт был закрыт с 1 июня 2026 года из-за неудовлетворительного сост
irk.aif.ru,2026-09-07 03:43,article,Почти 100 голов КРС уничтожат из-за опасной болезни животных под Иркутском,https://dzen.ru/a/ap4zesSWjwEssN2E,6,0,45,В деревнях Бутырки и Коты Иркутского округа зафиксировали 96 случаев заразного узелкового дерматита среди крупного рогатого скота. Об этом сообщили в правительстве Иркутской области. В Бутырках введен
irk.aif.ru,2026-09-07 02:59,article,В Братске медведь напал на охотника,https://dzen.ru/a/ap4o1KKBtmtjEo7A,56,1,54,За прошедшие выходные мобильные группы охотников и сотрудников службы по охране животных в рамках регулирования численности добыли три особи медведя. Отстрел проходил в правобережном районе Братска во
irk.aif.ru,2026-09-07 01:53,article,Иркутский певец с особенностями записал новую песню Фадеева и Захаровой,https://dzen.ru/a/ap4ZQcSWjwEsr-yy,29,0,39,"4 сентября состоялась премьера композиции «Взлетаем на грозу», авторами которой выступили продюсер Максим Фадеев и официальный представитель МИД России Мария Захарова. Исполнил песню 24-летний музыкан"
irk.aif.ru,2026-09-07 01:00,article,В Иркутской области склад древесины привели в порядок после проверки,https://dzen.ru/a/ap4NMKKBtmtjEZda,2,0,34,"Нижнеудинская транспортная прокуратура провела проверку на предприятии, занимающемся внешнеэкономической деятельностью. Об этом сообщили в пресс-службе Восточно-Сибирской транспортной прокуратуры. Выя"
irk.aif.ru,2026-09-06 09:33,article,В Усть-Илимске жители разрушающегося дома обратились к Бастрыкину,https://dzen.ru/a/ap00QaKBtmtjCpjQ,5,0,39,Председатель Следственного комитета России Александр Бастрыкин затребовал доклад о результатах проверки по обращению жителей многоквартирного дома на улице Наймушина в Усть-Илимске. Об этом сообщили в
irk.aif.ru,2026-09-06 07:08,article,Отец семерых детей из Иркутской области Сократ Обогонов погиб на СВО,https://dzen.ru/a/ap0SBaKBtmtjCYYs,4,0,32,В ходе СВО погиб уроженец Эхирит-Булагатского района Сократ Обогонов. Об этом сообщил глава муниципалитета Геннадий Осодоев. 7 апреля 2026 года при освобождении населённого пункта Варваровка Запорожск
irk.aif.ru,2026-09-06 05:13,article,У коров ЗУД. В Иркутской области ввели карантин из-за опасной болезни,https://dzen.ru/a/apz3KaKBtmtjCKnf,257,3,209,"Под Иркутском ввели карантин из-за опасной болезни, которую вновь выявили у крупного рогатого скота. Коровы столкнулись с заразным узелковым дерматитом (ЗУД). Власти организовали мероприятия по борьбе"
irk.aif.ru,2026-09-06 04:49,article,Президент удостоил Черемхово звания «Город трудовой доблести»,https://dzen.ru/a/apzxdcSWjwEsppEB,8,0,61,Городу Черемхово Иркутской области присвоено звание «Город трудовой доблести». Соответствующий указ подписал президент Владимир Путин. «За значительный вклад жителей городов в достижение Победы в Вели
irk.aif.ru,2026-09-06 02:30,article,В Иркутске умерла заслуженный врач РФ Татьяна Павлова,https://dzen.ru/a/apzQ3qKBtmtjB3-b,67,0,29,"4 сентября умерла заслуженный врач РФ, кандидат медицинских наук, заместитель главврача Иркутской областной клинической больницы по педиатрической работе Татьяна Павлова. Об этом сообщило региональное"
irk.aif.ru,2026-09-05 11:11,article,В Иркутской области возбудили дело из-за гибели в пожаре пациента больницы,https://dzen.ru/a/apv5VqKBtmtjAHu0,4,0,28,В Железногорске-Илимском возбуждено дело после гибели пациента при пожаре в больнице. Об этом сообщили в СК по Иркутской области. 5 сентября в психоневрологическом отделении районной больницы произошл
irk.aif.ru,2026-09-05 06:12,article,В Бодайбо директора и главного инженера отдали под суд за майнинг в доме,https://dzen.ru/a/apuy-aKBtmtj_jHO,7,0,30,В Бодайбо директора и главного инженера фирмы будут судить за майнинг криптовалюты в жилом доме. Об этом сообщили в прокуратуре Иркутской области. Прокуратура утвердила обвинительное заключение по ч. 
irk.aif.ru,2026-09-05 04:11,article,Пенсионерке помогли оформить квартиру в собственность в Балаганском районе,https://dzen.ru/a/apuW-KKBtmtj_UR0,2,0,27,Прокуратура помогла 81-летней пенсионерке из Балаганского района признать право собственности на квартиру. Об этом сообщили в пресс-службе надзорного ведомства. Женщина более 30 лет проживала в жилом 
irk.aif.ru,2026-09-05 02:31,article,В Иркутской области приняли решение о ликвидации 160 медведей,https://dzen.ru/a/apt_msSWjwEsmqc_,58,4,32,В Иркутской области остаётся сложной ситуация с выходами медведей. Об этом сообщили в региональном Охотнадзоре. Специалисты Охотнадзора держат обстановку по ситуации с медведями в Иркутской области на
irk.aif.ru,2026-09-04 09:17,article,Под Иркутском ввели карантин из-за опасной болезни у коров,https://dzen.ru/a/apqM0qKBtmtj8-bo,3,0,39,В Иркутском районе ввели режим повышенной готовности из-за дерматита у коров. Об этом сообщили в администрации муниципалитета. Режим повышенной готовности объявлен на территории Иркутского муниципальн
irk.aif.ru,2026-09-04 08:28,article,Не пришить? Шестилетнему мальчику оторвало палец дверью подъезда,https://dzen.ru/a/apqBfaKBtmtj84oZ,9,0,293,"В Иркутской области шестилетнему мальчику оторвало верхнюю часть пальца, когда он закрывал дверь подъезда. Мать сразу же обратилась в больницу, но врачи не стали пришивать оторванную фалангу. Женщина "
irk.aif.ru,2026-09-04 08:12,article,Анатолий Серышев и Игорь Кобзев обсудили вопросы развития Иркутской области,https://dzen.ru/a/app91qKBtmtj82xw,5,0,73,"Полномочный представитель Президента в СФО Анатолий Серышев и губернатор Иркутской области Игорь Кобзев провели встречу, посвящённую социально-экономическому развитию региона. Обсуждались исполнение б"
irk.aif.ru,2026-09-04 07:38,article,Жительницу Бурятии осудили за езду с фальшивыми правами в Слюдянке,https://dzen.ru/a/app1_8SWjwEskY0n,6,0,44,"Жительница Бурятии осуждена за использование поддельных прав, купленных за 85 тысяч рублей. Об этом сообщили в прокуратуре Иркутской области. Слюдянский районный суд вынес приговор в отношении 31-летн"
irk.aif.ru,2026-09-04 06:20,article,В Иркутском районе застройщика обязали законсервировать недострой,https://dzen.ru/a/appjWcSWjwEskPtu,0,0,45,Прокуратура через суд обязала застройщика законсервировать недострой в Марково. Об этом сообщили в прокуратуре Иркутской области. Прокуратура Иркутского района проверила исполнение градостроительного 
irk.aif.ru,2026-09-04 05:12,article,В Иркутске иностранку оштрафовали за контрабанду алмазов и золотых колец,https://dzen.ru/a/appTnaKBtmtj8iV9,10,0,36,"В Иркутске осудили иностранку за контрабанду алмазов и драгоценностей на 6,3 млн рублей. Об этом сообщили в Восточно-Сибирской транспортной прокуратуре. Октябрьский районный суд Иркутска вынес пригово"
irk.aif.ru,2026-09-04 04:13,article,В Иркутске специалист по закупкам получил срок за хищение 4 млн рублей,https://dzen.ru/a/appGE8SWjwEskBke,11,0,56,Бывший специалист по закупкам иркутского предприятия осуждён на 3 года колонии за мошенничество на 4 млн рублей. Об этом сообщили в пресс-службе судов Иркутской области. Октябрьский районный суд Иркут
irk.aif.ru,2026-09-04 03:29,article,"В Иркутске почтили память медиков, погибших от COVID-19",https://dzen.ru/a/apo7YMSWjwEsj8in,2,0,49,"В Иркутске почтили память 46 медиков, погибших от COVID-19. Об этом сообщили в пресс-службе регионального правительства. В Иркутске прошла церемония, приуроченная ко Дню памяти медицинских работников,"
irk.aif.ru,2026-09-04 03:12,article,В Усть-Илимске в результате пожара погибла женщина,https://dzen.ru/a/apo3zsSWjwEsj65O,1,0,51,Женщина погибла на пожаре в Усть-Илимске из-за непотушенной сигареты. Об этом сообщили в МЧС по Иркутской области. Ночью 4 сентября на улице Наймушина загорелась квартира на втором этаже многоквартирн
irk.aif.ru,2026-09-04 01:53,article,В Иркутской области ребенок вырастил тыкву-гиганта весом под 900 кг,https://dzen.ru/a/apolSaKBtmtj8M2c,9,0,58,"12-летний житель Иркутской области везёт на чемпионат в Москву тыкву весом под 900 кг. Об этом сообщили в правительстве региона. Гигантскую тыкву, выращенную в селе Савватеевка Ангарского округа, отпр"
irk.aif.ru,2026-09-04 00:44,article,В Черемхово горнодобывающую компанию оштрафовали за отходы,https://dzen.ru/a/apoU2cSWjwEsjrcv,1,0,33,В Черемхово суд обязал угольную компанию убрать отвалы за пределами лицензионного участка. Об этом сообщили в пресс-службе надзорного ведомства. Прокуратура города Черемхово выявила нарушение при добы
irk.aif.ru,2026-09-03 09:33,article,Опоздавшему на самолет мужчине грозит срок за сообщение о бомбе в аэропорту,https://dzen.ru/a/apk_B8SWjwEshzq6,6,0,28,Жителю Подмосковья грозит суд за ложную бомбу в аэропорту Иркутска. Об этом сообщили в Восточно-Сибирской транспортной прокуратуре. Байкало-Ангарская транспортная прокуратура утвердила обвинительное з
irk.aif.ru,2026-09-03 08:30,article,"Школьница хотела вытащить отца из притона, но чуть не лишилась жизни",https://dzen.ru/a/apkwxMSWjwEshqjX,11,0,73,"В Улан-Удэ соседка напала с ножом на 17-летнюю девушку. Об этом сообщает КП-Иркутск. Инцидент произошел в начале лета в Советском районе. Как пишет издание, 17-летняя девушка с другом отправились иска"
irk.aif.ru,2026-09-03 07:46,article,В Иркутске мужчину осудили за падение качелей на 13-летнюю девочку,https://dzen.ru/a/apkmDcSWjwEshj0F,5,0,38,"В Иркутске мужчину оштрафовали за падение качелей на девочку. Об этом сообщили в прокуратуре Иркутской области. Ленинский районный суд Иркутска вынес приговор местному жителю, признанному виновным в о"
irk.aif.ru,2026-09-03 06:51,article,Водитель троллейбуса спасла пенсионерку от потери миллионов в Братске,https://dzen.ru/a/apkZO8SWjwEshbqL,9,0,77,"В Братске водитель троллейбуса спасла миллионы рублей пенсионерки. Об этом сообщает КП-Иркутск. Как пишет издание, 70-летняя женщина возвращалась домой на троллейбусе № 6, когда ей позвонили мошенники"
irk.aif.ru,2026-09-03 06:12,article,Погибшие в Иркутской области пчёлы были здоровы,https://dzen.ru/a/apkQzqKBtmtj5wf9,9,0,32,"В Иркутской области специалисты ветслужбы проверили пасеки, где произошла массовая гибель пчёл. Лабораторные исследования трупов насекомых, мёда и перги не выявили у них таких болезней, как варроатоз,"
irk.aif.ru,2026-09-03 05:34,article,"В Улан-Удэ 6-летняя девочка спасла двухлетнего брата, тонувшего в бассейне",https://dzen.ru/a/apkHaqKBtmtj5q6D,68,0,69,"В Бурятии 6-летняя девочка спасла двухлетнего брата, который чуть не утонул в бассейне. Об этом сообщает КП-Иркутск. В семье Раднаевых из Улан-Удэ трое детей — шестилетняя Даяна, двухлетний Тамир и их"
irk.aif.ru,2026-09-03 04:31,article,В Иркутске у бизнесмена изъяли контрафакт под видом брендовых вещей,https://dzen.ru/a/apj4a6KBtmtj5i2d,11,0,35,В Иркутске у предпринимателя изъяли контрафакт на 120 тысяч рублей. Об этом сообщили в Восточно-Сибирской транспортной прокуратуре. Байкало-Ангарская транспортная прокуратура провела проверку в одном 
irk.aif.ru,2026-09-03 03:44,article,Трёхкратный номинант на «Оскар» представит фильм на фестивале в Иркутске,https://dzen.ru/a/apjtv8SWjwEshDUy,1,0,51,"С 14 по 22 сентября в Иркутске пройдёт XXV Байкальский международный кинофестиваль «Человек и Природа» имени В.Г. Распутина. В программе — документальные, научно-популярные, анимационные, игровые и по"
irk.aif.ru,2026-09-03 03:15,article,Жители иркутского поселка пожаловались но повышение стоимости проезда,https://dzen.ru/a/apjmlcSWjwEsg_jK,12,0,40,"В Иркутском районе пассажиры маршрута № 402 «Иркутск — Плишкино» недовольны повышением тарифов. Как сообщает газета «Областная», с декабря 2025 года по октябрь 2026 года цена проезда выросла с 80 до 9"
irk.aif.ru,2026-09-03 00:37,article,В Иркутской области ввели штрафы за выезд на лёд,https://dzen.ru/a/apjCF6KBtmtj5GJo,0,0,32,"С 1 сентября в Иркутской области начали действовать штрафы за выезд транспорта на лёд в неразрешённых местах. Для граждан сумма взыскания составляет до 2 тысяч рублей, а при наличии пассажиров — до 3 "
irk.aif.ru,2026-09-02 11:31,article,17-летняя студентка завоевала корону в конкурсе «Мисс Крым-2026»,https://dzen.ru/a/apgJUVE6NU7Dd5g1,70,0,54,17-летняя Анастасия Чернышева из Севастополя одержала победу в конкурсе «Мисс Крым-2026» в Ялте. Об этом сообщает КП-Крым. Девушка окончила 11-й класс и поступила на хореографа в Херсонский педуниверс
irk.aif.ru,2026-09-02 10:47,article,Из крымской пещеры «Таврида» вывезли тонны костей,https://dzen.ru/a/apf_ZspJF0LmI_m1,8,0,34,"Из крымской пещеры «Таврида» за восемь лет вывезли три тонны костей доисторических животных. Об этом рассказал палеонтолог Богдан Зайцев, передает КП-Крым. Большая часть остатков находится в Москве, и"
irk.aif.ru,2026-09-02 09:04,article,Из Иркутской области выдворят 55 нелегалов,https://dzen.ru/a/apfnGMpJF0LmIvp9,6,1,36,За пять дней полиция выявила 250 нарушений миграционного законодательства. Об этом сообщили в МВД по Иркутской области. Сотрудники УВМ ГУ МВД совместно с коллегами из других подразделений и ФСБ провер
irk.aif.ru,2026-09-02 08:08,article,В Иркутской области ребенку дверью оторвало часть пальца,https://dzen.ru/a/apfaS8pJF0LmInRx,5,0,37,"В Иркутской области ребенку оторвало треть пальца. Об этом сообщает РЕН ТВ. Мать мальчика рассказала изданию, что 12 августа ее сын гулял с подругой в Железногорске-Илимском. Дети пытались подпереть в"
irk.aif.ru,2026-09-02 07:32,article,В Нижнеудинске УК заставили сделать перерасчёт платы за ЖКУ,https://dzen.ru/a/apfRvcpJF0LmIhwA,6,0,29,"Прокуратура добилась перерасчёта за ЖКУ для жителей Нижнеудинска. Об этом сообщили в пресс-службе надзорного ведомства. Нижнеудинская межрайонная прокуратура выявила, что управляющая компания с января"
irk.aif.ru,2026-09-02 06:45,article,Спасенному изюбрю Грише из-за перелома ампутировали конечность,https://dzen.ru/a/apfGYMpJF0LmIasw,2,0,35,"Изюбру Грише из Иркутского зоопарка ампутировали конечность. Об этом сообщили в пресс-службе учреждения. Изюбрь получил тяжелый перелом конечности, из-за чего ее пришлось ампутировать. Отмечается, что"
irk.aif.ru,2026-09-02 01:56,article,В Иркутске школу № 30 назвали в честь погибшего бойца СВО,https://dzen.ru/a/apeCv1E6NU7Dcrb4,3,0,53,"Иркутской школе № 30 присвоили имя погибшего героя-учителя Ильи Легкодимова. Об этом сообщили в мэрии. Торжественное мероприятие прошло в День знаний. Имя участника СВО, учителя физики и информатики И"
irk.aif.ru,2026-09-02 00:53,article,В Иркутске завершают ремонт Московских ворот,https://dzen.ru/a/apdzz1E6NU7Dcjz_,2,0,43,"В Иркутске завершается ремонт фасада Московских ворот – триумфальной арки на Нижней набережной Ангары. Об этом сообщили в мэрии. Чиновники и архитекторы проинспектировали объект, оценив качество покра"
irk.aif.ru,2026-09-01 15:07,article,В Иркутском зоосаде от тяжёлой болезни умерла верблюдица Земфира,https://dzen.ru/a/apbq9MpJF0LmGpJ4,2,0,31,В Иркутском зоосаде умерла верблюдица Земфира. Животное страдало от тяжёлого заболевания. Об этом irk.aif.ru сообщили в учреждении. «Земфира заболела. Несмотря на оказанную помощь и усилия специалисто
irk.aif.ru,2026-09-01 12:37,article,На 3 млн рублей оштрафовали жителя Иркутска за оправдание нацизма,https://dzen.ru/a/apbHSVE6NU7DbImF,6,0,39,Жителя Иркутска осудили за публичное оправдание нацизма в соцсетях и оштрафовали на три миллиона рублей. Об этом irk.aif.ru сообщили в пресс-службе СУ СКР по Иркутской области. «Мужчина распространил 
irk.aif.ru,2026-09-01 12:07,article,Ливни и сильные порывы ветра ожидаются в Иркутской области 2 сентября,https://dzen.ru/a/apbA_8pJF0LmGRZW,3,0,55,Иркутскую область 2 сентября накроют сильные дожди и ливни с порывами ветра до 25 метров в секунду. Об этом irk.aif.ru сообщили в пресс-службе регионального Гидрометцентра. «Ночью облачно с прояснения
irk.aif.ru,2026-09-01 09:40,article,"В Иркутске директора фирмы отдали под суд за хищение 1,4 млн рублей",https://dzen.ru/a/apad-PWX808cAkW-,11,0,42,"В Иркутске директора строительной фирмы будут судить за хищение 1,4 млн рублей. Об этом сообщили в Восточно-Сибирской транспортной прокуратуре. В Свердловский районный суд Иркутска направлено уголовно"
irk.aif.ru,2026-09-01 09:13,article,Травмпункт №1 в Иркутске переехал в новое здание,https://dzen.ru/a/apaX1SWD6W9q55yh,6,0,53,"В Иркутске заработал новый травмпункт — теперь он переехал в здание на улице Трилиссера, 60. Раньше помощь пациентам оказывали на Байкальской, в здании ГКБ № 1, но сейчас приём пациентов ведут уже по "
irk.aif.ru,2026-09-01 08:25,article,В СФР напомнили о пособиях беременным студенткам в Иркутской области,https://dzen.ru/a/apaMR_WX808cAatH,9,0,44,"Студентки-очницы в Иркутской области могут получить пособие по беременности и родам. Об этом напомнили в региональном Отделении Социального фонда. Будущие матери, обучающиеся очно в вузах, колледжах, "
irk.aif.ru,2026-09-01 07:54,article,В Иркутской области медведь прибежал на железнодорожную станцию,https://dzen.ru/a/apaFCiWD6W9q5wLU,17,0,37,"Медведь вышел к железнодорожной станции в Иркутской области. Об этом сообщает Telegram-канал RT. Telegram-канал опубликовал видео, в котором пассажиры, ожидающие поезд, засняли выбежавшего на железную"
irk.aif.ru,2026-09-01 06:41,article,В Иркутске пьяного водителя отправили в колонию и лишили автомобиля,https://dzen.ru/a/apZ0nCWD6W9q5nU0,1,0,41,"В Иркутске осуждён водитель, повторно севший за руль пьяным. Об этом сообщили в пресс-службе судов Иркутской области. Свердловский районный суд Иркутска вынес приговор 45-летнему мужчине, который повт"
irk.aif.ru,2026-09-01 06:02,article,В Усть-Куте открыли аэропорт,https://dzen.ru/a/apZquiWD6W9q5iq8,3,0,54,"С 1 сентября аэропорт Усть-Кута возобновил приём и отправку рейсов после завершения первого этапа капитального ремонта взлётно-посадочной полосы. Губернатор Игорь Кобзев лично оценил результат, прибыв"
irk.aif.ru,2026-09-01 05:20,article,Иркутянка представит Сибирь на конкурсе «Миссис Вселенная» в Шри-Ланке,https://dzen.ru/a/apZheyWD6W9q5dQz,11,0,31,"Жительница Иркутска Екатерина Чопей представит родной город и Сибирь на международном конкурсе красоты «Миссис Вселенная», который пройдет в октябре в Шри-Ланке. Об этом она рассказала irk.aif.ru. За "
irk.aif.ru,2026-09-01 03:15,article,В Слюдянском районе из-за медведей ввели комендантский час,https://dzen.ru/a/apZDmfWX808c_1nD,19,0,28,В Слюдянском районе запретили школьные линейки на улице из-за медведей. Об этом сообщили в местной администрации. В Слюдянском районе ввели ограничения из-за участившихся выходов медведей в город. Ком
irk.aif.ru,2026-09-01 03:09,article,Осквернителям воинского мемориала в Братске дали условные сроки,https://dzen.ru/a/apZCLSWD6W9q5NyJ,7,0,40,Иркутский областной суд признал троих мужчин виновными в осквернении символов воинской славы России. Ещё один мужчина и женщина осуждены за организацию незаконной миграции. Инцидент произошёл 24 сентя
irk.aif.ru,2026-09-01 00:56,article,Кобзев проверил восстановление пострадавшего от взрыва газа дома в Ангарске,https://dzen.ru/a/apYi6fWX808c_lGX,7,0,53,"Губернатор Иркутской области Игорь Кобзев проинспектировал капитальный ремонт двух многоквартирных домов в Ангарске. В доме № 12 в 12 микрорайоне, пострадавшем при взрыве бытового газа, уже восстановл"
irk.aif.ru,2026-08-31 13:36,article,Алексей Чадов приедет в Иркутск на кинофестиваль «Человек и природа»,https://dzen.ru/a/apWEP_WX808c-QS5,6,0,45,"Алексей Чадов — российский актёр театра, кино и телевидения, кинорежиссёр, сценарист и продюсер приедет в Иркутск на открытие 25-го Байкальского международного кинофестиваля «Человек и Природа» имени "
irk.aif.ru,2026-08-31 11:32,article,Отопление в Иркутске планируют включить с 15 сентября,https://dzen.ru/a/apVmxSWD6W9q3aC3,4,0,52,"Начало отопительного сезона в Иркутске планируется с 15 сентября. Об этом сообщил мэр города Руслан Болотов. «Подключение пройдёт поэтапно: сначала детские сады, школы, больницы, затем — жилые дома. Р"
irk.aif.ru,2026-08-31 11:13,article,В Усолье-Сибирском подросток пострадал во время конфликта,https://dzen.ru/a/apVifiWD6W9q3Xkh,6,0,36,"Жительница Усолья-Сибирского обратилась в полицию после того, как неизвестный ударил её 14-летнего сына. Через несколько часов подросток вместе с матерью обратился в больницу за помощью. Об этом сообщ"
irk.aif.ru,2026-08-31 09:26,article,Средняя зарплата в Иркутске превысила 126 тысяч рублей,https://dzen.ru/a/apVI9K3UpQP2wgGh,4,0,44,"Иркутскстат опубликовал данные о социально-экономическом положении Иркутска за первое полугодие 2026 года. Средняя начисленная зарплата до вычета налогов достигла 126,1 тыс. рублей, однако в реальном "
irk.aif.ru,2026-08-31 08:56,article,В Иркутске разыскивают воров шоколада на 35 тысяч рублей,https://dzen.ru/a/apVCel_t_ztBBycD,11,0,34,"В Иркутске полиция ищет троих молодых людей, укравших шоколад на 35 тысяч рублей. Об этом сообщили в МВД по Иркутской области. В отдел полиции № 1 МУ МВД России «Иркутское» поступило заявление из супе"
irk.aif.ru,2026-08-31 07:52,article,В Иркутске ужесточили приговор организаторам нелегального казино,https://dzen.ru/a/apUzeF_t_ztBBqE4,11,0,42,Суд ужесточил наказание организаторам нелегального казино в Иркутске. Об этом сообщили в прокуратуре Иркутской области. Иркутский областной суд удовлетворил апелляцию прокуратуры и заменил условные ср
irk.aif.ru,2026-08-31 06:15,article,Жительницу Тайшета отдали под суд за покупку мопеда сыну,https://dzen.ru/a/apUcw1_t_ztBBeIx,15,0,35,"Жительницу Тайшета будут судить за то, что она позволила сыну-подростку управлять мопедом. Об этом сообщили в Следственном комитете по Иркутской области. В Иркутской области завершено расследование уг"
irk.aif.ru,2026-08-31 05:25,article,Два ребенка устроили пожар в Тайшете,https://dzen.ru/a/apUQoGni3D3wdXGe,1,0,30,В Тайшете из-за игры со спичками сгорел гараж. Об этом сообщили в МЧС по Иркутской области. Вечером 30 августа в микрорайоне имени Мясникова загорелось неэксплуатируемое здание. Дознаватели МЧС устано
irk.aif.ru,2026-08-31 03:12,article,Суд обязал обеспечить жительницу Иркутска препаратом за 19 млн рублей,https://dzen.ru/a/apTyAa3UpQP2wCcb,10,0,29,Суд обязал обеспечить иркутянку жизненно важным препаратом за 19 млн рублей. Об этом сообщили в прокуратуре Иркутской области. Прокуратура Ленинского района Иркутска добилась в суде обеспечения местно
irk.aif.ru,2026-08-31 01:56,article,В Иркутске отреставрируют исторический корпус Кузнецовской больницы,https://dzen.ru/a/apTfeWni3D3wdPRS,10,0,29,"Объявлен тендер на второй этап капремонта здания Кузнецовской больницы на бульваре Гагарина, 4. На восстановление объекта культурного наследия выделено 74,3 миллиона рублей, сообщили в Ростендере. Зая"
irk.aif.ru,2026-08-31 00:57,article,Три тысячи работодателей обратились в Кадровый центр Иркутской области,https://dzen.ru/a/apTR-F_t_ztBA6Le,0,0,52,"Кадровый центр Иркутской области подвел итоги работы с начала года. Об этом сообщили в пресс-службе регионального правительства. С января специалисты оказали более 12,7 тысячи мер поддержки свыше 3 ты"
irk.aif.ru,2026-08-30 10:40,article,В Иркутске пропал 13-летний подросток,https://dzen.ru/a/apQJWmni3D3wcukX,6,0,29,"В Иркутской области разыскивают 13-летнего Даньяра Пулатова. Об этом сообщили в региональном МВД. Полиция просит помощи в поиске подростка, который ушёл из дома в селе Мамоны 29 августа около 11 часов"
irk.aif.ru,2026-08-30 10:10,article,В Иркутской области мошенники начали использовать дипфейк губернатора,https://dzen.ru/a/apQCQWni3D3wctcQ,5,0,43,"Губернатор Иркутской области Игорь Кобзев предупредил жителей о мошенниках, использующих его дипфейк. Об этом сообщил в своем канале в MAX. Глава региона Игорь Кобзев обратился к жителям с предупрежде"
irk.aif.ru,2026-08-30 03:38,article,"В МЧС напомнили, что делать при встрече с медведем в Иркутской области",https://dzen.ru/a/apOl1Wni3D3wcfpH,29,0,30,Спасатели предупредили жителей Иркутской области о мерах безопасности при встрече с медведем. Об этом сообщили в региональном МЧС. При обнаружении медведя следует спокойно и без резких движений покину
irk.aif.ru,2026-08-30 01:55,article,"Нарколог рассказал, можно ли садиться за руль после безалкогольного пива",https://dzen.ru/a/apOOUWni3D3wccON,9,0,34,"Употребление безалкогольного пива перед вождением не запрещено, однако несколько бутылок могут поднять уровень этанола в крови до допустимого предела или превысить его, а характерный запах спровоцируе"
irk.kp.ru,2026-09-19 07:33,article,В Нижнеудинском районе подростков будут судить за поджог на железной дороге,https://dzen.ru/a/aq47PB3cWgqrOTei,0,0,39,"Транспортные полицейские установили несовершеннолетних, причастных к поджогу железнодорожного оборудования в Нижнеудинском районе. Подростки предстанут перед судом по обвинению в террористической деят"
irk.kp.ru,2026-09-19 06:31,article,В Иркутске 14-летней пациентке удалили крупную кисту яичника,https://dzen.ru/a/aq4srUjUgT5jnaMy,4,0,45,"В практике иркутских врачей произошёл случай, потребовавший нестандартного подхода. 14-летняя девочка попала на приём после осмотра гинеколога — специалист обнаружил в толще яичника кистозное образова"
irk.kp.ru,2026-09-19 05:24,article,«Октябрь будет холодным»: синоптики рассказали о погоде в Иркутске на октябрь 2026,https://dzen.ru/a/aq4eOEjUgT5jnU19,24,0,73,"Погода в Иркутске в октябре 2026 обещает быть холоднее обычного. Синоптики уже рассказали КП-Иркутск, чего ждать жителям региона до конца месяца и в октябре. По предварительным прогнозам синоптиков, с"
irk.kp.ru,2026-09-19 05:23,article,Восьмерых участников ОПГ будут судить за кражу 136 тонн нефти,https://dzen.ru/a/aq4eOkjUgT5jnU2A,3,0,58,В Пермском крае завершено расследование громкого дела о попытке хищения нефти из трубопровода. Перед судом предстанут восемь участников организованной группы — их обвиняют в покушении на кражу в особо
irk.kp.ru,2026-09-19 05:07,article,В Байкальске из-за комендантского часа избирателей развезут по участкам,https://dzen.ru/a/aq4Y00jUgT5jnS9L,378,0,33,"Для избирателей в Байкальске организовали работу специального транспорта. Причина — комендантский час, который в городе действует с 19:00. Его ввели из-за режима повышенной готовности: в населённый пу"
irk.kp.ru,2026-09-19 04:13,article,Госавтоинспекция в Шелехове разбирается в ДТП с двумя детьми на самокате,https://dzen.ru/a/aq4MI05PhhqP5Y7B,10,0,57,"В Шелехове сотрудники Госавтоинспекции устанавливают все обстоятельства дорожной аварии, в которой пострадали двое несовершеннолетних — 15-летний водитель электросамоката и его 5-летний пассажир. - По"
irk.kp.ru,2026-09-19 03:40,article,На выборах в Иркутской области проголосовали 101-летняя и 90-летний долгожители,https://dzen.ru/a/aq4E-d8hLg35qmfb,3,0,29,В Шелеховском районе на избирательный участок выборов в Госдуму пришли сразу два долгожителя — 101-летняя Зинаида Михайловна Усенко и 90-летний Александр Петрович Ошаров. Оба признаются: не пропустили
irk.kp.ru,2026-09-19 02:42,article,В Слюдянском районе через суд взыскали компенсацию за травму подростка в ДТП,https://dzen.ru/a/aq321t8hLg35qh3c,2,0,43,"Прокуратура Слюдянского района провела проверку после обращения местной жительницы. Женщина просила защитить права своего 14-летнего сына, пострадавшего в дорожной аварии. - Как выяснилось, 28 марта 2"
irk.kp.ru,2026-09-19 02:05,article,В Иркутске 19 сентября ожидается дождь и до +18,https://dzen.ru/a/aq3uNkjUgT5jnEja,11,0,29,"В субботу, 19 сентября, в Иркутске ожидается переменная облачность и кратковременный дождь. В пригородной зоне возможна гроза. Ветер северо-западный, 6–11 м/с. Температура днём +16…+18. - В Иркутской "
irk.kp.ru,2026-09-19 02:00,article,Выборы в Госдуму в Иркутске 19 сентября 2026: начался второй день голосования,https://dzen.ru/a/aq3tZEjUgT5jnEOZ,283,0,134,"Выборы в Госдуму в Иркутске 19 сентября 2026 идут полным ходом — сегодня второй день. Голосование растянуто на три дня, 18, 19 и 20 сентября, и все они равнозначны. Участки принимают избирателей с 8:0"
irk.kp.ru,2026-09-18 22:00,article,Что произошло в Иркутской области в ночь на 19 сентября: последние новости,https://dzen.ru/a/aq200d8hLg35qKtD,567,0,125,В Байкальске ввели комендантский час из-за нападений медведей Администрация Байкальска ввела режим повышенной готовности и строгие ограничения. Причина — участившиеся в регионе нападения медведей на л
irk.kp.ru,2026-09-18 14:42,article,"В первый день выборов в Госдуму в Иркутской области проголосовали 14,2%",https://dzen.ru/a/aq1OIx3cWgqrNlxp,100,0,38,"Первый день голосования на выборах депутатов Государственной Думы в Иркутской области завершился с явкой 14,2%. К урнам пришли 257 698 избирателей. По округам картина распределилась так: в округе № 95"
irk.kp.ru,2026-09-18 13:20,article,В Зиме водитель «ВАЗа» насмерть сбил 64-летнего пешехода,https://dzen.ru/a/aq07RN8hLg35pYTm,1,0,44,"В Зиме полицейские выясняют обстоятельства ДТП, в котором погиб пешеход. Трагедия произошла накануне около 20 часов на улице 5-й Армии. - По предварительным данным, 20-летний водитель «ВАЗ 21063» сове"
irk.kp.ru,2026-09-18 12:53,article,Жителей Эхирит-Булагатского района предупредили о фейках про медведей,https://dzen.ru/a/aq00ux3cWgqrNfut,67,0,66,Вечером 17 сентября около 17:00 в Эхирит-Булагатском районе поступило сообщение: с горы Хандагай в сторону посёлка Усть-Ордынский якобы спускается медведь. - На проверку выехали две оперативные группы
irk.kp.ru,2026-09-18 12:53,article,«За сутки поступило 28 обращений»: рассказываем о ситуации с медведями в Республике Бурятия 18 сентября 2026,https://dzen.ru/a/aq02Yh3cWgqrNgHR,30,0,163,Ситуация с медведями в Республике Бурятия 18 сентября 2026 остаётся сложной. За минувшие сутки в Бурприроднадзор поступило 28 обращений о выходах медведей в населённые пункты. По всем сигналам госохот
irk.kp.ru,2026-09-18 12:08,article,Житель Байкальска незаконно выловил рыбу на 400 тысяч рублей,https://dzen.ru/a/aq0qf0jUgT5jl0Wv,5,0,41,Во время рейда у выхода из реки Тугариха в урочище «Маяк» полицейские Улан-Удэнского линейного отдела МВД на транспорте вместе с бойцами ОМОН «Шквал» и инспекторами рыбоохраны заметили мужчину на алюм
irk.kp.ru,2026-09-18 11:34,article,В Иркутскую область поступили 15 новых машин скорой помощи,https://dzen.ru/a/aq0ibd8hLg35pNUS,41,0,71,18 сентября в Иркутскую область привезли 15 новых автомобилей скорой медицинской помощи класса В. Машины поступили по федеральному распределению — всего в этом году регионы страны получат 196 таких сп
irk.kp.ru,2026-09-18 11:02,article,В Иркутске ремонт улицы Байкальской выполнен на 65%,https://dzen.ru/a/aq0bY98hLg35pKQ5,78,1,50,"В Иркутске подходит к концу обновление улицы Байкальской на отрезке от остановки «ВСИЭП» до Ржанова. Работы ведутся по двухлетнему контракту в рамках нацпроекта «Инфраструктура для жизни», готовность "
irk.kp.ru,2026-09-18 10:36,article,"Школьница гуляла на улице, когда резко почувствовала жгучую боль. Осмотрев дочь, мать была в шоке",https://dzen.ru/a/aq0U698hLg35pHh3,151,0,89,"Обычный вечер в одном из дворов Улан-Удэ, прогулка с собакой, которая для 13-летней школьницы обернулась настоящим кошмаром. Девочка стала мишенью для неизвестного стрелка, который прятался за стенами"
irk.kp.ru,2026-09-18 10:04,article,"Рассказываем, какая явка на выборах в Госдуму в Иркутской области на 18 сентября",https://dzen.ru/a/aq0ND98hLg35pEUB,143,2,52,"Явка на выборах депутатов Государственной Думы в Иркутской области на 15:00 18 сентября составила 9,31%. Это значит, что свои голоса уже отдали 168 816 избирателей. Об этом КП-Иркутск сообщили в Избир"
irk.kp.ru,2026-09-18 09:59,article,В Киренском районе 22 работникам вернули долги по зарплате на 4 млн рублей,https://dzen.ru/a/aq0MVx3cWgqrNW2V,3,0,41,"Прокуратура Киренского района проверила, как местная коммерческая организация соблюдает трудовое законодательство, и обнаружила серьёзные нарушения. - Выяснилось, что с июля по декабрь 2025 года 22 со"
irk.kp.ru,2026-09-18 09:43,article,В Иркутской области на выборах в думу голосуют в костюмах народов России,https://dzen.ru/a/aq0IVN8hLg35pCTz,56,0,30,В Иркутской области 18 сентября начались выборы в думу. Голосование продлится три дня — оно пройдёт с 18 по 20 сентября. В первый день на избирательных участках региона было оживлённо. Многие пришли о
irk.kp.ru,2026-09-18 09:38,article,Испытания не проводили по понедельникам и 13 го числа: почему отец советских вертолётов верил в плохие приметы,https://dzen.ru/a/aq0HkU5PhhqP4koO,162,1,340,"20 сентября 2026 года исполняется 78 лет с того дня, как в небо поднялся первый советский вертолёт Ми-1. Дата не круглая, но знаковая: именно с этого полёта началась история вертолётостроения СССР. Ап"
irk.kp.ru,2026-09-18 08:56,article,В Черемховском районе ветеринары спасли травмированного журавля,https://dzen.ru/a/aqz9wkjUgT5jlhQh,15,0,32,На Голуметский ветеринарный участок Черемховской станции по борьбе с болезнями животных принесли травмированного серого журавля. Птицу обнаружил житель села Голуметь — он нашёл её на пастбище и сразу 
irk.kp.ru,2026-09-18 08:22,article,"В администрации Иркутска вновь напомнили, как вести себя при встрече с собаками",https://dzen.ru/a/aqz1Ck5PhhqP4gdA,65,1,64,"Мэрия Иркутска снова обратила внимание жителей на то, как правильно вести себя при встрече с безнадзорными собаками. Специалисты подчёркивают: чаще всего агрессия животных — это не врождённая злоба, а"
irk.kp.ru,2026-09-18 08:12,article,"Стало известно, какие маршруты трамваев и автобусов отменят в Иркутске с 1 ноября 2026",https://dzen.ru/a/aqzzbUjUgT5jlc4B,82,0,110,"Отмененные трамваи и автобусы в Иркутске с 1 ноября 2026 — это часть масштабного обновления городской транспортной сети, которое затронет сразу несколько маршрутов. О том, как именно изменится схема д"
irk.kp.ru,2026-09-18 07:43,article,В Иркутске женщину осудили на 6 лет за нападение на сожителя,https://dzen.ru/a/aqzsGU5PhhqP4eml,56,1,55,"Октябрьский районный суд Иркутска вынес приговор 46-летней местной жительнице. Её признали виновной в покушении на убийство. - Как доказал государственный обвинитель, 13 февраля 2026 года между подсуд"
irk.kp.ru,2026-09-18 07:20,article,"«Не выдержала плача»: мать зверски расправилась с 2-месячным сыном с помощью шприцев, наблюдая за его мучениями",https://dzen.ru/a/aqzmkU5PhhqP4dZc,75,0,162,"Ночь. Обычный частный дом на окраине Улан-Удэ. Где-то в темноте просыпается двухмесячный ребёнок — голодный, мокрый, может, просто замёрз. Он плачет, как плачут все младенцы на свете. И этот крик стан"
irk.kp.ru,2026-09-18 07:10,article,"«Я свечку не держал»: сибирячка сделала ДНК-тест, чтобы найти отца двоим детям. Результат искренне удивил бывшего мужа",https://dzen.ru/a/aqzl3t8hLg35ozF_,108,1,248,"В эфире федерального телеканала вышел выпуск ток-шоу «ДНК» про семью из Иркутской области. В студию пришла женщина, чтобы доказать экс-супругу, что он отец ее 6-летнего сына и полуторагодовалой дочери"
irk.kp.ru,2026-09-18 07:03,article,"В Забайкалье банк вернет жертве мошенников 1,2 млн рублей",https://dzen.ru/a/aqzio0jUgT5jlV22,7,0,51,"Жительница Забайкалья держала в банке два накопительных вклада. Однажды ей позвонили неизвестные и сообщили о замене счетчика. Как сообщает ИА ChitaMedia, после разговора на телефон женщины проникла в"
irk.kp.ru,2026-09-18 06:56,article,"В Иркутске иностранца осудили за контрабанду 2,4 млн рублей",https://dzen.ru/a/aqzg_x3cWgqrNNeW,47,0,31,"Октябрьский районный суд Иркутска вынес обвинительный приговор иностранному гражданину. Его признали виновным в контрабанде наличных. - Как установил суд, в апреле 2026 года мужчина собирался выехать "
irk.kp.ru,2026-09-18 06:39,article,Смена в киоске едва не закончилась трагедией. Продавца пытались сжечь ради наживы,https://dzen.ru/a/aqzdGN8hLg35ovQf,4,0,56,"В Забайкальском крае завершили расследование дела о покушении на убийство, которое произошло 15 лет назад. Как сообщает ИА ChitaMedia со ссылкой на краевое СК, перед судом предстанут двое мужчин. - По"
irk.kp.ru,2026-09-18 06:32,article,В Иркутске приставы взыскали с фирмы больше 900 тысяч в пользу работника,https://dzen.ru/a/aqzbhkjUgT5jlS04,67,1,46,Судебные приставы Свердловского отделения Иркутска помогли местному жителю добиться выплат от недобросовестного работодателя. Речь шла о задолженности за время вынужденного прогула с декабря 2025 года
irk.kp.ru,2026-09-18 06:13,article,"В Иркутске суд взыскал с кофейни 20 тысяч за кофе, пролитый на клиента",https://dzen.ru/a/aqzWwN8hLg35ossr,21,0,45,"Октябрьский районный суд Иркутска рассмотрел дело против кофейни. Житель города потребовал компенсацию за ожог, который он получил по вине официанта. - Суд установил: работник кофейни пролил на посети"
irk.kp.ru,2026-09-18 05:52,article,В Прибайкальском нацпарке закрыли большинство маршрутов из-за медведей,https://dzen.ru/a/aqzR_R3cWgqrNKYi,74,0,47,Из-за роста активности медведей в Прибайкальском национальном парке закрыли большинство туристических маршрутов. Из двух с половиной десятков троп для посещения оставили только девять. - Такое решение
irk.kp.ru,2026-09-18 05:21,article,В Шелехове 15-летний подросток на электросамокате попал в ДТП с 5-летним братом,https://dzen.ru/a/aqzK6kjUgT5jlMRy,81,0,50,"Днем 16 сентября в 3-м микрорайоне Шелехова произошла авария. Как сообщили КП-Иркутск в региональной Госавтоинспекции, 15-летний подросток ехал на электросамокате вместе с 5-летним братом. На перекрес"
irk.kp.ru,2026-09-18 04:58,article,"Жителю Бирюсинска вернут 1,1 миллиона рублей, украденных мошенниками",https://dzen.ru/a/aqzFW98hLg35ols1,3,0,47,"55-летний житель Бирюсинска стал жертвой мошенников. Как сообщили КП-Иркутск в региональной прокуратуре, в июне 2025 года он перешел по рекламной ссылке на сайт, где обещали заработок на бирже. В тот "
irk.kp.ru,2026-09-18 04:35,article,КП-Иркутск проводит конкурс рисунков «Дети рисуют Победу»,https://dzen.ru/a/aqzAdU5PhhqP4V9q,0,0,54,Юные художники Иркутска и области могут принять участие в конкурсе рисунков в поддержку специальной военной операции. Его проводит «Комсомольская правда» в Иркутске. Заявки принимают с 18 сентября по 
irk.kp.ru,2026-09-18 04:18,article,В Байкальске ввели комендантский час из-за нападений медведей,https://dzen.ru/a/aqy8dB3cWgqrNGh7,846,7,58,"Администрация Байкальска ввела режим повышенной готовности и строгие ограничения. Причина - участившиеся в области нападения медведей на людей, в том числе со смертельным исходом. Теперь ходить в лес "
irk.kp.ru,2026-09-18 04:04,article,25 тысяч населения и плюс тысяча в год: как Хомутово стало спальным районом Иркутска,https://dzen.ru/a/aqy5LN8hLg35ohf3,92,1,126,"Хомутово выросло из сибирской слободы, основанной ещё в 1685 году, в настоящего гиганта, который вот-вот перерастёт статус сельского поселения. Сегодня это не просто самое большое село региона. Это на"
irk.kp.ru,2026-09-18 03:51,article,В Киренском округе отстрелили 17 медведей,https://dzen.ru/a/aqy1-98hLg35ogQp,5,0,48,"В Киренском округе резко выросло число медведей рядом с поселками и дачами. За последние недели там добыли 17 особей. В администрации подчеркивают: это не охота, а вынужденная мера безопасности. Зверь"
irk.kp.ru,2026-09-18 03:20,article,В поселке Усть-Ордынском школьники создали фейк о медведе с помощью нейросети,https://dzen.ru/a/aqyu6d8hLg35oeA1,20,0,65,Вечером 17 сентября чаты поселка Усть-Ордынского буквально взорвались. Сначала пришло сообщение: с горы Хандагай в сторону поселка спускается … медведь! На проверку сразу выехали две оперативные групп
irk.kp.ru,2026-09-18 02:55,article,"Поиски медведя, растерзавшего двух мужчин, продолжаются в Киренском районе",https://dzen.ru/a/aqyonEjUgT5jlAfF,1077,4,68,"В Киренском районе продолжают искать медведя, который напал на трех сборщиков ягод. В сети появилась информация, что зверя обезвредили, но мэр округа Кирилл Свистелин в разговоре с КП-Иркутск опроверг"
irk.kp.ru,2026-09-18 02:13,article,Инспекторы ДПС помогли роженице добраться до перинатального центра в Иркутске,https://dzen.ru/a/aqye9d8hLg35oYhj,32,0,37,Ранним утром 2 июля на улице Седова в Иркутске к экипажу ДПС подбежал взволнованный мужчина. В его машине была жена на последних месяцах беременности - у женщины начались схватки. - Инспекторы не разд
irk.kp.ru,2026-09-18 01:48,article,Число жертв растет: ситуация с медведями в Иркутской области 18 сентября 2026 обостряется,https://dzen.ru/a/aqyYud8hLg35oWrp,163,2,195,"Ситуация с медведями в Иркутской области 18 сентября 2026 обостряется с каждым днем. Власти приняли решение ввести режим повышенной готовности там, где хищники выходят к людям, - а после новой трагеди"
irk.kp.ru,2026-09-18 00:57,article,"Зоопсихолог объяснила, можно ли кормить кошку рыбой",https://dzen.ru/a/aqyNfB3cWgqrM-77,7,0,46,"Многие хозяева уверены, что рыба - исконная еда для кошек. Зоопсихолог Светлана Капустина рассказала, чем такое угощение может обернуться. - Главная опасность - сырая рыба. С ней питомец рискует подхв"
irk.kp.ru,2026-09-18 00:30,article,45 лет назад под Железногорском-Илимским столкнулись Як-40 и Ми-8,https://dzen.ru/a/aqyHEk5PhhqP4M27,45,0,62,"Ровно 45 лет назад, 18 сентября 1981 года, в небе над Железногорском-Илимским столкнулись пассажирский Як-40 и вертолет Ми-8. Погибли 40 человек - все пассажиры и члены экипажей. В советские годы подр"
irk.kp.ru,2026-09-18 00:00,article,Выборы в Госдуму в Иркутске 18 сентября 2026: стартовал первый день голосования,https://dzen.ru/a/aqx_5B3cWgqrM86s,52,0,160,"Выборы в Госдуму в Иркутске 18 сентября 2026 стартуют сегодня: в Приангарье открылся первый день голосования. Основной процесс растянется на три дня: отдать свой голос можно будет 18, 19 и 20 сентября"
irk.kp.ru,2026-09-17 23:38,article,"Эксперт рассказал, какие продукты вызывают сонливость после обеда",https://dzen.ru/a/aqx6Rd8hLg35oNek,10,0,47,"Обед из фастфуда и выпечки часто вызывает резкий упадок сил и сонливость. Об этом NEWS.ru рассказал старший преподаватель Александр Умнов. - Причина - в резком скачке, а затем падении уровня глюкозы в"
irk.kp.ru,2026-09-17 23:08,article,Небольшой дождь пройдет в Иркутске 18 сентября,https://dzen.ru/a/aqxzNUjUgT5jkwBH,13,0,33,"В Иркутске днем 18 сентября 2026 года потеплеет до +16…+18. Как сообщили КП-Иркутск в Иркутском Гидрометцентре, пройдет небольшой дождь. Будет дуть северо-западный ветер со скоростью до 5-10 метров в "
irk.kp.ru,2026-09-17 22:00,article,Что произошло в Иркутске в ночь на 18 сентября 2026: последние новости,https://dzen.ru/a/aqxja0jUgT5jkqjk,106,0,43,"Медведь убил двух сборщиков ягод в Иркутской области, третий выжил чудом Хищник набросился внезапно. Двое мужчин — 65 и 55 лет — погибли на месте. Третьему удалось вырваться и добежать до людей. Именн"
irk.kp.ru,2026-09-17 14:51,article,"Офтальмолог объяснила, почему уроки в полумраке портят зрение школьникам",https://dzen.ru/a/aqv-zkjUgT5jkF0E,4,0,57,"Если дети часто жалуются на тяжесть в висках и расплывчатые буквы, то дело не в лени или нагрузке. На самом деле виноват неправильный свет. Врач Екатерина Сороколад рассказала NEWS.ru, как организоват"
irk.kp.ru,2026-09-17 14:21,article,18-летний геймер попал в реанимацию из-за энергетиков,https://dzen.ru/a/aqv4bEjUgT5jkDT-,6,0,57,"18-летний парень пил энергетики ночами напролет, играя за компьютером. Одну банку за другой. Сон сбился, организм работал на износ, но бодрость казалась бесконечной. А потом случилось страшное… Как со"
irk.kp.ru,2026-09-17 13:51,article,«Не заметили смертельную язву…»: мужчина скончался на больничной койке из-за ошибки врача,https://dzen.ru/a/aqvxHkjUgT5jkAMw,62,0,62,"Мужчина попал в больницу в Ртищево с жалобами на плохое самочувствие, но правильный диагноз ему так и не поставили. Через три дня он умер… Как сообщает сетевое издание «Столица 58», суд признал, что в"
irk.kp.ru,2026-09-17 12:59,article,Мошенники придумали новую схему обмана с доставкой товаров из интернет-магазинов,https://dzen.ru/a/aqvlGEjUgT5jj6-e,5,0,42,"Аферисты все чаще маскируются под продавцов на маркетплейсах. Доцент Финансового университета Петр Щербаченко рассказал, как они крадут данные банковских карт. - Схема простая, но коварная. Мошенники "
irk.kp.ru,2026-09-17 11:36,article,Следователи выясняют обстоятельства гибели двух мужчин в Киренском районе,https://dzen.ru/a/aqvRwt8hLg35nMyZ,148,1,47,"Киренский межрайонный следственный отдел выясняет обстоятельства гибели двух местных жителей в лесу. Трагедия произошла 16 сентября. - По предварительным данным, трое сборщиков ягод находились в лесу "
irk.kp.ru,2026-09-17 11:14,article,На трассе в Зиминском районе насмерть сбили пешехода,https://dzen.ru/a/aqvMEt8hLg35nKkC,4,0,45,"Ночью 17 сентября на 1606-м километре трассы Р-255 «Сибирь» в Зиминском районе произошла смертельная авария. Как сообщили КП-Иркутск в региональной Госавтоинспекции, около половины первого ночи водите"
irk.kp.ru,2026-09-17 10:47,article,В Аларском районе родным погибших бойцов СВО передали государственные награды,https://dzen.ru/a/aqvFwd8hLg35nHvG,50,0,51,"16 сентября в администрации Аларского района прошла церемония вручения наград военнослужащим, погибшим в ходе специальной военной операции. Награды передали родным и близким героев. - Валерий Сюн-тюн "
irk.kp.ru,2026-09-17 10:32,article,"«Уезжаю в Германию навсегда»: сибирячка ищет тетю, таинственно исчезнувшую 25 лет назад",https://dzen.ru/a/aqvCjR3cWgqrMZFo,76,0,203,"Парочка пожелтевших конвертов, несколько фотографий и старый адрес в Санкт-Петербурге - вот и все, что осталось у 50-летней Галины Хащенко из Иркутска от родной тети Татьяны. Последнее письмо от близк"
irk.kp.ru,2026-09-17 10:04,article,В Иркутске восстановили 28 объектов культурного наследия за 13 лет,https://dzen.ru/a/aqu8Qt8hLg35nDqY,20,0,75,"В Иркутске подвели итоги работы агентства, которое занимается восстановлением памятников архитектуры. Как сообщили КП-Иркутск в городской администрации, за 13 лет вторую жизнь получили 25 объектов кул"
irk.kp.ru,2026-09-17 09:29,article,Почти миллион пассажиров отправились в путешествия из аэропорта Иркутска за лето,https://dzen.ru/a/aquzYU5PhhqP3kUv,139,2,34,"Летом 2026 года из Иркутского аэропорта в поездки отправились 999 558 пассажиров. Из них 815 400 человек летали по России, а 184 158 - за границу. - Самым загруженным месяцем стал август. За него услу"
irk.kp.ru,2026-09-17 09:13,article,Воздух в Иркутской области летом 2026 был чистым,https://dzen.ru/a/aquwRB3cWgqrMVKq,67,0,53,"Ученые географического факультета ИГУ изучили состояние воздуха в 13 городах Иркутской области и Забайкалья за август 2026 года. Эксперты пришли к выводу, что загрязнений почти нет. Станции мониторинг"
irk.kp.ru,2026-09-17 09:00,article,"«Глаза в глаза друг другу смотрели»: сибиряк чудом спасся, когда огромный медведь насмерть задрал двух его друзей в лесу",https://dzen.ru/a/aqu2n0jUgT5jjm79,1770,1,209,"В Иркутской области произошла трагедия. Трое сборщиков ягод искали бруснику, а встретили на пути огромного медведя. Двое мужчин погибли, третий – спасся чудом. Корреспондент КП-Иркутск связалась с род"
irk.kp.ru,2026-09-17 08:40,article,Режим повышенной готовности вводят в районах Иркутской области из-за медведей,https://dzen.ru/a/aquoOt8hLg35m7GR,344,1,64,Из-за частых выходов медведей к жилью в Иркутской области рекомендовали ввести режим повышенной готовности. Такое решение приняли на заседании рабочей группы по защите населения. Как сообщили КП-Иркут
irk.kp.ru,2026-09-17 08:36,article,Депутаты Заксобрания посетили Нижнеудинск,https://dzen.ru/a/aqunbk5PhhqP3hzS,5,0,82,"Депутаты областного парламента продолжают рабочую поездку по территориям Иркутской области. В Нижнеудинске они посетили несколько важных объектов и первым из них стала площадка, на которой возводится "
irk.kp.ru,2026-09-17 08:12,article,Жителя Иркутска осудили на 8 лет за финансирование террористов через мессенджер,https://dzen.ru/a/aquh2t8hLg35m4nK,962,1,40,"35-летний житель Иркутска отправлял деньги международной террористической организации. Как сообщает МВД и СУ СКР региона, с ноября 2024 года по январь 2026-го он переводил средства через один из мессе"
irk.kp.ru,2026-09-17 07:51,article,«Пенсию выдаем только в цифровых рублях»: рассказываем о новых уловках мошенников,https://dzen.ru/a/aquccR3cWgqrMRII,8,0,49,"Мошенники придумали новую уловку для обмана пенсионеров. «МК в Чите» передает, что жулики звонят и представляются работниками банков или госслужб. Затем сообщают ложную информацию: якобы пенсии и посо"
irk.kp.ru,2026-09-17 07:51,article,"В Ангарске мужчину осудили за обман покупателей авто на 8,7 млн рублей",https://dzen.ru/a/aqucXUjUgT5jjbtd,15,0,59,"Ангарский городской суд вынес приговор 29-летнему местному жителю. Его признали виновным в четырёх эпизодах мошенничества. Как доказал государственный обвинитель, в апреле 2024 года мужчина решил неза"
irk.kp.ru,2026-09-17 07:37,article,"В Забайкалье ищут медведя, напавшего на быка",https://dzen.ru/a/aquZOk5PhhqP3fEb,30,0,63,В селе Улёты Забайкалья медведь напал на быка. Хищник до сих пор не найден. Из-за этого в администрации округа собрали экстренный штаб со всеми службами реагирования. Ситуацию взяли на особый контроль
irk.kp.ru,2026-09-17 07:29,article,Пик любви в Аршане - под запретом: в Тункинском нацпарке из-за медведей закрыли все туристические маршруты,https://dzen.ru/a/aquXlE5PhhqP3euX,110,0,91,Тункинский национальный парк в Бурятии временно закрыл для посещения все экологические тропы и туристические маршруты. Ограничения действуют с 17 сентября по 15 октября включительно. - Решение принято
irk.kp.ru,2026-09-17 07:22,article,"Сибирячка выбирала новую квартиру, как вдруг раздался звонок. После него жизнь матери и сына превратилась в кошмар",https://dzen.ru/a/aquV3k5PhhqP3eaC,34,0,49,"Мать погибшего бойца собиралась купить квартиру. На руках у нее были наличные - выплаты за старшего сына, который не вернулся с СВО. А потом позвонили «сотрудники ФСБ и Центробанка». И заявили, что с "
irk.kp.ru,2026-09-17 07:03,article,Жительницу Забайкалья оштрафовали за фейковые фото медведей,https://dzen.ru/a/aquRMN8hLg35mx2x,3618,0,40,"В начале сентября чаты Дульдургинского округа Забайкалья буквально взорвались: «Медведи вышли к селу!» Фото косолапых разлетались по группам, люди не на шутку перепугались. Вот только фото оказались ф"
irk.kp.ru,2026-09-17 06:53,article,"Ушли в лес втроем, вернулся только один: в Иркутской области медведь загрыз двух сборщиков ягоды",https://dzen.ru/a/aquPqUjUgT5jjWfA,2044,11,116,"Сезон сбора дикоросов обернулся новой трагедией. В Киренском районе Иркутской области медведь напал на группу мужчин, которые отправились за ягодой. Инцидент произошёл в лесном массиве в районе села К"
irk.kp.ru,2026-09-17 06:40,article,В Забайкалье охотоведы следят за медведями с помощью беспилотников,https://dzen.ru/a/aquLs98hLg35mvta,14,0,61,"Государственные инспекторы Охотуправления Забайкалья начали обследовать территории с помощью беспилотников. Как сообщает ZabNews со ссылкой на краевое Минприроды, дроны помогают быстро отслеживать вых"
irk.kp.ru,2026-09-17 06:33,article,"Вместо ребёнка был скелет, а голова «шевелилась» от вшей: 12-летний мальчик умирал от голода, пока мать жила своей жизнью",https://dzen.ru/a/aquKEkjUgT5jjUTI,301,5,323,"Одно из самых страшных уголовных дел последних лет в Иркутской области. Многодетная мать позволила собственному сыну медленно угасать в квартире, полной тараканов и плесени. «КП — Иркутск» восстанавли"
irk.kp.ru,2026-09-17 06:12,article,"В Иркутском районе через суд вернули в оборот 2,3 га сельхозземель",https://dzen.ru/a/aquFXt8hLg35mtg8,156,0,44,"Прокуратура Иркутского района проверила, как исполняется законодательство об обороте земель сельскохозяйственного назначения. Специалисты Россельхознадзора обнаружили нарушения при использовании двух "
irk.kp.ru,2026-09-17 05:01,article,Из-за вспышки дерматита у коров в Хомутовском округе объявили режим ЧС,https://dzen.ru/a/aqt0e0jUgT5jjMbi,26,0,92,В Хомутовском административном округе с 16:00 16 сентября действует режим чрезвычайной ситуации. Поводом стало распространение заразного узелкового дерматита среди крупного рогатого скота. Решение при
irk.kp.ru,2026-09-17 04:31,article,"В Слюдянке 10-летний мальчик попал под УАЗ, перебегая дорогу",https://dzen.ru/a/aqtuCd8hLg35mlb0,13,0,44,"Госавтоинспекция Слюдянского района выясняет обстоятельства ДТП, в котором пострадал несовершеннолетний пешеход. - Инцидент произошёл накануне около 19 часов на улице Парижской Коммуны в Слюдянке. По "
irk.kp.ru,2026-09-17 03:59,article,Прокуратура в Усть-Куте помогла бойцу СВО отменить долг за отопление,https://dzen.ru/a/aqtmJEjUgT5jjHco,2,0,29,"Прокуратура Усть-Кута проверила, как начисляют плату за коммунальные услуги, после обращения члена семьи участника специальной военной операции. - Выяснилось, что в жилом помещении, принадлежащем бойц"
irk.kp.ru,2026-09-17 03:50,article,"«Выстроить кур в шеренгу, а потом в МФЦ?»: что на самом деле значит учёт домашней птицы и о чём переживают сельские жители",https://dzen.ru/a/aqtjyh3cWgqrMG8X,2,0,257,"— Несушки мои четыре семьи кормят: трёх дочерей с детьми и меня с мужем, — рассказывает про своих кур 64-летняя Вера Бизимова. — В магазине яйца вообще не покупаем. Женщина 9 лет назад переехала из Ир"
irk.kp.ru,2026-09-17 03:43,article,"Женщина получила от коллеги сообщение, которое та не отправляла: «В клинику придет человек за деньгами, встреть»",https://dzen.ru/a/aqtjy98hLg35mh6H,100,0,96,"Две жительницы Бурятии оказались на волоске от потери денег, но в последний момент сумели разглядеть обман. Обе истории - как учебник по цифровой грамотности: мошенники действовали по отработанным схе"
irk.kp.ru,2026-09-17 02:54,article,Лесозаготовители в Братском районе заплатят 5 млн за вред охотничьим угодьям,https://dzen.ru/a/aqtXHEjUgT5jjCR2,127,0,35,"Прокуратура Братского района проверила, как исполняется законодательство об охране окружающей среды и животного мира. - Выяснилось, что в 2025 году на территории района по договорам аренды велась заго"
irk.kp.ru,2026-09-17 02:31,article,В Братске отопительный сезон стартует 17 сентября,https://dzen.ru/a/aqtRrN8hLg35mcFW,3,0,36,"В Братске определились с датой старта отопительного сезона. Соответствующее постановление подписал мэр города Братск - тепло в домах и учреждениях города начнут подавать уже сегодня, 17 сентября. - Пе"
irk.kp.ru,2026-09-17 02:00,article,«130 обращений поступило за месяц»: ситуация с медведями в Иркутской области 17 сентября 2026,https://dzen.ru/a/aqtNm98hLg35mawj,5,0,225,Ситуация с медведями в Иркутской области 17 сентября 2026 вышла на новый уровень — власти переходят к экстренным мерам. На заседании рабочей группы по регулированию численности хищников под руководств
irk.kp.ru,2026-09-17 01:57,article,"В Усть-Куте изъяли 107 немаркированных курток, шуб и пальто",https://dzen.ru/a/aqtKd0jUgT5ji-bH,39,2,59,"В Усть-Куте полицейские пресекли продажу немаркированной верхней одежды. Отдел экономической безопасности и противодействия коррупции местного отдела МВД изъял из оборота 107 курток, пальто и шуб. - П"
irk.kp.ru,2026-09-17 01:33,article,В Иркутске завершается ремонт улицы Курганской,https://dzen.ru/a/aqtD1B3cWgqrMB3o,13,0,60,"В Иркутске на финишную прямую вышел ремонт дороги на улице Курганской. Как продвигаются работы на участке от Трактовой до дома № 11б на Берегу Ангары, оценил мэр Руслан Болотов. Контракт рассчитан на "
irk.kp.ru,2026-09-17 00:58,article,В Слюдянке простились с бойцом СВО Максимом Фёдоровым,https://dzen.ru/a/aqs7-x3cWgqrMAp8,477,0,50,"В Слюдянке простились со своим земляком - Максимом Олеговичем Фёдоровым, погибшим в зоне проведения специальной военной операции. - Максим родился 2 декабря 1998 года в селе Ломы Сретенского района За"
irk.kp.ru,2026-09-17 00:22,article,В Слюдянском районе за сентябрь поступило 130 сообщений о медведях,https://dzen.ru/a/aqszyt8hLg35mSU_,225,0,44,"В Слюдянском районе сохраняется напряжённая обстановка из-за активности медведей. - Только за сентябрь в ЕДДС поступило 130 сообщений о появлении диких животных, 30 особей уже добыто. Хищников замечаю"
irk.kp.ru,2026-09-16 23:47,article,Психиатр предупредил о губительном влиянии видеоигр со стрельбой,https://dzen.ru/a/aqsrEE5PhhqP3MkG,6,0,37,Видеоигры со стрельбой способны тормозить умственное развитие — таким мнением с NEWS.ru поделился психиатр Василий Шуров. Поводом стало новое исследование учёных: в специальных тестах геймеры показыва
irk.kp.ru,2026-09-16 23:10,article,В Иркутске 17 сентября ночью ожидается гроза и сильный дождь,https://dzen.ru/a/aqsia05PhhqP3LK8,58,1,47,"В четверг, 17 сентября, в Иркутске ожидается переменная облачность. Ночью пройдёт умеренный дождь, в пригородной зоне возможна гроза. - Утром опустится туман, днём будет небольшой дождь. Ветер северо-"
irk.kp.ru,2026-09-16 22:00,article,Что произошло в Иркутской области в ночь на 17 сентября: последние новости,https://dzen.ru/a/aqsSCN8hLg35mG8A,88,0,128,В Иркутской области задержали троих за похищение человека и разбой В Иркутской области полицейские задержали троих подозреваемых в похищении человека и разбое. Их жертвой стал 19-летний местный житель
irk.kp.ru,2026-09-16 14:53,article,В Иркутске обновили 250 квадратных метров асфальта на общественных территориях,https://dzen.ru/a/aqquBUjUgT5jiF1h,15,0,35,"В Иркутске приводят в порядок асфальт на общественных пространствах. Работы идут под контролем МКУ «Городская среда». Каждое лето специалисты обходят парки, скверы и другие места отдыха, чтобы найти у"
irk.kp.ru,2026-09-16 14:34,article,Работающие родители из Иркутска могут получить новую семейную выплату,https://dzen.ru/a/aqqpKx3cWgqrLm8c,1982,0,66,С 1 июня в России действует новая мера поддержки семей - она запущена в рамках национального проекта «Семья». Работающие родители из Иркутска тоже могут на неё рассчитывать. Как пояснила вице-премьер 
irk.kp.ru,2026-09-16 13:54,article,"В Иркутске перевернулась «Тойота», пострадала женщина-водитель",https://dzen.ru/a/aqqgjUjUgT5jiAc5,260,0,29,"В Иркутске на улице Дорожной днём произошло ДТП, в котором перевернулся автомобиль и пострадал человек. - По предварительным данным, 33-летний водитель «Субару Легаси» выезжал с прилегающей территории"
irk.kp.ru,2026-09-16 13:24,article,"Названы пять приёмов, помогающих побороть осеннее обострение на работе",https://dzen.ru/a/aqqZL0jUgT5jh9YL,0,0,89,"С приходом осени многие ловят себя на странном ощущении: привычные задачи, которые летом решались легко, вдруг начинают выматывать. Рабочий день тянется дольше, письма вызывают глухое раздражение, кол"
irk.kp.ru,2026-09-16 12:48,article,В Иркутске реконструкция Ершовского водозабора завершена почти наполовину,https://dzen.ru/a/aqqQ30jUgT5jh5ts,15,0,60,"В Иркутске полным ходом идёт реконструкция и техническое перевооружение Ершовского водозабора. Мэр города Руслан Болотов подчеркнул, что вот уже полвека этот водозабор остаётся главным источником пить"
irk.kp.ru,2026-09-16 12:09,article,"В Иркутской области осудят подростков, обвиняемых в терактах и поджогах",https://dzen.ru/a/aqqH9h3cWgqrLgDr,58,0,62,"Восточный МСУТ СК России завершил расследование уголовного дела о террористической деятельности в Иркутской области. Перед судом предстанет группа несовершеннолетних, двое из которых - подростки. - По"
irk.kp.ru,2026-09-16 11:56,article,"«Ни разу не был на маршруте»: история о туристах, заявивших, что гид бросил их на Шумаке, получила продолжение",https://dzen.ru/a/aqqErUjUgT5jh0lc,0,0,401,"История о походе на Шумакские источники в Бурятии, где гид, по словам туристов, оставил их без помощи в диких горах, получила продолжение: Следственный комитет завел уголовное дело. Пострадавшая Елена"
irk.kp.ru,2026-09-16 11:34,article,Депутаты Заксобрания посетили Тулун,https://dzen.ru/a/aqp_wEjUgT5jhyPg,239,1,96,"Депутаты Законодательного Собрания Иркутской области посетили с рабочим визитом Тулун. Там парламентарии оценили состояние социальных объектов, восстановленных после наводнения 2019 года, а также благ"
irk.kp.ru,2026-09-16 11:07,article,В Бодайбинском районе из-за обогревателя загорелся двухэтажный дом,https://dzen.ru/a/aqp5ZU5PhhqP2rNC,7,0,57,Во вторник в 03:04 ночи очевидцы сообщили о пожаре в двухэтажном трёхподъездном брусовом доме в посёлке Мамакан Бодайбинского района. Ещё до приезда пожарных из здания самостоятельно эвакуировались 18
irk.kp.ru,2026-09-16 10:34,article,"Вышли из школы, но домой не пришли: в Бурятии завершились поиски двоих пропавших детей",https://dzen.ru/a/aqpxUN8hLg35lIlu,225,3,43,В Тункинском районе Бурятии развернулась настоящая поисковая операция. Вечером 15 сентября в дежурную службу республиканской поисково-спасательной службы поступило сообщение: в населённом пункте Туран
irk.kp.ru,2026-09-16 09:57,article,В Иркутской области задержали троих за похищение человека и разбой,https://dzen.ru/a/aqpoWk5PhhqP2nht,68,0,34,"В Иркутской области полицейские задержали троих подозреваемых в похищении человека и разбое. Их жертвой стал 19-летний местный житель. - По данным следствия, в августе молодые люди от 20 до 21 года за"
irk.kp.ru,2026-09-16 09:30,article,В Нижнеудинске появится мемориал бойцам СВО,https://dzen.ru/a/aqpiCN8hLg35lBoU,12,0,51,"Рядом с храмом Петра и Павла в Нижнеудинске вырастает мемориал, посвящённый землякам - участникам специальной военной операции. Стройку осмотрел губернатор области. Началось всё с письма бойца с позыв"
irk.kp.ru,2026-09-16 09:11,article,Хранили на даче: трое преступников незаконно добыли нефрит на 20 миллионов рублей в Иркутской области,https://dzen.ru/a/aqpeyEjUgT5jhkPF,144,0,63,"В Иркутской области вынесли приговор троим мужчинам, причастным к нелегальному обороту нефрита. Их деятельность пресекли оперативники Управления экономической безопасности и противодействия коррупции "
irk.kp.ru,2026-09-16 08:55,article,"Житель Шелехова оплатил полмиллиона долга, чтобы продать иномарку",https://dzen.ru/a/aqpaDN8hLg35k-Ft,16,0,47,"В Шелехове 31-летний местный житель долгое время игнорировал свои долговые обязательства. Мужчина не реагировал на требования пристава оплатить задолженность, избегал встреч с представителем ведомства"
irk.kp.ru,2026-09-16 08:24,article,В Чунском районе через суд взыскали 70 тысяч за нападение собаки на ребёнка,https://dzen.ru/a/aqpS3x3cWgqrLUo9,5,0,40,"Прокуратура Чунского района проверила обращение местной жительницы, которая просила защитить права своего сына. - Выяснилось, что в июле 2025 года на 10-летнего мальчика в посёлке Чунский по дороге из"
irk.kp.ru,2026-09-16 07:54,article,В Иркутской области создали больше 580 новых площадок для сбора мусора,https://dzen.ru/a/aqpLjt8hLg35k30x,8,0,51,В Иркутской области продолжается планомерная работа по созданию современной инфраструктуры для сбора твёрдых коммунальных отходов. Министерство природных ресурсов и экологии региона подвело промежуточ
irk.kp.ru,2026-09-16 07:42,article,"«Результатов нет». Гору Буту-Гол в Бурятии, где три недели назад бесследно пропала туристка, осмотрели с вертолета Ми-8",https://dzen.ru/a/aqpKBN8hLg35k3Fy,46,0,105,"В Окинском районе Бурятии продолжаются поиски 58-летней жительницы Иркутска, пропавшей 29 августа в районе горы Буту-Гол. По данным на утро 16 сентября, обследовано 375 квадратных километров. Гору осм"
irk.kp.ru,2026-09-16 07:17,article,В Катангском районе рабочий получил 300 тысяч за травму на производстве,https://dzen.ru/a/aqpDid8hLg35k0nv,5,0,37,"Прокуратура Катангского района проверила обращение жителя региона, который просил защитить его трудовые права. - Выяснилось, что 31 мая 2024 года мастер бригады, работавший на территории района вахтов"
irk.kp.ru,2026-09-16 07:09,article,"«Мама, нас машина сбила. Тимур не дышит»: 5-летний мальчик погиб на глазах брата и сестры, когда они возвращались с танцев",https://dzen.ru/a/aqpBCd8hLg35kzae,380,0,249,Небольшой участок газона возле пешеходного перехода в 80-м квартале Ангарска уже несколько дней остаётся стихийным мемориалом. Жители города несут туда цветы и мягкие игрушки. Вечером 10 сентября под 
irk.kp.ru,2026-09-16 06:46,article,В Улан-Удэ из-за медведей попросили воздержаться от походов на кладбища,https://dzen.ru/a/aqo7_d8hLg35kxTV,520,0,31,Мэрия Улан-Удэ призвала жителей города временно воздержаться от посещения городских кладбищ. Причина - участившиеся выходы медведей. Администрация города также рекомендовала отказаться от поездок в ле
irk.kp.ru,2026-09-16 06:17,article,"Старшеклассница хотела получить цветы и конфеты, а отдала 2 миллиона семейных накоплений",https://dzen.ru/a/aqo1iR3cWgqrLOvv,1645,0,56,В Ангарске 16-летняя школьница стала жертвой мошенников и лишила семью более 2 миллионов рублей накоплений. Заявление в полицию написала её 42-летняя мать. Всё началось с безобидного сообщения в мессе
irk.kp.ru,2026-09-16 06:07,article,"«Конечно, она ревела»: мать-зверь из Забайкалья рассказала, как пять дней мучила годовалую дочь до смерти",https://dzen.ru/a/aqoyUR3cWgqrLOHA,323,0,192,"28-летняя Наталья Корчагина*, обвиняемая в убийстве годовалой дочери с особой жестокостью, впервые подробно рассказала в Забайкальском краевом суде, что именно делала с ребёнком в последние дни его жи"
irk.kp.ru,2026-09-16 05:55,article,В Иркутске открыли мемориальную доску кавалеру ордена Мужества Евгению Суслову,https://dzen.ru/a/aqov798hLg35ksua,31,0,55,"На фасаде школы № 23 на улице Советской в Иркутске появилась мемориальная доска выпускнику Евгению Суслову. Как сообщили КП-Иркутск в городской администрации, он погиб в зоне специальной военной опера"
irk.kp.ru,2026-09-16 05:37,article,"В Усть-Илимском районе полицейский застрелил медведя, гулявшего по садоводству",https://dzen.ru/a/aqorwN8hLg35kq34,623,0,48,Утром 15 сентября в полицию поступил звонок: в садоводстве «Лесники» Усть-Илимского района по одной из улиц ходит … медведь! На место сразу выехали экипаж наружных служб и специалисты по защите животн
irk.kp.ru,2026-09-16 05:16,article,Волонтеры прокомментировали версию о нападении медведя на пропавшую в Бурятии туристку,https://dzen.ru/a/aqom8d8hLg35kpGA,348,0,53,"Третью неделю в тайге Бурятии ищут 58-летнюю Жанну из Иркутска. Напомним, она пропала 29 августа в районе горы Буту-Гол. В поход сибирячка отправилась с группой туристов, но домой они вернулись без не"
irk.kp.ru,2026-09-16 04:49,article,"Число очагов растет, в зоне риска – 12 деревень: ситуация с узелковым дерматитом в Иркутской области остается напряженной",https://dzen.ru/a/aqogtUjUgT5jhLqO,61,0,171,"Ситуация с узелковым дерматитом в Иркутской области 16 сентября 2026 года продолжает оставаться напряженной. Число очагов заражения растет, но ветеринары уже завершают массовую вакцинацию скота, чтобы"
irk.kp.ru,2026-09-16 04:17,article,"«Меня спасли хорошие манеры»: Следователь поменялся билетами с незнакомкой, а вскоре узнал, что все пассажиры самолёта погибли",https://dzen.ru/a/aqoYz98hLg35kkYR,838,1,396,"Пятница, 18 сентября 1981 года. В аэропорту Железногорска-Илимского, маленького города на севере Иркутской области, десятки человек ждали прибытия родных и близких. Самолёт из Иркутска должен был вот-"
irk.kp.ru,2026-09-16 03:52,article,В Ангарске из-за столкновения четырех машин погиб человек,https://dzen.ru/a/aqoTGEjUgT5jhHcn,45,0,45,"Вечером 15 сентября на улице Алешина в Ангарске произошла смертельная авария. Как сообщили КП-Иркутск в региональной Госавтоинспекции, 33-летний водитель «Ниссан Жук» перестраивался на левую полосу и "
irk.kp.ru,2026-09-16 03:28,article,"У обвиняемого в убийстве туристки в Бурятии арестовали имущество на 14,9 млн руб",https://dzen.ru/a/aqoNh98hLg35kguD,264,0,68,"Мужчина, который, по версии следствия, расправился со своей спутницей в горах Бурятии, на время суда остался без квартир, машин и счетов. Суд наложил арест на его имущество почти на 14,9 миллиона рубл"
irk.kp.ru,2026-09-16 03:26,article,"Малыш чудом выжил, маму было уже не спасти: семья попала в страшное ДТП в Бурятии",https://dzen.ru/a/aqoMy0jUgT5jhFeQ,75,0,42,"Страшная авария произошла 14 сентября в пригороде Улан-Удэ, в трех км от Иволгинска столкнулись две машины. Погибла 39-летняя пассажирка, а ее маленький сын попал в больницу с травмами. - 41-летняя же"
irk.kp.ru,2026-09-16 03:23,article,"Кросс нации в Иркутской области 2026: все, что нужно знать о забеге",https://dzen.ru/a/aqoX705PhhqP2Xp3,14,0,124,"Всероссийский день бега Кросс Нации в Иркутской области в 2026 году состоится 26 сентября. Это популярное спортивное событие проходит в стране с 2004 года и ежегодно собирает тех, кто легок на подъем."
irk.kp.ru,2026-09-16 02:56,article,Директора стройфирмы в Иркутске осудили на 5 лет за фиктивный въезд иностранцев,https://dzen.ru/a/aqoFpd8hLg35keQW,109,0,55,Куйбышевский районный суд Иркутска вынес приговор 55-летнему местному жителю. Он руководил строительной компанией и организовал незаконный въезд иностранных работников. Об этом КП-Иркутск сообщили в М
irk.kp.ru,2026-09-16 02:41,article,В Иркутске завершился ремонт фасада Московских ворот,https://dzen.ru/a/aqoChx3cWgqrLGQ8,207,0,20,"На Нижней набережной Ангары завершились ремонтные работы на фасаде Московских ворот. Результаты проверил мэр города Руслан Болотов. Подрядчик устранил мелкие дефекты на фасаде, обновил покраску. Для э"
irk.kp.ru,2026-09-16 02:27,article,Обвиняемым в убийстве туристки в Бурятии оказался владелец спортклуба из Москвы,https://dzen.ru/a/aqn_VN8hLg35kcag,33,0,62,"Осенью 2025 года 42-летняя москвичка приехала отдыхать в Аршан вместе со спутником. Пара была в отношениях, но в браке не состояла. Ничего не предвещало беды. 5 сентября тело женщины нашли в ущелье у "
irk.kp.ru,2026-09-16 02:23,article,Умер экс-главврач медсанчасти и депутат Думы Иркутска Николай Матвейчук,https://dzen.ru/a/aqn-g98hLg35kcK3,355,0,64,"Умер экс-главврач медсанчасти и депутат Думы Иркутска Николай Матвейчук. Он родился в 1950 году в селе Доброе на Украине, а в 1974 году окончил Черновицкий медицинский институт. После учебы его направ"
irk.kp.ru,2026-09-16 01:56,article,В Иркутской области за восемь месяцев зарплаты выросли на 16%,https://dzen.ru/a/aqn4HkjUgT5jg_MB,180,3,63,"Средняя предлагаемая зарплата в Иркутской области за восемь месяцев 2026 года выросла с 84,1 тысячи рублей до 97,7 тысячи. Это на 16% больше, чем в январе. Такие данные приводит hh.ru. - Быстрее всего"
irk.kp.ru,2026-09-16 01:27,article,Старший матрос Андрей Бужгеев из Эхирит-Булагатского района погиб в зоне СВО,https://dzen.ru/a/aqnww0jUgT5jg9RC,437,1,55,"Боец Андрей Бужгеев из Эхирит-Булагатского района погиб в зоне проведения специальной военной операции. Об этом сообщил мэр Геннадий Осодоев. Герой родился в Нижней Идыге, был вторым сыном. После окон"
irk.kp.ru,2026-09-16 00:58,article,Ситуация с медведями в Иркутской области 16 сентября 2026: мэрам рекомендовали ввести режим повышенной готовности,https://dzen.ru/a/aqnqaUjUgT5jg7UY,616,1,183,"Ситуация с медведями в Иркутской области 16 сентября 2026 стала поводом для экстренных мер. На заседании рабочей группы по регулированию численности хищников, которую возглавляет зампред правительства"
irk.kp.ru,2026-09-16 00:04,article,"Ортопед объяснил, какую обувь нельзя носить осенью",https://dzen.ru/a/aqndzk5PhhqP2OqJ,111,0,54,"Осенью главная угроза для ног - мокрый асфальт и скользкая плитка. Ортопед Таулан Гедиев в беседе с NEWS.ru объяснил, на что смотреть при выборе обуви, чтобы не подвернуть ногу и не оказаться в травмп"
irk.kp.ru,2026-09-15 23:32,article,В Иркутской области вдвое вырос лимит сверхурочной работы,https://dzen.ru/a/aqnV4U5PhhqP2NSd,1166,3,68,"С 1 сентября 2026 года в России изменились правила сверхурочной работы. Годовой лимит для каждого сотрудника могут увеличить со 120 до 240 часов, если это условие прописано в коллективном договоре или"
irk.kp.ru,2026-09-15 23:05,article,+20 градусов и гроза с дождем ожидаются в Иркутске 16 сентября,https://dzen.ru/a/aqnPnk5PhhqP2MXP,30,0,47,"В Иркутске днем 16 сентября 2026 потеплеет до +18…+20 градусов. Захватите зонтики – ожидается кратковременный дождь с грозой, порывы ветра достигнут 14 метров в секунду, в пригороде до 15-18 м/с. Темп"
irk.kp.ru,2026-09-15 22:00,article,Что произошло в Иркутской области в ночь на 16 сентября: последние новости,https://dzen.ru/a/aqnAeR3cWgqrK7vm,24,0,158,В Слюдянском районе спасатели вынесли из тайги травмированного мужчину В глухой тайге Слюдянского района едва не закончилась трагедией история обычного похода за дикоросами. 12 сентября житель Тункинс
irk.kp.ru,2026-09-15 14:36,article,В Иркутске с начала года убрали больше трёх тысяч незаконных свалок,https://dzen.ru/a/aqlYPN8hLg35jhvH,8,0,53,За восемь месяцев этого года на территории Иркутска ликвидировали более трёх тысяч несанкционированных свалок. На городской полигон вывезли свыше 5770 тонн мусора. Уборку проводили подрядные организац
irk.kp.ru,2026-09-15 13:58,article,"Психолог объяснила, почему осенью учащаются семейные конфликты",https://dzen.ru/a/aqlPekjUgT5jgGgy,5,0,47,"Осенью в семьях действительно вспыхивает больше ссор. Психолог Анастасия Процветова объяснила NEWS.ru, что дело не только в хмурой погоде - причина в том, что внешние обстоятельства давят на всех член"
irk.kp.ru,2026-09-15 13:14,article,В Иркутске завершили ремонт фасада Московских ворот,https://dzen.ru/a/aqlFCh3cWgqrKmBy,81,0,85,"В Иркутске привели в порядок фасад Московских ворот на Нижней набережной Ангары. Результат проверил мэр Руслан Болотов — вместе с советником мэра Ингой Корочкиной, заммэра Денисом Зеленским, директоро"
irk.kp.ru,2026-09-15 12:10,article,В Иркутске на Рабочего Штаба потушили пожар в административном здании,https://dzen.ru/a/aqk2Bk5PhhqP1w7E,1031,0,23,"Вечером в Иркутске загорелось административное здание на улице Рабочего Штаба. Информация о возгорании поступила в экстренные службы, и на место незамедлительно выехали 23 пожарных на шести единицах т"
irk.kp.ru,2026-09-15 11:38,article,В Черемхово отопительный сезон стартует 15 сентября,https://dzen.ru/a/aqku6d8hLg35jQnV,86,0,33,В Черемхово определились с датами старта отопительного сезона. Решение приняли на штабе с участием представителей теплоснабжающих организаций. С 15 сентября отопительный сезон начнётся в объектах соци
irk.kp.ru,2026-09-15 11:06,article,В Иркутской области после схода 11 вагонов завели уголовное дело,https://dzen.ru/a/aqknpkjUgT5jf2DP,78,0,43,В Иркутской области начато уголовное разбирательство по факту схода грузовых вагонов. Братский следственный отдел на транспорте Восточного МСУТ СК России завел дело по признакам нарушения правил безоп
irk.kp.ru,2026-09-15 10:58,article,"«Мы не знаем, где-то отстала»: подруга туристки, пропавшей в горах Бурятии без еды и теплых вещей, раскрыла детали похода",https://dzen.ru/a/aqklPEjUgT5jf1AE,1263,4,371,"Третью неделю в тайге Бурятии ищут 58-летнюю Жанну из Иркутска. Без вести она пропала 29 августа в районе горы Буту-Гол. В поход сибирячка отправилась в группе туристов, но домой они вернулись без нее"
irk.kp.ru,2026-09-15 10:51,article,"«Забрался на дерево, но медведь успел укусить»: пенсионер чудом спасся от хищника",https://dzen.ru/a/aqkjpk5PhhqP1tDN,113,0,69,"70-летний мужчина отправился на рыбалку и неожиданно встретил медведя. Пенсионеру чудом удалось забраться на ближайшее дерево, однако зверь успел укусить его за ногу. Когда медведь отошёл подальше, му"
irk.kp.ru,2026-09-15 10:41,article,"Любуясь водопадом туристка не подозревала, что вот-вот погибнет, а её мужчина будет играть убитого горем жениха",https://dzen.ru/a/aqkhPd8hLg35jLEB,781,0,192,"Посёлок Аршан. Тункинская долина Бурятии. Место, куда люди приезжают дышать горным воздухом, лечиться, любоваться водопадами. Кажется, здесь вообще невозможно что-то плохое. Увы, нет. Ещё как возможно"
irk.kp.ru,2026-09-15 10:33,article,В Слюдянском районе спасатели вынесли из тайги травмированного мужчину,https://dzen.ru/a/aqkfnd8hLg35jKZF,121,0,64,"12 сентября житель Тункинского района 1981 года рождения отправился за дикоросами и в глухой тайге серьёзно повредил ногу. Осознав, что самостоятельно выбраться не получится, мужчина не запаниковал — "
irk.kp.ru,2026-09-15 09:54,article,В зоне СВО погиб младший сержант Валентин Колодин из Эхирит-Булагатского района,https://dzen.ru/a/aqkWrt8hLg35jG2I,373,1,61,"В зоне специальной военной операции погиб наш земляк - Валентин Сергеевич Колодин, младший сержант, стрелок. Валентин родился 11 февраля 1991 года в деревне Кулункун Эхирит-Булагатского района. Он был"
irk.kp.ru,2026-09-15 09:33,article,В Жигалово пьяного водителя скутера осудили на 400 часов работ,https://dzen.ru/a/aqkR0kjUgT5jftgV,6,0,55,Суд вынес приговор 22-летнему жителю посёлка Жигалово. Молодого человека задержали за повторную езду в нетрезвом виде и умышленное повреждение чужого автомобиля. - В августе 2025 года сотрудники Госав
irk.kp.ru,2026-09-15 08:53,article,В Иркутске осуждённый получил срок за попытку дать взятку в колонии,https://dzen.ru/a/aqkIQk5PhhqP1nlj,14,0,48,"В Иркутске завершилось разбирательство по делу о коррупции в исправительной колонии. Следственный отдел по Свердловскому району собрал достаточно доказательств, и суд вынес приговор 27-летнему осуждён"
irk.kp.ru,2026-09-15 08:52,article,"«Не полечу, и всё тут!»: как плохое предчувствие спасло сибирячку и её семью от авиакатастрофы, в которой погибли 40 человек",https://dzen.ru/a/aqkIQUjUgT5jfpoJ,3953,5,392,"— Эта авиакатастрофа коснулась практически каждой семьи в Железногорске-Илимском, — вспоминает научный сотрудник музея имени академика Янгеля Дмитрий Безгачев. 45 лет назад, 18 сентября 1981 года, неб"
irk.kp.ru,2026-09-15 08:18,article,"«Помогите, жена сорвалась с моста и упала в реку!»: когда ее тело нашли, стало ясно - мужчина врал",https://dzen.ru/a/aqkB698hLg35i-yc,763,0,80,"Жуткая история, начавшаяся как обычный отпуск, дошла до суда. Житель Москвы, приехавший с женщиной на отдых в Бурятию, обвиняется в её убийстве. По версии следствия, он расправился с сожительницей, чт"
irk.kp.ru,2026-09-15 08:09,article,В Заларинском районе водителя оштрафовали за оскорбление инспекторов ДПС,https://dzen.ru/a/aqj9_R3cWgqrKYCq,28,0,40,В Заларинском районе 73-летнего местного жителя оштрафовали на 20 тысяч рублей за оскорбление сотрудников Госавтоинспекции. Инцидент произошёл 24 января на улице Трактовой в селе Ханжиново - там столк
irk.kp.ru,2026-09-15 07:34,article,В Куйтуне торжественно открыли стелу “Я жду тебя”,https://dzen.ru/a/aqj2Et8hLg35i561,2,0,64,"В Куйтуне прошло торжественная церемония открытия стелы “Я жду тебя”, которую установили в сквере памяти участников СВО. Участие в мероприятии приняла депутаты Законодательного Собрания Иркутской обла"
irk.kp.ru,2026-09-15 07:33,article,В Братске пожарные потушили горящий грузовик в жилом районе Энергетик,https://dzen.ru/a/aqj1NkjUgT5jfiCL,0,0,35,Накануне в жилом районе Энергетик в Братске загорелся грузовой автомобиль. На место выехали 7 специалистов МЧС и 2 единицы техники. Открытый огонь удалось сбить всего за 5 минут - огонь охватил 4 квад
irk.kp.ru,2026-09-15 07:16,article,"«Вы 30 минут погуляйте»: в банке хитростью спасли клиентку от аферистов, которые представлялись губернатором",https://dzen.ru/a/aqjx_98hLg35i4Ol,34,0,172,"71-летняя жительница Усть-Илимска едва не лишилась всех своих сбережений. Аферисты позвонили ей от имени губернатора Иркутской области, напугали уголовной ответственностью и заставили снимать деньги. "
irk.kp.ru,2026-09-15 06:58,article,"В Усть-Куте водитель фуры поймал грабителя, забравшегося к нему в кабину",https://dzen.ru/a/aqjtFk5PhhqP1iFR,316,0,47,"В Усть-Куте произошёл случай, который едва не обернулся для дальнобойщика потерей денег и документов. В дежурную часть местного отдела МВД обратился водитель грузового КамАЗа, приехавший в город из Са"
irk.kp.ru,2026-09-15 06:40,article,Председатель Заксобрания провел прием граждан в Свирске,https://dzen.ru/a/aqjpDt8hLg35i0hZ,0,0,115,"Председатель Законодательного Собрания Иркутской области во время рабочего визита в Свирск провел личный прием граждан. Для того, чтобы максимально оперативно решить те вопросы, с которыми обращаются "
irk.kp.ru,2026-09-15 06:22,article,В Киренском районе осудили мужчину за избиение 9-летнего сына сожительницы,https://dzen.ru/a/aqjlF98hLg35izBR,22,0,36,"Прокуратура Киренского района проверила обращение местной жительницы, которая просила защитить права своего сына. Выяснилось, что в апреле 2026 года сожитель женщины нанёс побои её 9-летнему ребёнку. "
irk.kp.ru,2026-09-15 05:56,article,Житель Черемхово потерял больше миллиона рублей при покупке трактора в интернете,https://dzen.ru/a/aqjey98hLg35iw0E,63,0,43,"49-летний житель Черемхово стал жертвой мошенников. Как сообщили КП-Иркутск в МВД региона, на одном из сайтов он нашел объявление о продаже трактора, оставил заявку и стал ждать ответа. - Вскоре с ним"
irk.kp.ru,2026-09-15 05:29,article,Дальнобойщик проснулся от звонка и застыл в ужасе: его машина стала местом преступления,https://dzen.ru/a/aqjYik5PhhqP1eTy,289,0,40,"Водитель КамАЗа приехал в Усть-Кут из Самарской области, чтобы доставить груз в порт. В ожидании разгрузки он заночевал в кабине на улице Кирова. Ранним утром 14 сентября мужчина проснулся от звонка т"
irk.kp.ru,2026-09-15 05:10,article,В Иркутске таможенники задержали иностранца с 60 тысячами долларов в рюкзаке,https://dzen.ru/a/aqjT0d8hLg35itUI,75,0,47,"В иркутском аэропорту пресекли попытку незаконного ввоза валюты. Как сообщили КП-Иркутск в региональной таможне, 30-летний иностранец прилетел из Ташкента и прошел через «зеленый коридор», заявив, что"
irk.kp.ru,2026-09-15 04:49,article,В Иркутске можно бесплатно и анонимно провериться на ВИЧ 16 и 21 сентября,https://dzen.ru/a/aqjPHt8hLg35irqQ,11,0,26,"Жители и гости Иркутска могут пройти бесплатное и анонимное обследование на ВИЧ, вирусные гепатиты В и С, а также сифилис. Тестирование проводят в мобильных пунктах. - 16 сентября тест-мобиль будет ст"
irk.kp.ru,2026-09-15 04:31,article,Абсолютный рекорд! Впервые сентябрь в Иркутске побаловал летней жарой до +30 градусов,https://dzen.ru/a/aqjKbt8hLg35iqAF,60,0,208,"Сибиряки привыкли, что сентябрь - это прохлада и дожди. Но осень-2026 перевернула все: жара, грозы и ливни, как в Сочи. Почему погода в Приангарье стала непредсказуемой - в материале КП-Иркутск. Начал"
irk.kp.ru,2026-09-15 03:43,article,В Иркутске экс-директора лесозаготовительной компании обязали вернуть 100 млн,https://dzen.ru/a/aqi_N0jUgT5jfOSw,1182,1,62,Иркутский областной суд подтвердил решение о взыскании с бывшего генерального директора лесозаготовительной компании почти 100 миллионов рублей. Деньги он получил от контрабанды леса. Об этом КП-Иркут
irk.kp.ru,2026-09-15 03:25,article,Погибший грибник и раненый фермер: как обстоит ситуация с медведями в Иркутской области 15 сентября 2026,https://dzen.ru/a/aqi7PN8hLg35ij93,65,0,189,"Ситуация с медведями в Иркутской области 15 сентября 2026 остается сложной. Хищников видят не только в лесах, но и у дорог, вблизи населенных пунктов. Полиция и охотники работают в усиленном режиме, н"
irk.kp.ru,2026-09-15 02:04,article,Автомобиль слетел в яму на улице Советской в Иркутске,https://dzen.ru/a/aqioDR3cWgqrKIon,99,0,42,"Утром 15 сентября 2026 на улице Советской в Иркутске машина упала в яму, которую вырыли коммунальщики. О происшествии КП-Иркутск сообщили очевидцы. По их словам, на месте шли ремонтные работы, и терри"
irk.kp.ru,2026-09-15 01:50,article,Семьи Иркутской области могут подать заявление на выплату до 1 октября,https://dzen.ru/a/aqilBt8hLg35icbw,6335,5,64,"До 1 октября 2026 семьи Иркутской области могут подать заявление на ежегодную выплату. Ее уже получили 29 тысяч семей региона, средний размер составил 34 тысячи рублей. Об этом КП-Иркутск сообщили в О"
irk.kp.ru,2026-09-15 01:17,article,«Такого не было все 144 года!»: чем удивил сентябрь 2026 жителей Иркутской области,https://dzen.ru/a/aqidId8hLg35iZ7L,330,0,76,Сентябрь 2026 года в Иркутской области начался с погодных рекордов. В первые дни тепло с Атлантики и жаркий воздух с Черного и Каспийского морей принесли аномальную жару. В Иркутске зафиксировали абсо
irk.kp.ru,2026-09-15 00:45,article,"В Иркутской области фермер получил раны, отгоняя медведя от свиньи",https://dzen.ru/a/aqiWFh3cWgqrKFmH,261,0,50,"В Нижнеудинском районе медведь напал на работника фермы. Как сообщили КП-Иркутск в МВД региона, мужчина попытался палкой отогнать зверя от задавленной свиньи и получил раны ноги и плеча. Все произошло"
irk.kp.ru,2026-09-15 00:09,article,"Врач рассказал, когда делать прививку от гриппа и как не подхватить вирус",https://dzen.ru/a/aqiNad8hLg35iUaS,10,1,52,"Сезон простуд и гриппа уже начался, и в ближайшее время поликлиники начнут приглашать на вакцинацию. Педиатр Дмитрий Малых в разговоре с NEWS.ru напомнил, что прививку можно сделать до конца сентября,"
irk.kp.ru,2026-09-14 23:35,article,В Иркутском округе от узелкового дерматита привили больше 16 тысяч животных,https://dzen.ru/a/aqiFVd8hLg35iRyX,109,0,53,"В Иркутском муниципальном округе завершают вакцинацию скота от заразного узелкового дерматита. Ветеринары привили 10 621 голову крупного рогатого скота и 6 064 головы мелкого. Всего - больше 16,6 тыся"
irk.kp.ru,2026-09-14 23:07,article,До +23 градусов потеплеет в Иркутске 15 сентября,https://dzen.ru/a/aqh-30jUgT5je4nL,20,0,39,"В Иркутске днем 15 сентября 2026 потеплеет до +21…+23 градусов, дождя не ожидается. Как сообщили КП-Иркутск в Иркутском Гидрометцентре, будет дуть юго-восточный ветер со скоростью 5-10 метров в секунд"
irk.kp.ru,2026-09-14 22:00,article,Что произошло в Иркутской области в ночь на 15 сентября: последние новости,https://dzen.ru/a/aqhvPE5PhhqP1Mv3,254,0,138,В Иркутске вандал разбил плитку в подземном переходе на Рябикова В Иркутске зафиксирован акт вандализма: в ночь с 13 на 14 сентября неизвестный повредил плитку в подземном переходе на бульваре Рябиков
irk.kp.ru,2026-09-14 10:56,article,"Стихийный мемориал появился на месте ДТП в Ангарске, где погиб 5-летний мальчик",https://dzen.ru/a/aqfT0UjUgT5jd_Is,1347,1,35,"На месте трагедии в Ангарске — у дома № 7 в 73-м квартале, где вечером 10 сентября женщина без прав сбила двоих детей на пешеходном переходе, — появился стихийный мемориал. Горожане несут к «зебре» цв"
irk.kp.ru,2026-09-14 10:30,article,Вандал повредил плитку в подземном переходе на бульваре Рябикова в Иркутске,https://dzen.ru/a/aqfORR3cWgqrJkB0,47,0,35,В Иркутске зафиксирован акт вандализма: в ночь с 13 на 14 сентября неизвестный повредил плитку в подземном переходе на бульваре Рябикова. Инцидент попал на камеры видеонаблюдения — кадры зафиксировали
irk.kp.ru,2026-09-14 10:12,article,Отец убитой годовалой девочки из Балея отказался быть потерпевшим по делу,https://dzen.ru/a/aqfJSEjUgT5jd7aO,22,0,52,"В Забайкальском краевом суде продолжается рассмотрение дела против 28 летней Натальи Корчагиной*, обвиняемой в жестоком убийстве дочери. На очередном заседании прозвучало шокирующее заявление: отец по"
irk.kp.ru,2026-09-14 09:57,article,Перед смертью от замученной матерью годовалой девочки в Балее пахло уксусом,https://dzen.ru/a/aqfFVN8hLg35hO9B,107,1,63,"Забайкальский краевой суд продолжил рассматривать дело 28-летней жительницы Балея Натальи Корчагиной*, обвиняемой в пытках и убийстве годовалой дочери. Новое заседание вскрыло шокирующие подробности. "
irk.kp.ru,2026-09-14 09:37,article,"«От неё так пахло уксусом, что слезились глаза»: врачи рассказали о последних минутах жизни замученной матерью девочки",https://dzen.ru/a/aqfAi0jUgT5jd4N3,229,0,299,"Забайкальский краевой суд продолжил рассматривать уголовное дело в отношении 28-летней жительницы Балея Натальи Корчагиной*, обвиняемой в убийстве годовалой дочери с особой жестокостью. Новое заседани"
irk.kp.ru,2026-09-14 09:30,article,В Иркутской области сентябрь остаётся аномально тёплым - до +27,https://dzen.ru/a/aqe_sEjUgT5jd32d,196,0,73,"Треть сентября уже позади, но в Иркутской области всё ещё продолжается лето. Правда, погода по региону очень разная: южная половина области прогревается сильно, а северные, северо-восточные и верхнеле"
irk.kp.ru,2026-09-14 09:18,article,В Братском районе дроппера осудили за оформление карт для мошенников,https://dzen.ru/a/aqe8g98hLg35hLpu,9,0,59,"Братский районный суд вынес приговор 20-летнему жителю Вихоревки. Его признали виновным в трёх эпизодах неправомерного оборота средств платежей - проще говоря, в дропперстве. - В сентябре 2025 года мо"
irk.kp.ru,2026-09-14 08:57,article,"Мама думала, что сын помогает другу на огороде. В это время подросток спасал жизнь незнакомца, но погиб вместе с ним",https://dzen.ru/a/aqe31d8hLg35hJsT,48,0,206,"- Я пойду к приятелю, помогу на огороде, - сказал 16-летний Севастьян матери, уходя из дома. Надежда из Забайкалья и представить не могла, что видела в тот день сына в последний раз. Он исчез на реке "
irk.kp.ru,2026-09-14 08:49,article,"В Иркутске отопительный сезон стартует 22 сентября, но дату могут сдвинуть",https://dzen.ru/a/aqe1Y0jUgT5jdz6s,1303,3,49,"В мэрии Иркутска обсудили, когда в городе дадут тепло. Заседание рабочей группы провёл заместитель мэра - председатель комитета городского обустройства Сергей Гаврин. Вместе с главами округов и руково"
irk.kp.ru,2026-09-14 08:32,article,В Иркутске отмечают 124 года со дня рождения авиаконструктора Николая Камова,https://dzen.ru/a/aqeyKU5PhhqP0sdw,6,0,32,"Сегодня, 14 сентября, исполняется 124 года со дня рождения Николая Ильича Камова - выдающегося авиаконструктора, родившегося в Иркутске. Именно он подарил миру само слово «вертолет»: оно впервые появи"
irk.kp.ru,2026-09-14 07:53,article,В Слюдянском районе за день заметили пять медведей,https://dzen.ru/a/aqeoXt8hLg35hD33,71,0,48,В Слюдянском районе Иркутской области выдался неспокойный день 13 сентября. В Единую дежурно-диспетчерскую службу поступило сразу пять сообщений о медведях. - Люди заметили хищников в разных уголках р
irk.kp.ru,2026-09-14 07:16,article,Завершились поиски пропавших в Улан-Удэ женщины и её 2-летнего сына,https://dzen.ru/a/aqefgEjUgT5jdsVe,294,2,37,"В Улан-Удэ завершились поиски 35-летней женщины и её двухлетнего сына, которые пропали 11 сентября. Как сообщили корреспонденту КП-Иркутск, мать и ребёнок найдены - они находились у знакомых женщины. "
irk.kp.ru,2026-09-14 07:08,article,Прокуратура взяла на контроль ДТП с 15-летним водителем в Иркутской области,https://dzen.ru/a/aqed4t8hLg35hAYe,24,1,62,"Прокуратура Эхирит-Булагатского района подключилась к разбирательству после дорожной аварии, в которой пострадали дети. Надзорное ведомство не только проводит собственную проверку, но и взяло под конт"
irk.kp.ru,2026-09-14 06:28,article,"Возле мотоцикла сидел медведь, тело пропавшего нашли рядом: хищник убил грибника в Иркутской области",https://dzen.ru/a/aqeVL0jUgT5jdo87,1441,10,97,"В Иркутской области не прекращаются встречи с бурыми медведями. Полицейские в разных районах Иркутской области то и дело получают сигналы: хищника видят в лесу, у дорог, рядом с населёнными пунктами. "
irk.kp.ru,2026-09-14 06:14,article,В Заларинском районе 33 работникам доплатили за вредные условия труда,https://dzen.ru/a/aqeRRU5PhhqP0m-W,433,0,29,"Прокуратура Заларинского района проверила соблюдение трудового законодательства на одном из коммерческих предприятий. - Выяснилось, что 33 сотрудникам местного филиала не начисляли и не выплачивали до"
irk.kp.ru,2026-09-14 05:13,article,В Иркутске ветеринары спасли кота с тяжёлым некрозом роговицы,https://dzen.ru/a/aqeDCE5PhhqP0koO,23,0,58,"В Иркутскую городскую ветклинику привезли кота в критическом состоянии - у животного диагностировали корнеальный секвестр с отторжением и сквозную язву роговицы. По словам ветеринаров, столь тяжёлые п"
irk.kp.ru,2026-09-14 04:46,article,"В Братске за неделю отстрелили 12 медведей, вышедших к жилым районам",https://dzen.ru/a/aqd8rkjUgT5jdg1-,208,1,45,"Администрация Братска сообщила, что за минувшую неделю в рамках плановых мероприятий по регулированию численности животных мобильные группы отстрелили 12 особей медведя. В состав групп вошли работники"
irk.kp.ru,2026-09-14 04:31,article,Землетрясение произошло в Иркутской области 14 сентября,https://dzen.ru/a/aqd6Rk5PhhqP0jUv,106,0,29,"Землетрясение в Иркутской области 14 сентября произошло утром - подземные толчки зафиксировали в акватории Байкала около 07:41. - Магнитуда сейсмособытия составила 3,3, - сообщили в Байкальском филиал"
irk.kp.ru,2026-09-14 04:11,article,В Иркутске завершился сезон прогулок на теплоходах по Ангаре,https://dzen.ru/a/aqd0yE5PhhqP0iaS,23,0,29,"В Восточно-Сибирском речном пароходстве сообщили, что навигационный сезон для теплоходов «Москва-67» и «Сокол», выполнявших прогулочные рейсы по Ангаре, завершён сегодня, 14 сентября 2026 года. Эти су"
irk.kp.ru,2026-09-14 03:42,article,В Иркутске суд взыскал с контрабандиста леса более 54 млн рублей,https://dzen.ru/a/aqdty0jUgT5jdcJl,1191,5,39,"Ленинский районный суд Иркутска удовлетворил иск прокуратуры о взыскании в доход государства более 54 миллионов рублей. Деньги взысканы с руководителя юридической фирмы, организовавшего контрабанду ле"
irk.kp.ru,2026-09-14 03:10,article,"За неделю в Иркутской области в ДТП погибли восемь человек, включая ребёнка",https://dzen.ru/a/aqdmRN8hLg35guLb,46,0,45,"С 7 по 11 сентября на дорогах Иркутской области зарегистрировано 57 дорожно-транспортных происшествий. В этих авариях травмы получили 66 человек, из них 17 - несовершеннолетние. Погибли семь взрослых "
irk.kp.ru,2026-09-14 02:58,article,«Шансы есть всегда»: в горах Восточных Саян третью неделю ищут пропавшую туристку из Иркутска,https://dzen.ru/a/aqdktkjUgT5jdZet,734,6,228,"В Окинском районе Бурятии не прекращаются масштабные поиски 58-летней жительницы Иркутска, которая пропала 29 августа в районе горы Буту-Гол. Женщина осталась одна — в лёгкой одежде, без еды и воды. Н"
irk.kp.ru,2026-09-14 02:38,article,"«Врачи готовили нас к самому худшему»: как сложилась судьба мальчика с ладошку, родившегося весом 700 граммов",https://dzen.ru/a/aqde8h3cWgqrJRcq,3694,8,351,"Иногда судьба будто проверяет нас на прочность. А потом показывает, на что мы способны, если рядом есть те, кто верит. История Татьяны и Даниила Бредневых — как раз такая. Это рассказ о том, как кроше"
irk.kp.ru,2026-09-14 02:28,article,"Умер Александр Белотелов, известный в Иркутске радиоведущий",https://dzen.ru/a/aqdcnN8hLg35grO7,901,0,47,"Умер Александр Белотелов, известный в Иркутске радиоведущий, корреспондент и диктор ГТРК «Иркутск». Печальную новость сообщили коллеги журналиста. Александр Геннадьевич посвятил радио всю свою жизнь. "
irk.kp.ru,2026-09-14 02:08,article,Закрыты шесть троп на КБЖД: рассказываем о ситуации с медведями в Иркутской области 14 сентября 2026,https://dzen.ru/a/aqdZdE5PhhqP0eTk,434,0,168,"Обстановка с медведями в иркутской области на 14 сентября 2026 года остаётся сложной. Хищников встречают в разных уголках региона, а экстренные службы, полиция и Росгвардия продолжают работать в усиле"
irk.kp.ru,2026-09-14 02:04,article,В Иркутске полиция проверила иностранцев на плодоовощной базе и в кафе,https://dzen.ru/a/aqdXIEjUgT5jdVM5,160,2,36,"В Иркутске прошли рейды по соблюдению миграционного законодательства. - Работники управления по вопросам миграции и уголовного розыска регионального Главка МВД вместе с Росгвардией проверили, как инос"
irk.kp.ru,2026-09-13 12:47,article,"Зурхай на неделю с 14 по 20 сентября 2026: Еши Намжил лама рассказал, кому больше всего повезёт, а кому придётся нелегко",https://dzen.ru/a/aqab6EjUgT5jchx6,41,0,391,"Зурхай — это древняя астрологическая система, пришедшая из Тибета и ставшая частью культурного наследия бурятского народа. Она учит жить в гармонии с природными ритмами: когда начинать дела, а когда л"
irk.kp.ru,2026-09-13 11:12,article,В начале следующей рабочей недели в Иркутске будет тепло,https://dzen.ru/a/aqaGA0jUgT5jcbsk,143,0,52,"Начало новой недели порадует иркутян тёплой и сухой погодой. По данным Иркутского гидрометцентра, в понедельник, 14 сентября, в городе ожидается переменная облачность, без осадков. Ветер юго-восточный"
irk.kp.ru,2026-09-13 09:19,article,В Шерагуле строят путепровод и транспортный обход с опережением графика,https://dzen.ru/a/aqZrboDLTiGUIfH1,48,0,57,"В селе Шерагул Тулунского района кипит стройка, которая изменит жизнь тысяч водителей: здесь возводят путепровод над Транссибом и транспортный обход села. Местные жители годами терпели пробки на желез"
irk.kp.ru,2026-09-13 07:21,article,В Иркутской области запускают дистанционный мониторинг для хронических больных,https://dzen.ru/a/aqZPp3OQWXLZocqC,29,0,57,Следить за здоровьем жителям Иркутской области станет проще. В регионе запускают систему дистанционного наблюдения за глюкозой и давлением — она поможет пациентам с диабетом и гипертонией держать боле
irk.kp.ru,2026-09-13 05:45,article,КП-Иркутск в десятый раз запустила фотоконкурс среди учителей,https://dzen.ru/a/aqY5ER3cWgqrIh-0,13,0,89,"«Комсомольская правда» — Иркутск в десятый раз запускает народный конкурс «Классный учитель в Иркутске», чтобы найти самого вдохновляющего педагога Приангарья. Мы приглашаем всех учителей области заяв"
irk.kp.ru,2026-09-13 04:41,article,«Сбил двух подростков и скрылся»: в Аларском районе разыскивают виновника ДТП,https://dzen.ru/a/aqYqLx3cWgqrIdlQ,15,0,70,Жуткий дорожный инцидент произошёл около девяти часов вечера 12 сентября в Аларском районе. На автодороге «Кутулик — Бахтай — Хадахан» неизвестный водитель сбил двух подростков и скрылся с места проис
irk.kp.ru,2026-09-13 04:11,article,"На берегу реки рыбаки нашли тело мужчины. О том , что произошло в его последние минуты жизни, выяснили спустя 13 лет",https://dzen.ru/a/aqYjIh3cWgqrIbgV,520,0,160,"Лето 2012 года. Берег Ангары, недалеко от деревни Калашниково в Боханском районе. Тишина. И вдруг — страшная находка. Тело неизвестного мужчины со следами насильственной смерти. Кто он? Что с ним случ"
irk.kp.ru,2026-09-13 03:55,article,Пять тысяч студентов прошли парадом у памятника Александру III в Иркутске,https://dzen.ru/a/aqYfPh3cWgqrIaeq,67,0,45,"Площадь у памятника Александру III стала эпицентром молодости и амбиций. Иркутские студенты объединились в рядах Парада российского студенчества — мероприятия, которое в нашем городе проходит уже в де"
irk.kp.ru,2026-09-13 03:33,article,"Спасатели эвакуировали туристов, чья лодка перевернулась в Тункинском районе",https://dzen.ru/a/aqYZ2YDLTiGUITCw,51,0,76,"Два дня напряжённой работы, сотни километров по бездорожью и сложная логистика — спасатели Бурятской республиканской поисково спасательной службы (БРПСС) выполнили непростую задачу: эвакуировали турис"
irk.kp.ru,2026-09-13 03:09,article,Глава СК взял на контроль ситуацию с инвалидностью роженицы в Иркутской области,https://dzen.ru/a/aqYWlXOQWXLZoLPB,1147,1,42,"Громкий резонанс вызвала история о ненадлежащем оказании медицинской помощи роженице в Иркутской области: по данным СМИ, в 2025 году из за действий медиков женщине была присвоена инвалидность. При это"
irk.kp.ru,2026-09-13 02:59,article,Экипаж автобуса № 37 спас пассажирку с приступом эпилепсии в Улан-Удэ,https://dzen.ru/a/aqYSWB3cWgqrIV9x,283,0,49,"Улан-Удэ. Утро, привычный маршрут, сотни мыслей — и вдруг тишина в салоне, которую разрывает чей то взволнованный голос: «Женщине плохо!». В автобусе № 37 (гаражный номер 473) в считанные секунды всё "
irk.kp.ru,2026-09-13 01:56,article,В Иркутске авиакомпанию наказали за овербукинг на рейсе в Сочи,https://dzen.ru/a/aqYDIHOQWXLZoFqo,139,0,58,"Билет куплен, чемодан собран, настроение — в полёт… А в аэропорту неприятный сюрприз: мест в самолёте нет. Именно в такую ситуацию попал пассажир рейса Иркутск — Сочи в сентябре 2025 года. Оказалось, "
irk.kp.ru,2026-09-13 01:53,article,Драматургу из Черемхово Владимиру Гуркину исполнилось бы 75 лет,https://dzen.ru/a/aqYCYh3cWgqrIRrv,1280,5,74,"Сегодня Черемхово отмечает важную дату — выдающемуся драматургу Владимиру Павловичу Гуркину исполнилось бы 75 лет. Имя этого человека навсегда вписано в историю города золотыми буквами, а его творчест"
irk.kp.ru,2026-09-13 01:38,article,"Сибиряк потерял больше миллиона рублей в ДТП с лошадью, но не может найти виновных",https://dzen.ru/a/aqX_ORiP9hd_JQns,224,1,339,"5 ноября прошлого года. Темно, начало девятого. 37-летний Дмитрий возвращался домой — из деревни Куда в деревню Тальку. Дорога асфальтированная, но местная, не федеральная. Дорожные знаки отсутствуют."
irk.kp.ru,2026-09-12 22:00,article,Что произошло в Иркутской области в ночь на 13 сентября: последние новости,https://dzen.ru/a/aqXMLR3cWgqrIBM-,1473,0,60,"В Братском районе утром 12 сентября на 284-м километре трассы А-331 «Вилюй» произошло смертельное ДТП. Грузовик Iveco с полуприцепом, ехавший из Братска в Усть-Кут, столкнулся со встречным Lexus RX350"
irk.kp.ru,2026-09-12 11:57,article,В Ангарске при столкновении с автомобилем погиб мотоциклист,https://dzen.ru/a/aqU-5IDLTiGUHwiz,57,0,33,"В Ангарске сотрудники Госавтоинспекции разбираются в обстоятельствах аварии, в которой погиб водитель мотоцикла. По предварительным данным, все случилось 12 сентября около 17 часов. «51-летний водител"
irk.kp.ru,2026-09-12 11:54,article,Ветер усилится в Иркутской области 13 сентября,https://dzen.ru/a/aqU-JXOQWXLZnHP9,164,0,68,"Жителей Иркутской области предупреждают об опасных погодных явлениях. По данным Иркутского УГМС и МЧС России, 13 и 14 сентября местами по региону ожидается высокая пожароопасность лесов четвертого кла"
irk.kp.ru,2026-09-12 10:48,article,В Забайкалье начали вакцинацию скота из-за вспышки эмкара,https://dzen.ru/a/aqUwuIDLTiGUHuV2,19,1,71,"В Забайкальском крае ветеринары проводят вакцинацию и лечение животных из-за вспышки эмкара - эмфизематозного карбункула, опасного для скота. Как сообщает ZabNews, забирать скот из хозяйств не станут."
irk.kp.ru,2026-09-12 10:20,article,Зажглись костры рябин: смотрите яркие фото осеннего Иркутска,https://dzen.ru/a/aqUnk2FhSwy0xNPw,106,1,49,"В Иркутске наступила самая яркая пора осени: на улицах города массово покраснели гроздья рябины. Мы прошлись по центру, заглянули во дворы и парки, чтобы посмотреть, как город провожает лето и готовит"
irk.kp.ru,2026-09-12 09:41,article,В Братском районе в ДТП с фурой погибли водитель и пассажир кроссовера,https://dzen.ru/a/aqUfPGFhSwy0xKWL,1140,0,50,"В Братском районе полицейские выясняют обстоятельства смертельной аварии с участием легковушки и большегруза. По предварительным данным, все случилось 12 сентября в 6:30 на 284-м километре автодороги "
irk.kp.ru,2026-09-12 08:36,article,В Чите во время пожара в многоэтажке погибла пожилая женщина,https://dzen.ru/a/aqUPoYDLTiGUHosa,2,0,66,"Ночной пожар в Чите унес жизнь пожилой женщины. Сигнал о возгорании в многоквартирном доме поступил спасателям 12 сентября в 03:06. На место выехали расчеты трех пожарно-спасательных частей - №1, 3 и "
irk.kp.ru,2026-09-12 08:07,article,"Гигантский кокошник, танцы под гусли и ведущий в образе Пушкина: в Иркутске сыграли свадьбу по мотивам русских сказок",https://dzen.ru/a/aqUIV3OQWXLZm1HG,702,1,296,"В Иркутске сыграли свадьбу, которую гости запомнят надолго. Александр Жиликов и Наталия Краснова решила отказаться от привычного банкета и устроила торжество в стиле русских сказок - с кокошником, гус"
irk.kp.ru,2026-09-12 07:30,article,В Киренске после проверки прокуратуры снесли опасную спортплощадку,https://dzen.ru/a/aqUAaGFhSwy0w_9B,16,0,39,"В Киренске демонтировали спортивную площадку, которая не отвечала требованиям безопасности. К такому результату привела проверка прокуратуры Киренского района, изучившей, как соблюдается законодательс"
irk.kp.ru,2026-09-12 06:50,article,В Иркутске на форуме общественности обсудили будущее города,https://dzen.ru/a/aqT4wxiP9hd_Il4G,2,1,114,"В Иркутске прошел форум общественности «Из прошлого в будущее: сила - в единстве». В нем приняли участие представители власти, общественных организаций, национально-культурных объединений, бизнеса, на"
irk.kp.ru,2026-09-12 06:24,article,В Нижнеудинске ветеринары удалили собаке опухоль размером с голову,https://dzen.ru/a/aqTwXhiP9hd_Ikk3,19,0,37,"В Нижнеудинске ветеринары провели операцию собаке, у которой обнаружили крупное новообразование. В клинику обратились владельцы восьмилетнего кобеля мелкой породы весом около 15 килограммов. Причиной "
irk.kp.ru,2026-09-12 06:21,article,"Сибирячка показала, во что превратила свою дачу. Вы не поверите: здесь растет кардкаде, чуфа и батат",https://dzen.ru/a/aqTvkmFhSwy0w6ey,2543,0,356,"В Иркутске живет женщина, которая превратила свой участок в настоящую лабораторию под открытым небом. Наталья Садыкова выращивает не только привычные для сибиряков овощи и ягоды, но и редкие экзотичес"
irk.kp.ru,2026-09-12 05:18,article,В Забайкалье сформировали 65 групп для отлова медведей у поселков,https://dzen.ru/a/aqThHhiP9hd_IiC2,342,0,32,"В Забайкальском крае усилили работу по защите населения от медведей, которые подходят близко к населенным пунктам. Для оперативного реагирования на такие случаи сформировали 65 групп, в которые вошли "
irk.kp.ru,2026-09-12 05:08,article,"Что стало с молодой мамой, которая забыла сына после страшной трагедии: «Вместе играют»",https://dzen.ru/a/aqTeknOQWXLZmnaU,14543,18,317,"Май 2024 года стал для 21-летней Ксении Домброван из Иркутской области началом новой жизни - у нее родился сын. Она мечтала научить малыша первым словам и шагам, помогать познавать мир. Но судьба расп"
irk.kp.ru,2026-09-12 04:12,article,Глава СК запросил доклад по делу о ДТП с погибшим ребенком в Ангарске,https://dzen.ru/a/aqTRqmFhSwy0ww1b,2061,3,40,"Председатель Следственного комитета запросил доклад по уголовному делу о ДТП в Иркутской области, в котором погиб ребенок. Следственные органы СК России по Иркутской области завели дело против местной"
irk.kp.ru,2026-09-12 03:28,article,"Парень убегал от гибели, а пуля отца попала ему в ногу: попытка спастись от медведя едва не закончилась трагедией",https://dzen.ru/a/aqTILIDLTiGUHc_-,7190,5,147,"В Бурятии произошел случай, который едва не закончился трагедией. Парень загонял скот из леса на пастбище возле села Инзагатуй, когда на него внезапно выскочил медведь. Хищник бросился на него, и тот "
irk.kp.ru,2026-09-12 03:06,article,Женщина потеряла больше миллиона рублей после онлайн-знакомства в Иркутске,https://dzen.ru/a/aqTCgYDLTiGUHcGp,212,2,56,"Жительница Иркутска стала жертвой мошенника, с которым познакомилась в интернете. 41-летняя женщина обратилась в дежурную часть Межмуниципального управления МВД России «Иркутское» и заявила, что у нее"
irk.kp.ru,2026-09-12 02:35,article,Хищник гулял по детскому саду: ситуация с медведями в Иркутской области 12 сентября 2026,https://dzen.ru/a/aqS8InOQWXLZmcTP,686,2,242,Ситуация с медведями в Иркутской области 12 сентября 2026 продолжает оставаться напряженной. Жители замечают хищников в разных частях региона. В Ангарском округе введен режим повышенной готовности из-
irk.kp.ru,2026-09-12 02:08,article,В Оекском округе начались выплаты за павший от узелкового дерматита скот,https://dzen.ru/a/aqS0_WFhSwy0wnwm,10,0,89,"В Оекском административном округе начался прием заявлений на дополнительную материальную помощь для владельцев личных подсобных хозяйств, чей скот пострадал от заразного узелкового дерматита. Каждая с"
irk.kp.ru,2026-09-11 22:00,article,Что произошло в Иркутске в ночь на 12 сентября 2026: последние новости,https://dzen.ru/a/aqR6xHOQWXLZmHGx,37,0,42,"Жителя Братска осудили за продажу пороха и хранение патронов Мужчина был охотником, но лицензии его лишили, а ружье изъяли за административное нарушение. Несмотря на это, дома он хранил 29 патронов к "
irk.kp.ru,2026-09-11 14:37,article,Двух волков отстрелили возле села Шимбилик в Забайкалье,https://dzen.ru/a/aqQStYDLTiGUG9g4,5,0,48,"В Красночикойском округе 10 сентября добыли двух волков - самца и самку. Как сообщает ZabNews со ссылкой на краевое Минприроды, мобильная группа работала в районе села Шимбилик. Регулирование численно"
irk.kp.ru,2026-09-11 14:18,article,В Иркутском округе привили от дерматита больше 7 тысяч голов скота,https://dzen.ru/a/aqQOwWFhSwy0vtGb,204,1,53,"В Оекском административном округе начали принимать заявления на дополнительную материальную помощь. Ее получат владельцы личных подсобных хозяйств, чей скот пострадал от заразного узелкового дерматита"
irk.kp.ru,2026-09-11 13:49,article,Врач предупредил о смертельной опасности грибов,https://dzen.ru/a/aqQHv4DLTiGUG7NC,49,0,49,"Опасность грибов не всегда в том, что они ядовиты. Врач Иван Еременко объяснил, что неправильное хранение превращает даже хороший продукт в источник токсинов плесени. Эти вещества накапливаются в орга"
irk.kp.ru,2026-09-11 13:41,article,"Работники авиазавода спасли «собаку-заводчанку», которая каждый день встречала их у проходной. Теперь Авроре нужен дом",https://dzen.ru/a/aqQFwBiP9hd_H7Iy,226,2,150,В июне этого года у проходной авиазавода в Улан-Удэ появился необычный «дежурный». Небольшая собака каждое утро встречала сотрудников у проходной и внимательно рассматривала каждого в ожидании угощени
irk.kp.ru,2026-09-11 13:28,article,"Сама вышла на мошенников: женщина потеряла 3,4 миллиона, отправив пару сообщений незнакомцу",https://dzen.ru/a/aqQCl2FhSwy0voQ0,300,0,49,"48-летняя женщина стала жертвой мошенников при покупке машины. Как сообщает телеканал «Саратов 24» со ссылкой на МВД региона, 21 августа она нашла в соцсети объявление о продаже автомобилей из Европы,"
irk.kp.ru,2026-09-11 12:58,article,"Врач объяснил, как понять, что организму не хватает витаминов",https://dzen.ru/a/aqP7_HOQWXLZlYVJ,10,0,62,"Постоянная усталость, плохое настроение и тусклые волосы часто списывают на стресс и недосып. А на самом деле так может сигналить нехватка витаминов. Врач Александр Умнов в разговоре с NEWS.ru перечис"
irk.kp.ru,2026-09-11 12:32,article,"Обычный насморк оказался симптомом редкого синдрома у школьницы: «В черепе у Сони росла опухоль, словно монтажная пена»",https://dzen.ru/a/aqP1XHOQWXLZlWG0,1318,2,195,"11 сентября Соня Хростовская из Иркутской области встречает свои девять лет в московском реабилитационном центре. Без торта, без шумной вечеринки — зато с надеждой на полное выздоровление. А ведь ещё "
irk.kp.ru,2026-09-11 11:27,article,"«И вы, и ваша жена в большой опасности»: после этих слов сибиряк лишился 10 млн рублей",https://dzen.ru/a/aqPmSXOQWXLZlQol,66,0,50,"66-летний житель города Алзамай стал жертвой телефонных мошенников. Как сообщили КП-Иркутск в МВД региона, ему позвонил неизвестный, представился силовиком и заявил, что аферисты пытаются похитить сбе"
irk.kp.ru,2026-09-11 11:00,article,Узелковый дерматит нашли еще в девяти хозяйствах Иркутской области,https://dzen.ru/a/aqPfoXOQWXLZlOPC,334,2,64,"Вспышка узелкового дерматита в Приангарье не думает отступать. Ветеринары выявили еще девять очагов в личных подсобных хозяйствах, по постановлению губернатора от 10 сентября 2026 там ввели карантин. "
irk.kp.ru,2026-09-11 10:31,article,Водитель и двое медиков пострадали в ДТП с участием скорой в Тайшете 11 сентября,https://dzen.ru/a/aqPZLBiP9hd_HzOB,1486,0,54,"ДТП с участием скорой в Тайшете 11 сентября 2026 произошло утром на пересечении улиц Ленина и Пушкина. Как сообщили КП-Иркутск в региональной Госавтоинспекции, столкнулись Toyota Highlander и машина с"
irk.kp.ru,2026-09-11 09:55,article,В Иркутской области открыли горячую линию из-за вспышки узелкового дерматита,https://dzen.ru/a/aqPQXRiP9hd_Hxoc,35,1,44,В Иркутской области заработала горячая линия по вопросам заразного узелкового дерматита крупного рогатого скота. Об этом КП-Иркутск сообщили в региональном Управлении Россельхознадзора. - По телефону 
irk.kp.ru,2026-09-11 09:44,article,«Ты привыкла перед мужиками раздеваться? Давай»: подруги из ревности остригли и пустили голой по улице 17-летнюю школьницу,https://dzen.ru/a/aqPN9nOQWXLZlIAr,531,0,175,"В маленьком сибирском городке эта история гремела очень долго и громко*. Две взрослые женщины, решив, что им нанесли смертельное оскорбление, устроили публичный самосуд над 17 летней девушкой. Остригл"
irk.kp.ru,2026-09-11 09:22,article,Жителя Братска осудили за продажу пороха и хранение патронов,https://dzen.ru/a/aqPI93OQWXLZlGYs,53,0,50,Падунский районный суд Братска вынес приговор 46-летнему местному жителю. Его признали виновным в незаконном хранении боеприпасов и сбыте взрывчатых веществ. Об этом КП-Иркутск сообщили в МВД и прокур
irk.kp.ru,2026-09-11 09:00,article,Муж поссорился с женой из-за яичницы и убил её одним ударом в ягодицу,https://dzen.ru/a/aqPEIhiP9hd_Hvfu,158,0,80,"Ночной перекус, который должен был закончиться привычным «пережарил — ну и ладно», обернулся трагедией, потрясшей даже видавших виды следователей. 28 марта* в квартире на улице Хрустальной в Улан Удэ "
irk.kp.ru,2026-09-11 08:57,article,"Сибирячка несла мошенникам 3 миллиона, но до банкомата они не доехали: деньги вытащил вор в автобусе",https://dzen.ru/a/aqPDURiP9hd_HvWL,4555,7,130,"Представьте: четыре дня вы «спасаете» миллионы от «спецслужб», несете наличные курьерам, а потом садитесь в автобус, чтобы перевести последние три миллиона на «безопасный счет». И тут пакет с деньгами"
irk.kp.ru,2026-09-11 08:32,article,Спикер областного парламента посетил Свирскую городскую больницу,https://dzen.ru/a/aqO9sWFhSwy0vQXJ,24,0,75,Председатель Законодательного Собрания Иркутской области Александр Ведерников во время рабочего визита в Свирск побывал в местной городской больнице. Там он познакомился с процессом диспансеризации и 
irk.kp.ru,2026-09-11 08:10,article,Жителя Шелехова осудят за статус «смотрящего» и экстремизм,https://dzen.ru/a/aqO37u6e4WkGCrwx,100,1,48,В Иркутский областной суд ушло уголовное дело против 40-летнего жителя Шелехова. Его обвиняют в занятии высшего положения в преступной иерархии и организации деятельности экстремистской организации. О
irk.kp.ru,2026-09-11 07:48,article,"Грипп может прийти раньше: врач рассказал, ждать ли возвращения ковида и чем будут болеть сибиряки осенью 2026",https://dzen.ru/a/aqOzEO6e4WkGCq0J,639,0,242,"Лето закончилось, дети вернулись за парты, взрослые вышли из отпусков, города снова наполнились людьми. Вместе с привычным осенним ритмом пришла и знакомая напасть: в Иркутской области уже подтвердили"
irk.kp.ru,2026-09-11 07:47,article,В Нижнеудинске приставы спасли мужчину с эпилептическим приступом,https://dzen.ru/a/aqOyTKKBtmtjPfp-,12,0,38,"В Нижнеудинске двое судебных приставов пришли на помощь мужчине, у которого случился приступ эпилепсии. Инцидент произошёл в здании судебных участков мировых судей. - Во время судебного процесса мужчи"
irk.kp.ru,2026-09-11 07:15,article,В Ангарске у пьяного водителя конфисковали «УАЗ Патриот»,https://dzen.ru/a/aqOrIaKBtmtjPdUG,20,0,45,"Ангарский суд вынес приговор 41-летнему местному жителю, которого задержали за повторную езду в нетрезвом виде. - В декабре 2025 года сотрудники патрульно-постовой службы заметили мужчину, который выш"
irk.kp.ru,2026-09-11 06:21,article,В Иркутске днём 11 сентября внезапно хлынул ливень,https://dzen.ru/a/aqOhfcSWjwEs1OEA,209,0,46,Жители Иркутска днём 11 сентября столкнулись с внезапным ливнем. КП-Иркутск собрала видео ливня в Иркутске 11 сентября 2026. Ещё за пять минут до него погода ничего не предвещала - небо оставалось ясн
irk.kp.ru,2026-09-11 04:57,article,В Ангарске пожарные спасли семь человек из горящего дома,https://dzen.ru/a/aqOKmO6e4WkGCkR8,19,0,37,Ночью 11 сентября в Ангарске загорелась квартира на четвёртом этаже многоквартирного дома. На место выехали 19 пожарных на пяти единицах техники. - Восемь жильцов смогли покинуть здание самостоятельно
irk.kp.ru,2026-09-11 04:24,article,В Иркутской области от укусов клещей пострадали 104 человека за неделю,https://dzen.ru/a/aqODQe6e4WkGCjGu,35,0,46,В Иркутской области клещи продолжают сохранять активность. За прошедшую неделю в медучреждения по поводу укусов обратились 104 жителя региона. Всего с начала эпидсезона зарегистрировано 21 324 обращен
irk.kp.ru,2026-09-11 04:09,article,"Дети шли по «зебре», а через мгновение 5-летний мальчик погиб на глазах сестры и брата: «От травм скончался на месте»",https://dzen.ru/a/aqOADKKBtmtjPOk0,364,0,65,"Следственным отделом по городу Ангарску СУ СК России по Иркутской области завели уголовное дело в отношении 63-летней женщины. Она подозревается в совершении преступления, предусмотренного частью 4 ст"
irk.kp.ru,2026-09-11 03:40,article,Жительница Эхирит-Булагатского района выплатила 6 млн после ареста счёта,https://dzen.ru/a/aqN4xqKBtmtjPL2e,18,0,42,"Жительница Эхирит-Булагатского района погасила долг свыше 6 миллионов рублей только после того, как судебные приставы арестовали деньги на её банковском счёте. - Ранее суд обязал женщину выплатить стр"
irk.kp.ru,2026-09-11 03:35,article,Монголка из Иркутской области и её муж нигериец показали своих детей,https://dzen.ru/a/aqN35-6e4WkGCg9f,55,1,63,"Блогер из Иркутской области Энхсоно Нарантуяа, или сокращённо Соня, и её муж Эммануэль Ндукве показали фото своих детей — и соцсети взорвались от восхищения. 6 летняя Наралина и 2 летний Габриэль унас"
irk.kp.ru,2026-09-11 03:22,article,«Это мой первый гигант»: тыква 12-летнего Ерёмы Павленко стала самой большой на фестивале - 817 кг!,https://dzen.ru/a/aqN1de6e4WkGCgfU,342,2,110,Ещё несколько месяцев назад об этом школьнике знали только в узких кругах гигантоводов. А теперь его имя - в топе главных аграрных новостей страны. Тыква Ерёмы весом 817 килограммов стала самой большо
irk.kp.ru,2026-09-11 02:56,article,В Братском районе бойцу СВО выплатили задержанную зарплату после проверки,https://dzen.ru/a/aqNu38WGh2NiF6JG,983,1,36,"Прокуратура Братского района проверила соблюдение трудового законодательства и восстановила права участника специальной военной операции. - Выяснилось, что в январе 2026 года в организация задержала з"
irk.kp.ru,2026-09-11 02:24,article,«Сохраняйте абсолютное спокойствие»: в Ангарске ввели режим повышенной готовности из-за медведей,https://dzen.ru/a/aqNnFqKBtmtjPGLX,483,1,68,В связи с участившимися случаями выхода медведей в пределы городской черты 10 сентября с 19:00 на территории Ангарского округа введён режим повышенной готовности. Такое решение приняли по итогам засед
irk.kp.ru,2026-09-11 02:21,article,В зоне СВО погиб 20-летний боец из Эхирит-Булагатского района Александр Чимитов,https://dzen.ru/a/aqNmQsWGh2NiF353,30,0,55,"В зоне специальной военной операции погиб житель Усть-Ордынского Александр Викторович Чимитов. Он родился 16 июня 2006 года, учился в начальной школе, затем в средней школе № 2. После девятого класса "
irk.kp.ru,2026-09-11 01:57,article,"В Тулуне трое подростков устроили пожар в подъезде, пострадал мужчина",https://dzen.ru/a/aqNgfsSWjwEs1DhO,16,0,48,"Вечером в посёлке Стекольный под Тулуном произошёл пожар в пятиэтажном доме. Трое подростков 11–13 лет поджигали бумагу и бросали её на диван, стоявший в подъезде на последнем этаже. - Когда огонь быс"
irk.kp.ru,2026-09-11 01:57,article,Фейки о медведях мешают охотникам: ситуация с медведями в Иркутской области 11 сентября 2026,https://dzen.ru/a/aqNgf8WGh2NiF2Se,126,0,246,"Ситуация с медведями в Иркутской области 11 сентября 2026 продолжает оставаться напряжённой. В регионе создана 81 оперативная группа, в которых задействованы 209 специалистов и 142 единицы техники. То"
irk.kp.ru,2026-09-11 01:36,article,В Иркутске женщина оштрафована на 50 тысяч за нападение на полицейского,https://dzen.ru/a/aqNbz8WGh2NiF1Gt,155,0,34,Ленинский районный суд Иркутска вынес приговор 67-летней местной жительнице. Её признали виновной в применении насилия в отношении представителя власти. В сентябре 2025 года женщину доставили в отдел 
irk.kp.ru,2026-09-11 00:53,article,Жителя Ангарска осудили за передачу доступа к счёту мошенникам,https://dzen.ru/a/aqNRhcWGh2NiFyDj,37,0,40,Мировой судья Ангарска и Ангарского района вынес приговор 20-летнему местному жителю. Его признали виновным в неправомерном обороте средств платежей. - В декабре 2025 года молодой человек за вознаграж
irk.kp.ru,2026-09-11 00:22,article,В Боханском районе пенсионерку будут судить за отравление бездомной собаки,https://dzen.ru/a/aqNKM6KBtmtjO9da,27,0,39,"В Боханском районе расследовали уголовное дело против 82-летней местной жительницы, которую обвиняют в жестоком обращении с животным. Как сообщили КП-Иркутск в МВД региона, бездомная собака проникла н"
irk.kp.ru,2026-09-10 23:40,article,В Иркутске на Байкальской столкнулись «Газель» и легковушка,https://dzen.ru/a/aqNAi6KBtmtjO6sD,9,0,27,"В Иркутске прокуратура взяла на контроль проверку по факту ДТП на улице Байкальской. - Авария произошла 10 сентября - столкнулись микроавтобус «Газель» и автомобиль Daihatsu Move, - рассказали в проку"
irk.kp.ru,2026-09-10 23:07,article,"В Иркутске 11 сентября ожидается дождь и до +19, возможна гроза",https://dzen.ru/a/aqM4du6e4WkGCXz3,29,0,35,"В пятницу, 11 сентября, в Иркутске ожидается переменная облачность и кратковременный дождь, в пригородной зоне возможна гроза. Ветер северо-западный, 5–10 м/с, утром и днём с порывами до 14 м/с, в при"
irk.kp.ru,2026-09-10 22:00,article,Что произошло в Иркутске в ночь на 11 сентября 2026: последние новости,https://dzen.ru/a/aqMpOMSWjwEs07iC,19,0,44,"В Иркутске открыли мемориальную доску кавалеру ордена Мужества На фасаде иркутской школы № 30 появилась мемориальная доска в честь выпускника Александра Голышева, кавалера ордена Мужества. Он погиб в "
irk.kp.ru,2026-09-10 14:50,article,В Братске из-за грозы и сильного ветра отключили свет,https://dzen.ru/a/aqLEXsWGh2NiFEXI,422,0,52,Непогода неожиданно ворвалась в Иркутскую область. КП-Иркутск рассказывает о последствиях грозы в Братске 10 сентября 2026. Проблемы с электричеством начались из-за мощной грозы с порывистым ветром и 
irk.kp.ru,2026-09-10 14:37,article,"Психолог объяснила, почему ребенок не хочет идти в школу и как ему помочь",https://dzen.ru/a/aqLBJ-6e4WkGCEMZ,19,0,59,"Фраза «не хочу в школу» - это не каприз, а сигнал. Если ребенок повторяет ее раз за разом, ругать и заставлять бесполезно. Семейный психолог Оксана Гайнулина рассказала NEWS.ru, как найти настоящую пр"
irk.kp.ru,2026-09-10 14:21,article,Женщина жестоко расправилась с собакой из-за испорченной грядки,https://dzen.ru/a/aqK9w8SWjwEs0psH,52,0,38,"В Боханском районе завершили расследование уголовного дела против 82-летней местной жительницы. Пенсионерка отравила бездомную собаку, которая забралась на ее участок. Об этом сообщает ИА «Виаком» со "
irk.kp.ru,2026-09-10 13:54,article,"Мужчина получит назад 890 тысяч, украденных мошенниками",https://dzen.ru/a/aqK3FMWGh2NiE-1K,21,0,38,"71-летний житель Кузнецка стал жертвой мошенников в феврале 2026 года. Его убедили перевести сбережения на «безопасный счет», и пенсионер отдал неизвестным 890 тысяч рублей. Об этом сообщает сетевое и"
irk.kp.ru,2026-09-10 13:29,article,Первые выплаты за изъятый из-за болезни скот поступили жителям Иркутского округа,https://dzen.ru/a/aqKx6KKBtmtjOJg0,57,0,58,"Жители Иркутского округа 10 сентября 2026 начали получать компенсации за сельхозживотных, изъятых из-за вспышки узелкового дерматита. Первые деньги уже пришли на счета. Об этом сообщил губернатор Игор"
irk.kp.ru,2026-09-10 13:15,article,«Мы друг друга поддерживаем»: в Иркутске прошёл Форум общественности «Из прошлого в будущее: сила - в единстве»,https://dzen.ru/a/aqKtosWGh2NiE6oZ,0,0,387,"10 сентября в Библиотеке имени Молчанова-Сибирского прошёл Форум общественности города Иркутска «Из прошлого в будущее: сила - в единстве». Мэр, депутаты, общественники, предприниматели, учёные собрал"
irk.kp.ru,2026-09-10 12:19,article,«Отмечаем Рождество и Сагаалган»: монголка вышла замуж за «африканского принца» и родила ему детей необычной красоты,https://dzen.ru/a/aqKgvcWGh2NiE0wf,237,0,271,"— Обращайтесь ко мне сокращённо — Соня, даже муж меня так называет, — просит корреспондента КП-Иркутск Энхсоно Нарантуяа. С супругом Эммануэлем она чаще всего разговаривает на английском языке, иногда"
irk.kp.ru,2026-09-10 12:17,article,В Иркутске открыли мемориальную доску кавалеру ордена Мужества,https://dzen.ru/a/aqKgvcSWjwEs0jSt,39,0,59,"На фасаде иркутской школы № 30 появилась мемориальная доска в честь выпускника Александра Голышева, кавалера ордена Мужества. Он погиб в 2023 году под Кременной в Луганской Народной Республике. Алекса"
irk.kp.ru,2026-09-10 11:28,article,Председатель Заксобрания оценил реализацию инициативных проектов в Свирске,https://dzen.ru/a/aqKVtO6e4WkGB6im,15,0,53,"Спикер областного парламента Александр Ведерников посетил город Свирск. Вместе с мэром, Владимиром Орноевым, он побывал на объектах, где реализуются инициативные проекты местных жителей. Например, скв"
irk.kp.ru,2026-09-10 11:02,article,"Фильм о семье из Иркутска, потерявшей квартиру из-за мошенников, вышел в прокат",https://dzen.ru/a/aqKOy8SWjwEs0fSv,2171,2,43,"10 сентября 2026 в прокат вышел фильм «#CЪЕХАВШИЕ» (18+). Это семейная комедия, основанная на реальной истории Ольги и Вячеслава Деменковых из Иркутска. Напомним, супруги пять лет копили на квартиру, "
irk.kp.ru,2026-09-10 10:49,article,В Заксобрании Иркутской области обсудили поддержку местной прессы,https://dzen.ru/a/aqKMNaKBtmtjN4nJ,2,0,69,"На заседании парламентской комиссии по регламенту, депутатской этике, информационной политике и связям с общественными объединениями Заксобрания обсуждался вопрос поддержки районных и городских средст"
irk.kp.ru,2026-09-10 10:44,article,"Думала, это обычная «болячка», оказалось - опухоль: врачи застыли в ужасе, взглянув на лицо сибирячки",https://dzen.ru/a/aqKKosSWjwEs0edU,395,0,62,"Сибирячка долгие годы отмахивалась от врачей. Однажды зашла домой с тяжелыми сумками, села пить чай и задумалась: может, все-таки пора дойти до поликлиники? На улице ей как раз попалось объявление: лю"
irk.kp.ru,2026-09-10 10:17,article,«Съешь за 15 секунд и получишь приз!»: новая мошенническая схема появилась в Иркутске,https://dzen.ru/a/aqKGmBwIljOW5Hjc,1217,0,54,В Иркутске появилась новая схема обмана. В общественных местах к людям подходят аниматоры с упаковкой популярных пирожных и предлагают денежный приз. Условие простое: съесть одно пирожное целиком за 1
irk.kp.ru,2026-09-10 10:02,article,"Рассказываем, где отключат горячую воду в Иркутске в сентябре 2026",https://dzen.ru/a/aqKA4u6e4WkGB19K,56,0,82,"Отключение горячей воды в Иркутске в сентябре 2026 года затронет несколько районов. Причина - ремонт и аварии на наружных сетях. Публикуем адреса, где воды не будет дольше суток. В Правобережном и Окт"
irk.kp.ru,2026-09-10 09:35,article,"Охотоведы ищут медведя, вышедшего к домам в Киренске",https://dzen.ru/a/aqJ6m6KBtmtjNwcn,98,0,56,"В Иркутской области медведи продолжают выходить к людям. В Киренске в соцсетях разошлось видео: огромный зверь стоит на задних лапах, оглядывается и резко убегает в сторону жилых домов. Как сообщили К"
irk.kp.ru,2026-09-10 09:05,article,Вакцинация скота и выплаты пострадавшим: как обстоит ситуация с узелковым дерматитом в Иркутской области 10 сентября 2026,https://dzen.ru/a/aqJzbxwIljOW4-bN,3,0,164,Ситуация с узелковым дерматитом в Иркутской области 10 сентября 2026 перешла в новую фазу: в населенных пунктах Иркутского муниципального округа началась вакцинация скота. Губернатор Игорь Кобзев пров
irk.kp.ru,2026-09-10 08:13,article,В Иркутске трамваи № 1 и 2 не едут к Центральному рынку из-за обрыва сети,https://dzen.ru/a/aqJniMSWjwEs0WFa,13,0,35,В Иркутске днем 10 сентября 2026 года приостановили движение трамваев маршрутов № 1 и 2 в сторону Центрального рынка. Причина - повреждение контактной сети. Ее задел большегруз в районе Железнодорожно
irk.kp.ru,2026-09-10 07:50,article,"В Иркутске на Байкальской столкнулись иномарка и маршрутка, есть пострадавшие",https://dzen.ru/a/aqJhw6KBtmtjNkd9,94,0,45,"Авария с участием маршрутки в Иркутске 10 сентября 2026 произошла на улице Байкальской около 11:45. Как сообщили КП-Иркутск в городской Госавтоинспекции, 26-летний водитель Daihatsu Move ехал со сторо"
irk.kp.ru,2026-09-10 07:34,article,Врач из Бурятии развенчала мифы об алкоголе и грудном вскармливании,https://dzen.ru/a/aqJes6KBtmtjNi6p,13,0,119,"В рамках Недели сокращения потребления алкоголя главный внештатный специалист по акушерскому делу Минздрава Бурятии Светлана Иванова рассказала о самых распространённых заблуждениях, с которыми сталки"
irk.kp.ru,2026-09-10 07:25,article,В Усольском районе пройдут всероссийские велогонки памяти Вячеслава Киселева,https://dzen.ru/a/aqJcOaKBtmtjNh2s,30,0,60,С 25 по 27 сентября 2026 в Усолье-Сибирском и Усольском районе пройдут всероссийские и открытые областные соревнования по велоспорту на шоссе. Турнир посвящен памяти мастера спорта СССР Вячеслава Кисе
irk.kp.ru,2026-09-10 07:17,article,"«Вокруг следы медведей. Очень много»: новые подробности о поисках туристки, пропавшей в горах Бурятии без еды и теплой одежды",https://dzen.ru/a/aqJase6e4WkGBtFD,1042,7,286,"В горах Восточных Саян уже вторую неделю ищут 58-летнюю жительницу Иркутска. Женщина пропала 29 августа в районе горы Буту-Гол. Несмотря на заморозки, снег и болота, спасатели и добровольцы продолжают"
irk.kp.ru,2026-09-10 07:02,article,Ливень неожиданно начался в Иркутске днем 10 сентября,https://dzen.ru/a/aqJWmqKBtmtjNfbD,3797,2,60,"Говорят, у природы нет плохой погоды, но ливень в Иркутске 10 сентября 2026 года сильно подпортил настроение сибиряков. Накануне Гидрометцентр обещал, что в городе будет тепло, солнечно, а главное – б"
irk.kp.ru,2026-09-10 06:44,article,Известный магазин закрылся в центре Ангарска,https://dzen.ru/a/aqJSn-6e4WkGBrb1,2049,4,44,В самом сердце Ангарска опустела ещё одна знаковая точка: в центре города закрылся магазин «У миленькой». На окнах появилось объявление о сдаче помещения в аренду. Жители города нефтехимиков называют 
irk.kp.ru,2026-09-10 05:59,article,Жителей Иркутска приглашают на гала-концерт «Городская площадь талантов»,https://dzen.ru/a/aqJIT-6e4WkGBpTX,34,0,54,В Иркутске готовят настоящий фейерверк творчества — 12 сентября бульвар Постышева станет главной сценой города. С 13:00 до 16:00 здесь развернётся гала-концерт «Городская площадь талантов»: вместо при
irk.kp.ru,2026-09-10 05:37,article,Масштабная вакцинация домашнего скота началась под Иркутском,https://dzen.ru/a/aqJClhwIljOW4n_t,171,0,56,В Иркутском муниципальном округе стартовала масштабная вакцинация сельхозживотных. Об этом сообщают в пресс-службе правительства Приангарья. Ветеринары работают по особой схеме — по кольцевому принцип
irk.kp.ru,2026-09-10 05:08,article,В Ангарском округе отопительный сезон стартует 14 сентября,https://dzen.ru/a/aqI8ZRwIljOW4lO3,73,0,53,"Ангарск готовится к холодам: подача тепла в систему теплоснабжения города начнётся уже 14 сентября. Об этом сообщили в профильном комитете администрации — по вопросам ЖКХ, строительства, транспорта и "
irk.kp.ru,2026-09-10 05:00,article,Недвижимость запрещённой религиозной организации изъяли в Иркутске,https://dzen.ru/a/aqI6FBwIljOW4kFz,774,2,88,"Накануне ликвидации одна из местных религиозных организаций, запрещённых в России как экстремистская, попыталась спасти своё имущество — и вывести его за пределы страны, а точнее передать во владение "
irk.kp.ru,2026-09-10 04:49,article,«В один момент перестал выходить на связь»: 81-летний мужчина пропал в лесу во время сбора грибов,https://dzen.ru/a/aqI3SxwIljOW4i-P,105,0,55,"Под Иркутском завершилась напряжённая поисковая операция: спасатели отыскали мужчину, который заблудился в лесу во время сбора грибов. Героем этой истории стал 81 летний житель, который 7 сентября отп"
irk.kp.ru,2026-09-10 04:30,article,"Мошенники обманывали жертв, представляясь губернатором Иркутской области",https://dzen.ru/a/aqIzjxwIljOW4hQV,152,0,64,"Кажется, мошенники решили прокачать свои сценарии до уровня блокбастера: теперь не просто звонят, а устраивают целые видеоспектакли. И нашлись те, кто поверил в этот театр одного актёра — да ещё и с б"
irk.kp.ru,2026-09-10 04:22,article,Сбор грибов и ягод запретили в нацпарке Бурятии из-за медведей,https://dzen.ru/a/aqIxGRwIljOW4gPP,93,0,58,"Внимание, туристы: в Забайкальском национальном парке из за медведей введены жёсткие ограничения. С 9 сентября 2026 года под запретом сразу несколько привычных для посетителей активностей. Нельзя оста"
irk.kp.ru,2026-09-10 04:11,article,В Иркутске обсудили меры борьбы с эпизоотией и поддержку пострадавших фермеров,https://dzen.ru/a/aqIuhaKBtmtjNN5l,505,2,76,"В Иркутске состоялось масштабное оперативное совещание по эпизоотической обстановке в регионе, сообщают в пресс-службе правительства Приангарья. Мероприятие возглавил заместитель Министра сельского хо"
irk.kp.ru,2026-09-10 04:03,article,Труп неизвестного мужчины в футболке с надписью «Кипелов» нашли в Улан-Удэ,https://dzen.ru/a/aqItFKKBtmtjNNRu,163,0,41,Жуткая находка в столице Бурятии: 9 сентября у дома № 72 на улице Ключевская в Октябрьском районе Улан Удэ обнаружен труп мужчины. Личность погибшего до сих пор неизвестна. Сотрудники уголовного розыс
irk.kp.ru,2026-09-10 03:52,article,"«А ну пошёл!»: медведь ломился в дверь дома в Иркутской области и испугался, услышав русский мат",https://dzen.ru/a/aqIqg-6e4WkGBjFX,8366,6,86,"А у вас в Сибири медведи по улицам, наверное, ходят? Да, ходят! Ситуация с хищниками в Иркутской области остаётся напряжённой, но остаётся и место для юмора. Так, в Усть-Илимске разыгралась сцена, кот"
irk.kp.ru,2026-09-10 03:19,article,"Жительница Бодайбо оплатила 1,7 млн долга, чтобы сохранить квартиру",https://dzen.ru/a/aqIij8SWjwEs0Gwm,9,0,33,"В Бодайбо 38-летняя предпринимательница выплатила крупный кредитный долг только после того, как судебные приставы арестовали её квартиру. Женщина долгое время не принимала мер к погашению задолженност"
irk.kp.ru,2026-09-10 02:58,article,"«Закрыл курткой лицо и прошёл сквозь огонь»: возвращаясь с работы, полицейский спас женщину и её собаку от страшной смерти",https://dzen.ru/a/aqIds6KBtmtjNG2o,64,0,150,В МВД по Республике Бурятия поступило обращение от местной жительницы со словами искренней благодарности в адрес сотрудника УМВД России по городу Улан-Удэ Александра Маланханова. Страж порядка спас её
irk.kp.ru,2026-09-10 02:26,article,В Тайшете полицейские задержали подозреваемого в краже телевизора у пенсионерки,https://dzen.ru/a/aqIV36KBtmtjND1b,47,0,36,"В Тайшете полицейские по горячим следам раскрыли кражу из комнаты в общежитии. В дежурную часть обратилась 85-летняя местная жительница — у неё пропал телевизор, пишет Тайшет 24. - В ходе оперативно-р"
irk.kp.ru,2026-09-10 01:57,article,"Хищник ломился в дом, но его прогнали криком: рассказываем, как обстоит ситуация с медведями в Иркутской области на 10 сентября 2026",https://dzen.ru/a/aqIPPRwIljOW4Slg,872,1,224,"Ситуация с медведями в Иркутской области 10 сентября 2026 продолжает оставаться напряжённой. В регионе создана 81 оперативная группа, в которых задействованы 209 специалистов и 142 единицы техники. То"
irk.kp.ru,2026-09-10 01:55,article,Жительница Бодайбо оплатила долг после запрета на сделки с недвижимостью,https://dzen.ru/a/aqIObO6e4WkGBdxo,5,0,38,"В Бодайбо 36-летняя местная жительница выплатила крупный налоговый долг только после того, как судебные приставы ограничили её права на недвижимость. Женщина знала о задолженности, но не спешила её оп"
irk.kp.ru,2026-09-10 01:20,article,"В Киренске ветеринары спасли котёнка, который отравился мухомором",https://dzen.ru/a/aqIGhaKBtmtjM9kW,37,0,43,"В Киренскую ветклинику поступил котёнок с серьёзным отравлением. Как выяснилось, хозяин вернулся из леса с грибами и принёс мухомор, чтобы показать детям. - Любопытный питомец принял яркий гриб за игр"
irk.kp.ru,2026-09-10 00:37,article,В Братске 207 домов перевели на газовое отопление,https://dzen.ru/a/aqH8sKKBtmtjM516,78,0,39,"В Братске продолжается масштабный перевод частных домов с угольного и дровяного отопления на газовое. По данным администрации города, полностью переоборудованы уже 207 домов. Ещё в 177 смонтированы си"
irk.kp.ru,2026-09-10 00:07,article,На улице Киренской в Иркутске введут одностороннее движение,https://dzen.ru/a/aqH1vqKBtmtjM26q,290,0,27,Администрация Иркутска сообщила об изменении схемы движения на улице Киренской. С 29 сентября проезд по этому участку станет односторонним - в направлении от улицы Шевцова к улице Николаева. Решение п
irk.kp.ru,2026-09-09 23:36,article,"Психолог ответил, как распознать влияние плохой компании на ребенка",https://dzen.ru/a/aqHv9KKBtmtjM0oT,218,0,48,"Семейный психолог Илья Волков в беседе с news.ru рассказал, как понять, что ребёнок попал под влияние нездорового окружения. По его словам, дети часто сами не осознают, что с ними происходит, поэтому "
irk.kp.ru,2026-09-09 23:07,article,В Иркутске 10 сентября ожидается до +25 и без осадков,https://dzen.ru/a/aqHneO6e4WkGBWT1,24,0,30,"В четверг, 10 сентября, в Иркутске ожидается переменная облачность, существенных осадков не прогнозируется. Ветер северо-западный, ночью 3–8 м/с, днём 6–11 м/с. Температура воздуха ночью +8…+10, днём "
irk.kp.ru,2026-09-09 22:00,article,Что произошло в Иркутской области в ночь на 10 сентября: главные новости,https://dzen.ru/a/aqHXb6KBtmtjMqcz,185,0,143,"В Шелехове 15-летнего подростка осудили за двойное убийство Шелеховский городской суд вынес приговор 15-летнему подростку, признанному виновным в убийстве двух человек. Он проведёт восемь лет в воспит"
irk.kp.ru,2026-09-09 14:33,article,В Усть-Илимске медведь ломился в двери частного дома,https://dzen.ru/a/aqFvMBwIljOW3Pcn,462,1,43,"8 сентября в Иркутской области возле Усть-Илимска медведь забрёл на участок частного дома в садоводстве. Видео с камер наблюдения быстро разлетелось по соцсетям — на кадрах видно, как хищник заходит н"
irk.kp.ru,2026-09-09 13:58,article,В Усть-Илимске ввели режим повышенной готовности из-за медведей,https://dzen.ru/a/aqFmZ6KBtmtjL6nh,68,0,42,В Усть-Илимске ввели режим повышенной готовности для всех служб из-за участившихся выходов медведей к городу и в населённые пункты. Такое решение приняли на заседании комиссии по чрезвычайным ситуация
irk.kp.ru,2026-09-09 12:58,article,На перекрёстке Цукановой и Рабочего Штаба в Иркутске появятся новые полосы,https://dzen.ru/a/aqFY_cSWjwEszPqB,13,0,58,На перекрёстке улиц Марии Цукановой и Рабочего Штаба в Иркутске начались работы по уширению проезжей части. Подрядчик уже приступил к снятию старого асфальта на Рабочего Штаба - это часть комплексного
irk.kp.ru,2026-09-09 11:55,article,Жителей Иркутска просят помочь в розыске без вести пропавшего мужчины,https://dzen.ru/a/aqFKBKKBtmtjLoof,94,0,39,"Следственный комитет по Иркутской области просит жителей Иркутска помочь в установлении личности мужчины, который пропал без вести предположительно в 2020–2023 годах. Его разыскивают в рамках расследо"
irk.kp.ru,2026-09-09 11:26,article,В Октябрьском округе Иркутска принимают 11 отремонтированных дворов,https://dzen.ru/a/aqFDWsSWjwEszCKE,72,0,64,В Октябрьском округе Иркутска завершили ремонт 11 дворов многоквартирных домов. Работы финансировались из городского бюджета. Сейчас специалисты комитета по управлению округом вместе с жителями и пред
irk.kp.ru,2026-09-09 10:47,article,В Иркутске утвердили план осенних отжигов и покоса сухой травы,https://dzen.ru/a/aqE5uaKBtmtjLebJ,3,0,44,В администрации Иркутска под руководством мэра Руслана Болотова прошло заседание комиссии по ЧС. На нём утвердили план профилактических отжигов и покоса сухой растительности на осенний период. До наст
irk.kp.ru,2026-09-09 10:26,article,"Влюбленный в первокурсницу студент помог ей спрятать тело убитого отца, а потом сам сдал её полиции",https://dzen.ru/a/aqE0_MSWjwEsy5J7,296,4,101,"43-летнего рабочего из Иркутской области убила собственная дочь*. На скамье подсудимых — 18-летняя девушка и её бойфренд. В начале августа 2017 года первокурсница педагогического колледжа, учившаяся н"
irk.kp.ru,2026-09-09 10:16,article,В Киренском районе женщина получила зарплату после вмешательства прокуратуры,https://dzen.ru/a/aqEyocSWjwEsy3zy,8,0,29,Прокуратура Киренского района помогла местной жительнице добиться выплаты заработной платы. Женщина обратилась в надзорное ведомство с жалобой на нарушение трудовых прав - при увольнении ей не отдали 
irk.kp.ru,2026-09-09 10:09,article,"«Услышала гул, а через секунду произошло страшное»: обычный выходной на льду Байкала перевернул жизнь матери двоих детей",https://dzen.ru/a/aqEw_8SWjwEsy27V,742,4,214,"То злополучное воскресенье, 15 февраля, перевернуло жизнь 39-летней Ирины Секлетиной с ног на голову. Причем в прямом смысле этого слова. Вместе с подругой они махнули в Листвянку, чтобы покататься на"
irk.kp.ru,2026-09-09 10:04,article,«На теле нашли характерные следы»: стали известны подробности гибели пропавшего на «Тропе испытаний» туриста,https://dzen.ru/a/aqEw_6KBtmtjLZXW,71,0,90,"В Бурятии завершились трёхдневные поиски 59-летнего туриста, пропавшего на полуострове Святой Нос. Мужчина 6 сентября в одиночку отправился по маршруту «Тропа испытаний» и перестал выходить на связь. "
irk.kp.ru,2026-09-09 09:47,article,В Иркутской области завершили ремонт подъездной дороги к Саянску,https://dzen.ru/a/aqErlqKBtmtjLVnS,346,0,63,"В Иркутской области полностью завершён ремонт подъездной дороги к Саянску - важнейшей транспортной артерии, которая соединяет город с федеральной трассой и соседними населёнными пунктами. - Работы про"
irk.kp.ru,2026-09-09 09:14,article,В Иркутске обсудили готовность города к отопительному сезону,https://dzen.ru/a/aqEkUMSWjwEsyu4B,840,1,58,"В администрации Иркутска прошло заседание комиссии по ЧС, где обсудили подготовку города к зиме. Совещание с руководителями структурных подразделений и ресурсоснабжающих организаций провёл мэр Руслан "
irk.kp.ru,2026-09-09 08:41,article,В Заларинском районе осудили дальнобойщика с поддельными правами,https://dzen.ru/a/aqEcNsSWjwEsypul,43,0,37,"В Заларинском районе инспекторы ДПС остановили фуру на федеральной трассе - водитель при обгоне пересек сплошную линию. 36-летний мужчина предъявил удостоверение, но проверка показала, что документ не"
irk.kp.ru,2026-09-09 08:05,article,В Иркутске полиция задержала подозреваемого в угоне фургона,https://dzen.ru/a/aqETUqKBtmtjLGr8,12,0,39,"Вечером в Иркутске на улице Байкальская неизвестный угнал фургон «Фиат Дукато». Очевидец сообщил о происшествии в полицию, по его словам, мужчина вёл себя агрессивно и неправомерно завладел автомобиле"
irk.kp.ru,2026-09-09 07:46,article,В аэропорту Иркутска 10 сентября пройдут учения с имитацией пожара на самолете,https://dzen.ru/a/aqEPWKKBtmtjLD9Y,58,0,41,"В аэропорту Иркутска 10 сентября 2026 проведут традиционные учения по тушению пожара на воздушном судне. Как сообщили КП-Иркутск в пресс-службе воздушной гавани, спасатели отработают взаимодействие сл"
irk.kp.ru,2026-09-09 07:43,article,"«Шестеро детей на букву «А», а седьмой - Сережа»! Семья из Забайкалья объяснила необычный выбор имен",https://dzen.ru/a/aqEOnqKBtmtjLDln,81,0,174,"В селе Ононское Забайкальского края живет большая семья Абесоновых. Павел и его супруга воспитывают семерых детей. Но самое удивительное даже не количество наследников, а их имена. У шестерых они начи"
irk.kp.ru,2026-09-09 07:40,article,В Усольском районе пожарные спасли трёх человек из горящей квартиры,https://dzen.ru/a/aqENxsSWjwEsyglW,3,0,37,Днём 8 сентября в посёлке Белореченский Усольского района загорелась квартира на четвёртом этаже многоквартирного дома. На вызов выехали 7 пожарных на трёх единицах техники. - До прибытия спасателей и
irk.kp.ru,2026-09-09 07:19,article,Более 300 жителей Иркутской области получили компенсацию за полис ОСАГО,https://dzen.ru/a/aqEJCsSWjwEsydop,17,0,53,"С начала 2026 года больше 300 жителей получили компенсацию половины стоимости полиса ОСАГО от Отделения Социального фонда России по Иркутской области. Выплата положена людям с инвалидностью, которым а"
irk.kp.ru,2026-09-09 07:12,article,В Иркутске на улице Седова столкнулись троллейбус и скорая помощь,https://dzen.ru/a/aqEHdsSWjwEsycgM,403,0,20,"В Иркутске 9 сентября на улице Седова произошло ДТП с участием троллейбуса и автомобиля скорой медицинской помощи. Об этом сообщили в Госавтоинспекции Иркутска. - По предварительным данным, столкновен"
irk.kp.ru,2026-09-09 07:03,article,Врач-офтальмолог спас пациентку от мошенников во время приема: распознал схему по одной фразе,https://dzen.ru/a/aqEFEcSWjwEsybIG,71,0,193,"38-летний Чингис Цыдендамбаев - заведующий офтальмологическим дневным стационаром городской поликлиники № 6 в Улан-Удэ. Последние 12 лет он совмещает работу в стационаре с приемом в дневном отделении,"
irk.kp.ru,2026-09-09 06:57,article,"«Осталась одна в лёгкой одежде - без воды, еды»: в Бурятии двенадцатый день ищут туристку из Иркутска",https://dzen.ru/a/aqEFEaKBtmtjK90N,49,0,69,В горах Восточных Саян уже больше недели продолжаются поиски 58-летней жительницы Иркутска . Женщина пропала 29 августа в районе горы Буту-Гол. Несмотря на сложные погодные условия и труднодоступную м
irk.kp.ru,2026-09-09 06:12,article,В Зиминском районе прокуратура через суд помогла бойцу СВО получить выплаты,https://dzen.ru/a/aqD5K8SWjwEsyUBY,3,0,33,"Зиминская межрайонная прокуратура помогла участнику специальной военной операции восстановить свои социальные права. - Мужчина обратился в надзорное ведомство с проблемой: он не мог получить выплаты, "
irk.kp.ru,2026-09-09 06:04,article,"В Бурятии завершены поиски туриста, пропавшего на полуострове Святой Нос",https://dzen.ru/a/aqD3maKBtmtjK1un,2616,1,68,"В Бурятии завершены поиски 59-летнего туриста, пропавшего на полуострове Святой Нос. Мужчина 6 сентября в одиночку отправился по маршруту «Тропа испытаний» и перестал выходить на связь. Родственники з"
irk.kp.ru,2026-09-09 05:55,article,Жители Иркутского округа смогут купить новых животных на льготных условиях,https://dzen.ru/a/aqD1NsSWjwEsyRdm,28,1,43,"Владельцы скота из деревень Иркутского округа, где выявили узелковый дерматит, получат компенсации и смогут приобрести новых животных на льготных условиях. Об этом сообщил заместитель министра сельско"
irk.kp.ru,2026-09-09 05:34,article,Покупка скота на льготных условиях: как решают ситуацию с узелковым дерматитом в Иркутской области 9 сентября 2026,https://dzen.ru/a/aqDwnaKBtmtjKxf1,6,0,198,Ситуация с узелковым дерматитом в Иркутской области 9 сентября 2026 продолжает оставаться на особом контроле властей. В регион лично прибыл заместитель министра сельского хозяйства России Роман Некрас
irk.kp.ru,2026-09-09 04:29,article,В Иркутске могут сдвинуть начало отопительного сезона,https://dzen.ru/a/aqDhjaKBtmtjKo_E,323,0,53,"Начало отопительного сезона в Иркутске могут перенести на более поздние даты. Ранее планировалось запустить отопление с 15 сентября, но погода вносит свои коррективы. По данным метеорологов, в сентябр"
irk.kp.ru,2026-09-09 04:11,article,«Приревновал? Очень сильно!»: 15-летний школьник зарезал подругу и бросившуюся ей на помощь соседку,https://dzen.ru/a/aqDcz8SWjwEsyDlz,2530,2,190,"Тихий панельный дом в 20 квартале Шелехова, обычный осенний вечер и крики, которые соседи уже вряд ли забудут… Спустя 11 месяцев после кровавой бойни суд поставил точку в этой истории. На скамье подсу"
irk.kp.ru,2026-09-09 02:16,article,В Шелехове 15-летнего подростка осудили за двойное убийство,https://dzen.ru/a/aqDCCaKBtmtjKXWx,2220,1,58,"Шелеховский городской суд вынес приговор 15-летнему подростку, который убил двух человек. Он проведет восемь лет в воспитательной колонии. Об этом КП-Иркутск сообщили в прокуратуре и СУ СКР региона. Н"
irk.kp.ru,2026-09-09 02:01,article,Рядовой Сергей Антипин из Эхирит-Булагатского района погиб в зоне СВО,https://dzen.ru/a/aqC-1cSWjwEsxy2Y,93,0,55,"Скорбные вести пришли из Эхирит-Булагатского района. «За ленточкой» героически погиб оператор отделения захвата Сергей Антипин. Об этом сообщает мэр Геннадий Осодоев. Герой родился в поселке Бозой, бы"
irk.kp.ru,2026-09-09 01:29,article,В Иркутской области усилили борьбу с зацепингом,https://dzen.ru/a/aqC25aKBtmtjKR7w,292,0,60,На Восточно-Сибирской магистрали принимают дополнительные меры против зацепинга. С начала 2026 года уже зафиксировали шесть случаев проезда на внешних частях поездов. Все они произошли в Иркутской обл
irk.kp.ru,2026-09-09 01:02,article,Ложные вызовы мешают охотникам: как обстоит ситуация с медведями в Иркутской области 9 сентября 2026,https://dzen.ru/a/aqCwn8SWjwEsxr-V,172,0,244,"Ситуация с медведями в Иркутской области 9 сентября 2026 продолжает оставаться напряженной. Власти наращивают силы: в регионе создана 81 оперативная группа, в которых задействованы 209 специалистов и "
irk.kp.ru,2026-09-09 00:03,article,"Педиатр рассказала, какие дети чаще болеют в начале учебного года",https://dzen.ru/a/aqCjLMSWjwEsxk3N,1,0,48,"Сентябрь - горячая пора не только для школьников, но и для вирусов. Врач Анна Журавлева в разговоре с NEWS.ru объяснила, кого ОРВИ атакует первым, когда дети возвращаются за парты. - В первую очередь "
irk.kp.ru,2026-09-08 23:33,article,В Иркутске 11 сентября запретят продавать алкоголь в магазинах,https://dzen.ru/a/aqCcNKKBtmtjKD0f,189,3,46,Запрет на продажу алкоголя в Иркутске 11 сентября 2026 вводится в магазинах. Ограничения будут действовать с восьми утра до одиннадцати вечера. Причина - Всероссийский день трезвости. Согласно постано
irk.kp.ru,2026-09-08 23:04,article,Дожди и грозы придут в Иркутскую область 9 сентября,https://dzen.ru/a/aqCVD8SWjwEsxdip,1444,0,42,"В Иркутске днем 9 сентября 2026 воздух прогреется до +20…+22 градусов, дождя не ожидается. Как сообщили КП-Иркутск в Иркутском Гидрометцентре, будет дуть северо-западный ветер со скоростью до 3-8 метр"
irk.kp.ru,2026-09-08 22:00,article,Что произошло в Иркутской области в ночь на 9 сентября: последние новости,https://dzen.ru/a/aqCF5MSWjwEsxVC4,137,0,126,"Жительницу Иркутска осудили за убийство, совершённое 14 лет назад Ленинский районный суд Иркутска вынес приговор местной жительнице, признанной виновной в убийстве, которое произошло ещё в 2012 году. "
irk.kp.ru,2026-09-08 14:44,article,В Листвянке оштрафовали капитана судна за нелегальную перевозку туристов,https://dzen.ru/a/aqAgH8SWjwEswZoz,12,0,27,"Байкало-Ангарская транспортная прокуратура проверила акваторию Байкала в районе Листвянки. Надзорное ведомство выявило судно, которое перевозило пассажиров без лицензии, а это грубое нарушение. - Прок"
irk.kp.ru,2026-09-08 13:31,article,"В Иркутске оштрафовали пассажира, закурившего в туалете самолёта",https://dzen.ru/a/aqAOr6KBtmtjIxAP,11,0,34,"В Иркутске транспортные полицейские привлекли к ответственности 39-летнего пассажира, который закурил во время полёта. - Мужчина летел рейсом «Хабаровск — Иркутск» и решил покурить в туалетной комнате"
irk.kp.ru,2026-09-08 12:30,article,В Иркутске началось восстановление памятника Борцам революции,https://dzen.ru/a/aqAAUMSWjwEswCjy,40,0,37,"В Иркутске приступили к восстановлению памятника Борцам революции. Сейчас подрядчик демонтирует старый постамент, на месте которого появится новая скульптурная группа. - Работы ведутся по муниципально"
irk.kp.ru,2026-09-08 12:11,article,"Стало известно о состоянии охотника, пострадавшего от медведя в Братске",https://dzen.ru/a/ap_8dMSWjwEswADW,238,2,39,"В Братске мэр Александр Дубровин навестил в больнице охотника, который пострадал от медведя во время отстрела хищника. - Мужчина чувствует себя хорошо, врачи сделали экстренную операцию, сейчас наблюд"
irk.kp.ru,2026-09-08 11:55,article,В Усть-Илимске пожарные спасли двух человек из горящей квартиры,https://dzen.ru/a/ap_4fqKBtmtjIfzm,7,0,37,Днём 7 сентября в Усть-Илимске на улице Дружбы Народов загорелась квартира на пятом этаже многоквартирного дома. На вызов выехали 14 пожарных и 5 единиц техники. Спасатели эвакуировали с верхних этаже
irk.kp.ru,2026-09-08 11:23,article,Жительница Ангарска получила зарплату после ареста счетов работодателя,https://dzen.ru/a/ap_wiMSWjwEsv48n,16,0,41,В Ангарске сотрудница коммерческой организации наконец получила заработанные деньги - работодатель задолжал ей 140 тысяч рублей за юридические услуги по совместительству. Женщина не могла добиться вып
irk.kp.ru,2026-09-08 10:52,article,В Иркутской области снизилась смертность от инфарктов и инсультов,https://dzen.ru/a/ap_pcsSWjwEsv0nx,21,0,61,В Иркутской области продолжает расти число спасённых пациентов с сердечно-сосудистыми заболеваниями. С января по август этого года благодаря модернизации сосудистой программы и слаженной работе врачей
irk.kp.ru,2026-09-08 10:42,article,Пропавший в Тайшете инспектор транспортной безопасности попал на видео,https://dzen.ru/a/ap_m9MSWjwEsvy_G,1338,1,53,"31 летний Владислав Скорбунов, инспектор транспортной безопасности из Нижнеудинска, пропал 23 июля 2026 года в Тайшете — прямо во время рабочей смены. Он сопровождал электричку. По словам родных, Влад"
irk.kp.ru,2026-09-08 10:39,article,«За выходные отстреляли 19 медведей»: рассказываем о ситуации с медведями в Иркутской области на 8 сентября,https://dzen.ru/a/ap_m9MSWjwEsvy_I,1680,1,118,"Ситуация с медведями в Иркутской области 8 сентября остаётся тревожной. Власти принимают жёсткие меры: созданы 81 оперативная группа, в которых задействованы 209 специалистов и 142 единицы техники. На"
irk.kp.ru,2026-09-08 10:17,article,В Свердловском округе Иркутска завершают ремонт трёх дворов,https://dzen.ru/a/ap_hiaKBtmtjISD7,5,0,65,В Свердловском округе Иркутска завершается ремонт трёх дворов многоквартирных домов. Всего в этом году по программе фонда поддержки избирательных округов обновят 13 придомовых территорий - работы идут
irk.kp.ru,2026-09-08 10:13,article,"«Позвонил на 112 и заявил, что его хотят убить»: инспектор транспортной безопасности исчез во время смены в Тайшете",https://dzen.ru/a/ap_g2KKBtmtjIRru,693,0,198,"В Иркутской области продолжается поиск 31 летнего Владислава Скорбунова — инспектора транспортной безопасности, пропавшего 23 июля 2026 года в городе Тайшете. Последний раз мужчина выходил на связь с "
irk.kp.ru,2026-09-08 10:05,article,"«Я даже не думал, что могу провалиться сам»: школьник вытащил женщину из полыньи на Байкале",https://dzen.ru/a/ap_eT8SWjwEsvtmw,24,0,193,"Он не любит публичность, не считает себя героем и даже не рассказал родителям о случившемся, когда вернулся домой. Для 16-летнего Святослава Деревягина тот мартовский день в Листвянке не был подвигом "
irk.kp.ru,2026-09-08 09:46,article,"На тропе, которую закрыли из-за выхода медведей пропал человек. Туриста ищут третьи сутки",https://dzen.ru/a/ap_aVaKBtmtjIN5q,61,0,54,"В Бурятии третий день продолжаются поиски 59-летнего туриста, пропавшего на полуострове Святой Нос. - Мужчина 6 сентября в одиночку отправился по маршруту «Тропа испытаний» и перестал выходить на связ"
irk.kp.ru,2026-09-08 09:41,article,В Ангарске завели дело о долге по зарплате на 380 тысяч рублей,https://dzen.ru/a/ap_YrsSWjwEsvqb3,118,0,53,"Прокуратура Ангарска провела проверку по обращению местной жительницы, которой после увольнения не выплатили окончательный расчёт — ни компенсацию за отпуск, ни другие положенные выплаты. - Выяснилось"
irk.kp.ru,2026-09-08 09:15,article,В Заларинском районе осудили мужчину за кражу товаров из магазина,https://dzen.ru/a/ap_Sb8SWjwEsvmzk,10,0,37,Мировой судья Заларинского района вынес приговор 44-летнему жителю Саянска. Мужчину признали виновным в краже продуктов и товаров из магазина в посёлке Залари. - В феврале 2026 года он зашёл в торговы
irk.kp.ru,2026-09-08 08:36,article,Спасала жизни и нашла любовь: сибирячка с позывным «Матрёшка» встретила мужа в зоне СВО,https://dzen.ru/a/ap_JSMSWjwEsvihX,16,0,229,"- Я зашла в полевую палатку. Спрашиваю: «У кого тут ангина?» - вспоминает 47-летняя Мария Коваль из Иркутска, начальник медицинской службы добровольческого подразделения. - Еще лица не видела, слышу г"
irk.kp.ru,2026-09-08 08:17,article,"В Шелехове задержали лжериэлтора, обманувшего жителя Иркутска на 350 тысяч",https://dzen.ru/a/ap_FMqKBtmtjIDgV,34,0,41,"В Шелехове полицейские задержали 41-летнего жителя Иркутска, подозреваемого в мошенничестве под видом риэлторских услуг. - В полицию обратился 35-летний житель Иркутска: он искал в интернете специалис"
irk.kp.ru,2026-09-08 07:44,article,"Жительницу Иркутска осудили за убийство, совершённое 14 лет назад",https://dzen.ru/a/ap-93MSWjwEsvdL2,121,0,40,"Ленинский районный суд Иркутска вынес приговор местной жительнице, признанной виновной в убийстве, которое произошло ещё в 2012 году. Женщина отбывала наказание в колонии по другому делу, когда сама р"
irk.kp.ru,2026-09-08 07:14,article,В Братске за сутки отстрелили двух медведей,https://dzen.ru/a/ap-2isSWjwEsvZ1q,32,0,40,"Мэр Братска Александр Дубровин сообщил, что за минувшие сутки в рамках регулирования численности добыты два медведя, представлявших опасность для жителей. - Хищников застрелили в районе СНТ «Кедр» дач"
irk.kp.ru,2026-09-08 07:05,article,В селе Урик открылась новая детская музыкальная школа,https://dzen.ru/a/ap-z_6KBtmtjH7lV,1,0,45,В селе Урик Иркутского муниципального района 7 сентября торжественно открыли детскую музыкальную школу. Идея появилась ещё в декабре 2024 года во время прямой линии с губернатором - жители попросили о
irk.kp.ru,2026-09-08 07:00,article,Видео с медведем у Ивановки под Читой оказалось фейком,https://dzen.ru/a/ap-zNcSWjwEsvYl5,17,0,43,"В пабликах Забайкалья разошлось видео из машины. На кадрах - медведь, который якобы вышел к дачам в районе Ивановки под Читой. Но оказалось, что ролик уже публиковали в других регионах - его выдавали "
irk.kp.ru,2026-09-08 06:45,article,За две недели в Иркутске и районе в ДТП пострадали 14 детей,https://dzen.ru/a/ap-vWMSWjwEsvXAj,23,0,45,"Прокуратура взяла на контроль проверки по фактам ДТП с участием несовершеннолетних, которые произошли в Иркутске и Иркутском районе в конце августа - начале сентября. Всего за две недели пострадали 14"
irk.kp.ru,2026-09-08 06:44,article,Жительница Читы отсудила 375 тысяч рублей за сломанную на льду ногу,https://dzen.ru/a/ap-vV8SWjwEsvXAh,14,0,47,"Обычный зимний выходной обернулся для жительницы Читы переломом и тремя месяцами на больничном. Как сообщает ИА ChitaMedia, 6 января 2025 года женщина с семьей отдыхала на лыжной базе. Когда пришло вр"
irk.kp.ru,2026-09-08 06:15,article,Вертолёт МЧС вылетел на поиски пропавшего в Бурятии мужчины,https://dzen.ru/a/ap-o7MSWjwEsvTuG,55,0,30,"Из Улан-Удэ в Баргузинский район вылетел вертолёт Ми-8 МЧС России. Борт доставит спасателей на полуостров Святой Нос — там уже второй день ищут 59-летнего мужчину, пропавшего 6 сентября. - К поискам п"
irk.kp.ru,2026-09-08 05:51,article,"Пьяный водитель на BMW влетел в толпу у бара. Девушка погибла, семь человек чудом выжили",https://dzen.ru/a/ap-jXcSWjwEsvQz6,33,0,53,"В Чите суд на шесть месяцев продлил арест мужчине, которого обвиняют в убийстве и покушении на убийство восьми (!) человек. Как сообщает ZabNews, трагедия произошла 20 мая 2026 у бара. - Пьяный 39-лет"
irk.kp.ru,2026-09-08 05:21,article,Житель Куйтуна отдал мошенникам полмиллиона рублей из-за «замены домофона»,https://dzen.ru/a/ap-cFsSWjwEsvNOc,20,0,48,"53-летний житель поселка Куйтун лишился около 500 тысяч рублей после звонка лжесотрудника управляющей компании. Как сообщили КП-Иркутск в МВД региона, мужчине сообщили о плановой замене домофона и пре"
irk.kp.ru,2026-09-08 05:00,article,В Братском перинатальном центре продолжается капитальный ремонт,https://dzen.ru/a/ap-XYqKBtmtjHtrD,5,0,67,"Заместитель председателя правительства Иркутской области Наталья Дикусарова побывала в Братском перинатальном центре. Она проверила, как идет капитальный ремонт, который начали в 2023 году. В блоке Б "
irk.kp.ru,2026-09-08 04:41,article,"Посредник во взятке вернет государству 1,6 млн рублей в Иркутской области",https://dzen.ru/a/ap-ShsSWjwEsvIX2,99,0,46,"В Иркутской области суд обязал посредника во взяточничестве вернуть в доход государства 1,6 миллиона рублей. Деньги он получил от предпринимателя за содействие в заключении сделки на строительство. Об"
irk.kp.ru,2026-09-08 04:28,article,Водитель «Мазды» насмерть сбила пешехода в Усть-Куте,https://dzen.ru/a/ap-PVKKBtmtjHpqo,10,0,38,"В Усть-Куте полиция разбирается в обстоятельствах смертельной аварии. Ночью 8 сентября 53-летняя женщина за рулем Mazda Bianте сбила мужчину, который находился на проезжей части. - Прибывшие медики ко"
irk.kp.ru,2026-09-08 03:13,article,В Иркутске хирурги спасли ребенка с редкой аномалией почки,https://dzen.ru/a/ap997cSWjwEsu-Zh,32,0,45,"В Иркутской областной детской клинической больнице провели сложную операцию ребенку с подковообразной почкой. Это редкая врожденная патология, при которой две почки сращены нижними полюсами и образуют"
irk.kp.ru,2026-09-08 03:04,article,Выплаты за изъятый скот и уничтожение зараженных животных: ситуация с узелковым дерматитом в Иркутской области остается сложной,https://dzen.ru/a/ap-KDKKBtmtjHnDj,1589,25,231,"Ситуация с узелковым дерматитом в Иркутской области 8 сентября 2026 года остается сложной, но контролируемой. Власти принимают все меры, чтобы остановить распространение болезни. Для людей вирус не оп"
irk.kp.ru,2026-09-08 02:53,article,"В Тулуне ветеринары спасли кота, попавшего в капкан",https://dzen.ru/a/ap95MMSWjwEsu8IL,60,0,44,"В Тулунскую ветклинику принесли трехлетнего кота с … капканом на передней лапе! Хозяева рассказали, что вечером питомец ушел гулять и не вернулся, а утром его нашли во дворе со стальной ловушкой. Вете"
irk.kp.ru,2026-09-08 02:31,article,Бурятия усилит защиту от узелкового дерматита из-за вспышки в Иркутской области,https://dzen.ru/a/ap9ztsSWjwEsu6B1,99,0,68,В Бурятии вводят режим повышенной готовности из-за вспышки заразного узелкового дерматита в соседней Иркутской области. На границах с Приангарьем и Забайкальским краем организуют круглосуточные ветери
irk.kp.ru,2026-09-08 02:04,article,Крестный ход на Иоаннову гору отменили в Бурятии из-за медведей,https://dzen.ru/a/ap9t36KBtmtjHZ30,233,0,61,"В Бурятии отменили крестный ход на Иоаннову гору, который должен был состояться 11 сентября 2026. Причина - участившиеся случаи выхода медведей к людям. Об этом сообщили в Свято-Троицком Селенгинском "
irk.kp.ru,2026-09-08 01:38,article,Землетрясение произошло в Иркутске 8 сентября,https://dzen.ru/a/ap9nkqKBtmtjHW9S,296,1,34,"Землетрясение в Иркутске 8 сентября 2026 года произошло около 2:52 ночи. На сайте Единой геофизической службы Российской академии наук говорится о том, что в эпицентре сила толчков достигла 2-3 баллов"
irk.kp.ru,2026-09-08 01:21,article,Медведя заметили в районе Курчатовского лога в Братске,https://dzen.ru/a/ap9jhKKBtmtjHVHc,64,0,42,В Братске охотоведы проверяют информацию о появлении медведя в районе Курчатовского лога. Жителей просят со всей серьезностью отнестись к предупреждению. - Воздержитесь от прогулок в районе Курчатовск
irk.kp.ru,2026-09-08 01:00,article,"«Была истощена, искусана клещами»: спасенная на Байкале нерпа Сергеевна вернулась домой после долгого лечения",https://dzen.ru/a/ap9e3qKBtmtjHS-V,67,0,113,"История, за которой несколько месяцев следили тысячи человек, получила счастливый финал. Нерпу Сергеевну, найденную весной 2026 на льду Байкала, выпустили в естественную среду обитания. Местом возвращ"
irk.kp.ru,2026-09-08 00:02,article,"Кардиолог объяснила, как приход осени влияет на организм",https://dzen.ru/a/ap9RXqKBtmtjHMhn,11,0,45,"С наступлением холодов у некоторых людей начинает расти артериальное давление. Кардиолог Луиза Алиева рассказала NEWS.ru, почему так происходит и кому стоит быть особенно внимательным. - На холоде сос"
irk.kp.ru,2026-09-07 23:30,article,17-летнюю жительницу Киренска оштрафовали за помощь мошенникам,https://dzen.ru/a/ap9JhKKBtmtjHIwx,13,0,50,"В Киренском районе суд вынес приговор 17-летней девушке, которая участвовала в схеме по переводу чужих денег. Через ее банковскую карту прошло около 200 тысяч рублей. За свою помощь мошенникам она пол"
irk.kp.ru,2026-09-07 23:03,article,До +21 градуса потеплеет в Иркутске 8 сентября,https://dzen.ru/a/ap9DU6KBtmtjHF7-,24,0,40,"В Иркутске днем 8 сентября 2026 потеплеет до +19…+21 градуса, дождя не ожидается. Как сообщили КП-Иркутск в Иркутском Гидрометцентре, будет дуть юго-восточный ветер со скоростью до 3-8 метров в секунд"
irk.kp.ru,2026-09-07 22:00,article,Что произошло в Иркутске в ночь на 8 сентября 2026: последние новости,https://dzen.ru/a/ap80PMSWjwEsubto,31,0,38,В Братске водитель сбил трёх подростков и скрылся Подростки получили травмы и были доставлены в больницу. Сейчас полиция устанавливает все обстоятельства произошедшего и разыскивает виновника. В Иркут
irk.kp.ru,2026-09-07 14:44,article,"Психолог объяснила, почему нельзя кормить ребенка под мультики",https://dzen.ru/a/ap7OfaKBtmtjGH2I,26,0,49,"Привычка включать малышу мультфильм за обедом кажется безобидной, но на самом деле она вредит развитию. Психолог Мария Сафонова рассказала NEWS.ru, чем оборачивается еда перед экраном. - Когда ребенок"
irk.kp.ru,2026-09-07 14:18,article,В Иркутске увековечили память погибшего бойца СВО Алексея Цаплина,https://dzen.ru/a/ap7IK6KBtmtjGEfO,262,0,55,"На фасаде иркутской школы № 28 появилась мемориальная доска в честь ее выпускника Алексея Цаплина, кавалера ордена Мужества. Как сообщил мэр города Руслан Болотов, герой отправился в зону специальной "
irk.kp.ru,2026-09-07 13:44,article,Пилот разбившегося вертолета в Забайкалье получил два с половиной года колонии,https://dzen.ru/a/ap7ANqKBtmtjF_7w,62,0,58,"В Забайкалье вступил в силу приговор командиру вертолета Ми-8, который разбился при посадке в Могоче в мае 2022 года. Как сообщает ZabNews, пилот проведет два с половиной года в колонии-поселении. Еще"
irk.kp.ru,2026-09-07 13:12,article,В Иркутске прошел чемпионат по игре вэйци,https://dzen.ru/a/ap65AqKBtmtjF73a,10,0,48,"В Иркутске 5 и 6 сентября состоялся Открытый чемпионат по игре вэйци. Соревнования прошли при поддержке Генерального консульства Китая и собрали больше 70 участников из Иркутской области, Бурятии, Хак"
irk.kp.ru,2026-09-07 12:46,article,Двух жителей Ангарска осудили за мошенничество с материнским капиталом,https://dzen.ru/a/ap6ypqKBtmtjF4RA,12,0,48,Ангарский городской суд вынес приговор двум местным жителям за мошенничество с материнским капиталом. 25-летняя женщина и 42-летний мужчина провернули схему с фиктивной недвижимостью. Об этом КП-Иркут
irk.kp.ru,2026-09-07 11:20,article,В Иркутской области снижается смертность от сосудистых болезней,https://dzen.ru/a/ap6ehaKBtmtjFsu-,102,0,55,"С января по август 2026 года в Иркутской области удалось сохранить на 200 жизней больше, чем за тот же период прошлого года. Такой результат дали кардиологическая и неврологическая службы, а также мод"
irk.kp.ru,2026-09-07 11:02,article,"«Уперся ногами в торосы»: школьник спас женщину, провалившуюся под лед на Байкале",https://dzen.ru/a/ap6aJMSWjwEstIl_,939,0,46,"В Иркутске наградили ученика школы № 9 имени Пушкина Святослава Деревягина. В марте 2025 года он спас женщину, которая провалилась под лед на Байкале в поселке Листвянка. Подросток услышал крики о пом"
irk.kp.ru,2026-09-07 10:52,article,Иркутская область заняла 19-е место в рейтинге рынка труда,https://dzen.ru/a/ap6Xz8SWjwEstHeZ,49,2,39,"Иркутская область заняла 19-ю строчку в рейтинге регионов России по ситуации на рынке труда по итогам 2025 года. Как сообщает «РИА Новости», Приангарье набрало 75,96 балла. Годом ранее регион был на 1"
irk.kp.ru,2026-09-07 09:45,article,"Мужчина умер после нападения медведя в Бурятии: он провожал жену на остановку, а на обратном пути встретил хищника",https://dzen.ru/a/ap6KVqKBtmtjFhtl,2113,0,142,"В Бурятии введены серьезные ограничения из-за медведей. Повод – первое в 2026 году смертельное нападение на человека. Мужчина шел провожать жену на автобус, но по дороге свернул в лес - проверить дома"
irk.kp.ru,2026-09-07 08:56,article,Аэропорт Киренска откроют для самолетов 8 сентября,https://dzen.ru/a/ap58m8SWjwEss38i,26,0,54,"Аэропорт Киренска возобновит прием регулярных рейсов с 8 сентября 2026. Перед этим специалисты проверили качество ремонта взлетно-посадочной полосы и оценили взлет и посадку на Ан-24, который обычно л"
irk.kp.ru,2026-09-07 08:37,article,Боец Сергей Хафизов из Слюдянки героически погиб в зоне СВО,https://dzen.ru/a/ap54p8SWjwEss11r,547,0,38,В Слюдянке 7 сентября 2026 простились с героем специальной военной операции Сергеем Хафизовым. Церемония прощания состоялась в Свято-Никольской церкви. Об этом сообщает мэр Алексей Шульц. - Боец вырос
irk.kp.ru,2026-09-07 08:15,article,Хищник залез в детсад в Ангарске и атаковал депо в Тайшете: ситуация с медведями в Иркутской области 7 сентября остается тревожной,https://dzen.ru/a/ap5zFMSWjwEssyYn,1525,3,275,"Пожалуй, ни одна другая тема сейчас не обсуждается жителями Приангарья так бурно, как нашествие медведей. Сибиряки боятся не только выезжать на природу, но и выходить на собственные дачные участки! Ко"
irk.kp.ru,2026-09-07 07:53,article,В Братске водитель сбил трёх подростков и скрылся,https://dzen.ru/a/ap5uQaKBtmtjFREJ,20,0,36,"В Братске прокуратура Падунского района взяла на контроль проверку по факту ДТП, в котором пострадали трое подростков. - Авария произошла 5 сентября в жилом районе Гидростроитель на улице Енисейской. "
irk.kp.ru,2026-09-07 07:37,article,В Чунском районе 17-летний подросток на мотоцикле попал в ДТП,https://dzen.ru/a/ap5qYaKBtmtjFO2I,267,0,38,"Прокуратура Чунского района направила в суд уголовное дело в отношении 44-летнего местного жителя. Мужчину обвиняют в том, что он дал своему несовершеннолетнему сыну мотоцикл, заведомо зная об опаснос"
irk.kp.ru,2026-09-07 07:30,article,Медсестра из Нижнеилимского района отдала мошенникам 700 тысяч,https://dzen.ru/a/ap5owKKBtmtjFN5P,7,0,47,"В Нижнеилимском районе 44-летняя медсестра стала жертвой мошенников, потеряв более 700 тысяч рублей. Всё началось со звонка от якобы работника домофонной компании, которая сообщила о плановой замене о"
irk.kp.ru,2026-09-07 07:10,article,"В Иркутской области суд рассмотрит дело судоводителя, сбившего женщину на льду",https://dzen.ru/a/ap5kWMSWjwEsspj7,6,0,31,"В Иркутской области перед судом предстанет 26-летний судоводитель, обвиняемый в нарушении правил безопасности на водном транспорте. - Трагедия произошла ещё 15 февраля 2026 года на Байкале в районе Ли"
irk.kp.ru,2026-09-07 06:48,article,Медведь забрался на территорию детского сада в Ангарске,https://dzen.ru/a/ap5erqKBtmtjFH4T,106,0,32,"Вечером 6 сентября в Ангарске медведь забрался на территорию детского сада. Видео с хищником, который спокойно гулял по территории садика, мгновенно разлетелись по соцсетям - кадры вызвали серьёзное б"
irk.kp.ru,2026-09-07 06:46,article,"«Звал до самого утра»: турист 10 дней ищет жену, исчезнувшую в горах Бурятии без еды и тёплой одежды",https://dzen.ru/a/ap5eraKBtmtjFH4O,1684,1,152,"Десять дней. Десять дней 58-летняя Жанна Козлова числится пропавшей в горах Окинского района Бурятии. Всё это время о судьбе женщины ничего неизвестно. Она пропала без воды, еды, в лёгкой одежде и в н"
irk.kp.ru,2026-09-07 06:22,article,С начала года СФР автоматически оформил СНИЛС 13 тыс. детям в Иркутской области,https://dzen.ru/a/ap5ZCqKBtmtjFE2n,5,0,49,Отделение Социального фонда России по Иркутской области с января автоматически оформило СНИЛС более чем 13 тысячам новорождённых. - Родителям не пришлось никуда обращаться - документ появился в личном
irk.kp.ru,2026-09-07 06:01,article,За сутки в Иркутской области зафиксировали 17 выходов медведей к людям,https://dzen.ru/a/ap5UL8SWjwEssgZ-,706,0,45,"В Иркутской области медведи продолжают выходить к людям - только за прошедший день полиция зафиксировала 17 таких случаев. - Хищников видели в Иркутском районе, Ангарске, Нижнеилимском районе, Усть-Ил"
irk.kp.ru,2026-09-07 04:55,article,В Байкальске пожарные спасли двух человек из горящей квартиры,https://dzen.ru/a/ap5EWKKBtmtjE4ze,3,0,33,Вечером 6 сентября в байкальском микрорайоне Южном загорелась квартира на первом этаже многоквартирного дома. На место выехали 7 пожарных на двух автоцистернах. - До прибытия первых расчётов из задымл
irk.kp.ru,2026-09-07 04:24,article,В Слюдянском районе двух молодых людей осудили за угон ВАЗ-2107,https://dzen.ru/a/ap49IsSWjwEssTlg,12,0,36,В Слюдянском районе суд вынес приговор двум местным жителям — 22 и 23 лет. Они признаны виновными в угоне автомобиля группой лиц по предварительному сговору. - В конце мая этого года нетрезвые парни н
irk.kp.ru,2026-09-07 04:14,article,"Звала на помощь, пока медведь рвал её мужа: мужчину чудом спасли от зверя",https://dzen.ru/a/ap46yKKBtmtjEzdW,800,3,86,"Ситуация с медведями в Бурятии становится всё более напряжённой. Власти вводят ограничения, увеличивают количество охотничьих бригад, а жители в соцсетях требуют перевести школьников на дистанционное "
irk.kp.ru,2026-09-07 03:42,article,"В Иркутске в ДТП сгорела Toyota Corolla, пострадал водитель",https://dzen.ru/a/ap4zpMSWjwEssN8B,122,0,27,"В Октябрьском округе Иркутска сегодня утром произошло ДТП с участием трёх автомобилей. - По предварительным данным, водитель Toyota Corolla двигался по улице Байкальской от развязки плотины ГЭС в стор"
irk.kp.ru,2026-09-07 03:19,article,В Братске раненый медведь напал на охотника во время отстрела,https://dzen.ru/a/ap4uJKKBtmtjEsFn,900,4,48,"В Братске мобильные группы охотников и сотрудников службы по охране животных за выходные добыли трёх медведей. Хищников застрелили в правобережном районе возле кладбища, недалеко от жилого района Бике"
irk.kp.ru,2026-09-07 03:10,article,В Ангарске силовики отработали действия при нападении террористов и атаке дронов,https://dzen.ru/a/ap4rzcSWjwEssJh_,95,0,49,В Ангарске прошло масштабное учение силовых и специальных служб по плану Национального антитеррористического комитета. Оперативный штаб Иркутской области отработал действия при совершении теракта — в 
irk.kp.ru,2026-09-07 02:51,article,"Мать, напоившая годовалую дочь уксусом, шокировала заявлением: «Я не хотела убивать»",https://dzen.ru/a/ap4nzqKBtmtjEobn,152,1,65,В Забайкальском краевом суде началось рассмотрение резонансного уголовного дела в отношении 28-летней жительницы Балея. Женщину обвиняют в убийстве собственной годовалой дочери с особой жестокостью. С
irk.kp.ru,2026-09-07 02:45,article,"Сценарии комедий Гайдай писал, вдохновляясь жизнью и детством в Иркутске",https://dzen.ru/a/ap4mR8SWjwEssGg5,276,0,57,"Леонид Гайдай, чьи комедии уже несколько десятилетий остаются любимыми миллионами, черпал вдохновение в обычной жизни. Многие культовые сцены и персонажи рождались из воспоминаний, случайных встреч и "
irk.kp.ru,2026-09-07 02:28,article,"За неделю в Иркутской области в ДТП пострадали 49 человек, трое погибли",https://dzen.ru/a/ap4iZaKBtmtjEk86,85,0,37,"С 31 августа по 6 сентября на дорогах Иркутской области произошло 38 аварий. В них пострадали 49 человек, среди которых 13 детей. Трое взрослых погибли. Всего повреждено 58 машин. Чаще всего аварии сл"
irk.kp.ru,2026-09-07 01:50,article,«Удача на стороне Овец и Собак»: зурхай на неделю с 7 по 13 сентября,https://dzen.ru/a/ap4ZX6KBtmtjEfsY,3,0,154,"Еши Намжил лама — известный буддийский астролог, настоятель Курумканского дацана в Бурятии — составил традиционный зурхай на неделю с 7 по 13 сентября. Прогноз поможет лучше подготовиться к событиям, "
irk.kp.ru,2026-09-07 01:48,article,В Иркутской области принято решение о добыче 160 медведей,https://dzen.ru/a/ap4Yq6KBtmtjEfX4,74,0,49,В Иркутской области сохраняется напряжённая обстановка с выходами медведей к людям. Все сообщения о появлении хищников специалисты Службы по охране животных принимают и отрабатывают. Для оперативного 
irk.kp.ru,2026-09-07 00:45,article,В Иркутской области привели в порядок склад древесины после проверки,https://dzen.ru/a/ap4JvMSWjwEsr2qC,265,0,33,"Нижнеудинская транспортная прокуратура проверила предприятие, которое занимается внешнеэкономической деятельностью. - Выяснилось, что его территория завалена опилками и порубочными остатками — это нар"
irk.kp.ru,2026-09-07 00:13,article,Почти 164 тысячи ветеранов труда в Иркутской области получают льготы и выплаты,https://dzen.ru/a/ap4CAMSWjwEsryxV,1149,2,76,"В первое воскресенье сентября в Иркутской области чествуют ветеранов труда. В 2026 году эта дата пришлась на 6 сентября. Сейчас различные меры поддержки получают около 163,8 тысячи жителей, у которых "
irk.kp.ru,2026-09-06 23:41,article,"Психолог дала советы, как преодолеть страх полета на самолете",https://dzen.ru/a/ap362MSWjwEsrvCo,8,0,68,"Аэрофобия — одна из самых распространённых тревог, с которой люди обращаются к психологам. Как в беседе с News.ru объяснила специалист Екатерина Булгакова, боязнь полётов вполне поддаётся коррекции — "
irk.kp.ru,2026-09-06 23:09,article,В Иркутске в понедельник ожидается до +21 и без осадков,https://dzen.ru/a/ap3y9aKBtmtjELJ8,31,0,37,"В понедельник, 7 сентября, в Иркутске ожидается переменная облачность, существенных осадков не прогнозируется. - Утром в пригородной зоне возможен туман. Ветер ночью слабый, до 6 м/с, днём юго-восточн"
irk.kp.ru,2026-09-06 22:00,article,Что произошло в Иркутской области в ночь на 7 сентября: последние новости,https://dzen.ru/a/ap3jQaKBtmtjECGT,984,9,54,"В деревнях Бутырки и Коты Иркутского района ввели режим ЧС из-за вспышки узелкового дерматита крупного рогатого скота. Официально подтверждены восемь очагов инфекции. Причиной распространения, предпол"
irk.kp.ru,2026-09-06 11:55,article,В селах под Иркутском из-за дерматита скота уничтожат 96 зараженных животных,https://dzen.ru/a/ap1VfaKBtmtjC5PZ,1756,13,59,"В Иркутской области в селах Бутырки и Коты ветеринарные врачи выявили заразный узелковый дерматит крупного рогатого скота. На территории этих населенных пунктов введен карантин, и все зараженные живот"
irk.kp.ru,2026-09-06 10:49,article,В Зиме прокуратура добилась квартиры для мужчины с инвалидностью,https://dzen.ru/a/ap1FoMSWjwEsqTG8,11,0,38,"В городе Зима Иркутской области прокуратура восстановила жилищные права местного жителя с инвалидностью. Мужчина, страдающий хроническим заболеванием, долгое время не мог получить отдельное жилое поме"
irk.kp.ru,2026-09-06 09:43,article,Температура опустится до -3 градусов в Иркутской области 7 сентября,https://dzen.ru/a/ap02rMSWjwEsqL-b,82,0,78,"По данным Иркутского УГМС и МЧС России, 7 и 8 сентября в северо-западных и западных районах Иркутской области сохранится высокая (IV класса) и чрезвычайная (V класса) пожароопасность лесов. Также в эт"
irk.kp.ru,2026-09-06 08:31,article,В Приангарье из-за дерматита скота ввели режим ЧС в двух деревнях,https://dzen.ru/a/ap0lR6KBtmtjCiFt,694,20,81,В Иркутском районе в деревнях Бутырки и Коты Оекского административного округа введен режим чрезвычайной ситуации из-за вспышки заразного узелкового дерматита крупного рогатого скота. Об этом на сходе
irk.kp.ru,2026-09-06 07:44,article,"В дикой природе травма бы его убила: изюбрь Гриша лишился ноги, но получил шанс на жизнь",https://dzen.ru/a/ap0bMsSWjwEsp-Ws,180,0,158,"Изюбря Гришу, которого в начале августа спасли на Большой байкальской тропе, ждала непростая судьба. Когда туристы заметили его, он стоял по колено в воде Байкала. Худой, обессиленный, с застарелым пе"
irk.kp.ru,2026-09-06 07:31,article,"Умерла Татьяна Павлова, заслуженный врач-неонатолог Иркутской области",https://dzen.ru/a/ap0XOaKBtmtjCa3c,931,0,77,"В Иркутской области 4 сентября умерла Татьяна Павлова, заслуженный врач Российской Федерации, кандидат медицинских наук, выдающийся неонатолог. Вся ее жизнь была посвящена медицине. Окончив Иркутский "
irk.kp.ru,2026-09-06 06:25,article,Пожилой мужчина не мог встать после падения в квартире в Бурятии,https://dzen.ru/a/ap0HpMSWjwEsp0ZT,48,0,54,"В Гусиноозерске Бурятии спасатели пришли на помощь пожилому мужчине, который упал в своей квартире и не мог самостоятельно встать. Сигнал о происшествии поступил оперативному дежурному Бурятской респу"
irk.kp.ru,2026-09-06 05:51,article,"Ночью на улицу нельзя, туризм под вопросом: рассказываем о ситуации с медведями в Иркутской области на 6 сентября 2026",https://dzen.ru/a/ap0AkKKBtmtjCPiR,311,0,281,"Ситуация с выходами медведей к людям в Иркутской области 6 сентября 2026 года продолжает быть напряженной. Хищников замечают в городах, поселках и на популярных туристических тропах. В Братске ввели р"
irk.kp.ru,2026-09-06 05:19,article,Люди годами живут в доме с трещинами в стенах в Усть-Илимске,https://dzen.ru/a/apz4aqKBtmtjCLZ7,1238,6,53,Председатель Следственного комитета России Александр Бастрыкин поручил доложить о результатах проверки по обращению жителей Усть-Илимска о ненадлежащем содержании многоквартирного дома на улице Наймуш
irk.kp.ru,2026-09-06 04:13,article,В Красночикойском округе Забайкалья разрешили регулировать численность медведей,https://dzen.ru/a/apzoqKKBtmtjCDtx,25,0,51,В Красночикойском муниципальном округе Забайкальского края введено регулирование численности медведей. Решение принято Министерством природных ресурсов региона в связи с зафиксированными случаями выхо
irk.kp.ru,2026-09-06 03:07,article,В Иркутске из за крестного хода перекрыли центр города 6 сентября,https://dzen.ru/a/apzZlsSWjwEspd0F,18,0,43,В Иркутске 6 сентября ввели временные ограничения движения транспорта в центре города. Проезд закрыт на четырех участках с 7:00 до 13:30. Под запрет попали Нижняя Набережная - от Сухэ-Батора до Ленина
irk.kp.ru,2026-09-06 02:01,article,Черемхово официально присвоили звание «Город трудовой доблести»,https://dzen.ru/a/apzJ4qKBtmtjB0e5,47,0,65,Черемхово в Иркутской области официально получило почетное звание «Город трудовой доблести». Указ об этом 5 сентября 2026 года подписал Президент России Владимир Путин. Как сообщил мэр города Вадим Се
irk.kp.ru,2026-09-06 01:53,article,"«Двухлетний мальчик знал, когда поклоняться»: Крестный ход объединил тысячи человек со всей страны в Иркутске",https://dzen.ru/a/apzIS8SWjwEspVEQ,362,0,193,"В Иркутске утром 6 сентября состоялся масштабный крестный ход с участием тысяч верующих. Накануне, 5 сентября, в город прибыла десница святителя Спиридона Тримифунтского - великая христианская святыня"
irk.kp.ru,2026-09-05 11:59,article,В Иркутской области 6 сентября ожидаются заморозки,https://dzen.ru/a/apwEYsSWjwEsnuo-,625,0,72,"По данным Иркутского УГМС и МЧС России, с 6 по 8 сентября в северо-западных и западных районах Иркутской области ожидается высокая (IV класса) и чрезвычайная (V класса) пожароопасность лесов. Также в "
irk.kp.ru,2026-09-05 10:53,article,Пенсионерка из Балаганского района через суд добилась права на квартиру,https://dzen.ru/a/apv1caKBtmtjAFkv,200,0,54,"В Балаганском районе прокуратура помогла 81-летней местной жительнице восстановить свои жилищные права. Женщина обратилась в надзорное ведомство с жалобой на то, что не может оформить в собственность "
irk.kp.ru,2026-09-05 10:19,article,"В Бурятии в ДТП пострадали 6 человек, трое из которых - дети",https://dzen.ru/a/apvticSWjwEsnjYN,52,0,29,В Прибайкальском районе Бурятии днем 5 сентября произошло серьезное ДТП. Вблизи села Татаурово столкнулись автомобили «Тойота Калдина» и «Хонда Стрим». В результате аварии травмы различной степени тяж
irk.kp.ru,2026-09-05 10:05,article,"Что известно о пожаре больнице Железногорска-Илимского 5 сентября 2026, где погиб пациент",https://dzen.ru/a/apvqZKKBtmtjAAVC,201,0,125,"В городе Железногорске-Илимском Иркутской области произошел пожар в психонаркологическом отделении центральной районной больницы. По предварительным данным, в результате возгорания погиб один человек."
irk.kp.ru,2026-09-05 09:57,article,В Забайкалье двое подростков получили условные сроки за нападение на инвалида,https://dzen.ru/a/apvoFMSWjwEsngn0,97,0,56,"В Забайкальском крае суд вынес приговор двум несовершеннолетним, которые в январе 2026 года в селе Заречное Тунгиро-Олекминского района совершили нападение на односельчанина с расстройством личности и"
irk.kp.ru,2026-09-05 08:50,article,В Усольском районе на пожаре в садовом доме погибла 70-летняя женщина,https://dzen.ru/a/apvYQKKBtmtj_3Jp,59,0,54,"В Усольском районе вечером 4 сентября загорелся садовый дом в товариществе «Архиреевка-4». Сообщение о возгорании поступило на номер 112, и к моменту прибытия первого подразделения строение уже было п"
irk.kp.ru,2026-09-05 07:48,article,В Забайкалье две бригады охотников патрулируют территории из-за медведей,https://dzen.ru/a/apvJ58SWjwEsnRLr,36,0,62,В Красночикойском муниципальном округе Забайкальского края усилены меры реагирования в связи с участившимися выходами медведей к населенным пунктам. Для оперативного контроля за ситуацией созданы две 
irk.kp.ru,2026-09-05 06:48,article,Директор фирмы организовал майнинговую ферму в подвале дома в Иркутской области,https://dzen.ru/a/apu7h8SWjwEsnJTf,326,0,69,В Иркутской области завершено расследование уголовного дела в отношении двух жителей Бодайбо - генерального директора и главного инженера коммерческой фирмы. Их обвиняют в злоупотреблении полномочиями
irk.kp.ru,2026-09-05 06:35,article,Режим ЧС и комендантский час: рассказываем о ситуации с медведями в Иркутской области на 5 сентября 2026,https://dzen.ru/a/apu6w8SWjwEsnJAn,537,0,294,"Ситуация с выходами медведей к людям в Иркутской области 5 сентября 2026 года остается напряженной. Хищников замечают в городах, поселках и на туристических маршрутах. В Братске ввели режим повышенной"
irk.kp.ru,2026-09-05 05:38,article,«Услышал хлопок и бросился к братьям»: попытка приготовить ужин едва не обернулась кошмаром для троих детей,https://dzen.ru/a/apurH6KBtmtj_fGu,18,0,59,В селе Амитхаша Агинского муниципального округа 4 сентября произошел пожар в жилом доме на улице Дорожной. Сообщение о возгорании поступило в пожарную охрану в 20:39. К моменту прибытия спасателей дом
irk.kp.ru,2026-09-05 05:06,article,"«Тело нашли через 7 дней»: родные не знали, что отдых на берегу закончится настоящим кошмаром",https://dzen.ru/a/apz2EKKBtmtjCKJy,695,2,163,"Это лето стало одним из самых трагичных для жителей Иркутской области. Вода забирала жизни повсюду: в озёрах, реках, водохранилищах. Она забирала детей и взрослых, опытных туристов и тех, кто просто р"
irk.kp.ru,2026-09-05 04:30,article,Черемхово может получить звание «Город трудовой доблести»,https://dzen.ru/a/apubTMSWjwEsm4Gt,478,1,59,Город Черемхово в Иркутской области вошел в список 12 претендентов на почетное звание «Город трудовой доблести». Такое предложение 4 сентября озвучил президент Российской академии наук Геннадий Красни
irk.kp.ru,2026-09-05 03:24,article,В Иркутске ночью сгорел частный дом из-за аварийного режима электросети,https://dzen.ru/a/apuMdKKBtmtj_O0V,35,0,45,"В Иркутске ночью 4 сентября на улице Дмитрия Донского загорелся частный дом. Сигнал о пожаре поступил спасателям, и на место оперативно выехали 14 огнеборцев на четырех единицах техники МЧС России. Ка"
irk.kp.ru,2026-09-05 02:30,article,Прибытие мощей Спиридона Тримифунтского в Иркутск 5 сентября 2026: прямая онлайн-трансляция,https://dzen.ru/a/apuAbsSWjwEsmq5z,269,1,460,"В Иркутске утром 5 сентября произошло событие, которое православные верующие ждали с огромным нетерпением. В город прибыла десница святителя Спиридона Тримифунтского - великая христианская святыня, ко"
irk.kp.ru,2026-09-05 02:19,article,В Иркутской области ликвидировано 70 медведей,https://dzen.ru/a/apt8iaKBtmtj_GU1,353,3,82,"В Иркутской области продолжает сохраняться напряженная ситуация, связанная с выходами медведей к населенным пунктам. Служба по охране и использованию объектов животного мира держит вопрос на постоянно"
irk.kp.ru,2026-09-05 02:00,article,"Кабачковый шницель и палочки фри: осенние рецепты от победителя «Битвы шефов», которые вы точно не пробовали",https://dzen.ru/a/apt30sSWjwEsmmGE,1911,0,271,"Сентябрь - время, когда кабачки становятся главным овощем на столе. Они не заканчиваются, а только начинаются: с грядок, с балконов, из погребов - зеленые и желтые «богатыри» все еще ждут своего звезд"
irk.kp.ru,2026-09-04 22:00,article,Что произошло в Иркутской области в ночь на 5 сентября: последние новости,https://dzen.ru/a/aps_tcSWjwEsmIo0,501,4,98,"Два медведя вышли к людям в Братске за сутки За сутки в Братске охотоведы отстрелили двух медведей. Один хищник вышел к людям на Моргудоне, второго заметили возле Братской ГЭС, рядом с гаражным коопер"
irk.kp.ru,2026-09-04 22:00,article,Что произошло в Иркутской области в ночь на 6 сентября: последние новости,https://dzen.ru/a/apvR56KBtmtj_zzC,68,0,61,"Утром 5 сентября в Иркутск из Греции доставили десницу святителя Спиридона Тримифунтского, которую торжественно внесли в Богоявленский собор. В храме с самого утра было многолюдно: люди приходили семь"
irk.kp.ru,2026-09-04 14:40,article,Медведи всё чаще выходят к людям в Бурятии,https://dzen.ru/a/aprY-MSWjwEslQpG,83,0,49,"В Бурятии выходы медведей в сёла и к туристическим базам перестали быть редкостью. С начала года зафиксировано уже 52 таких случая. Хищников всё чаще замечают возле школ, на мусорках и даже у заборов "
irk.kp.ru,2026-09-04 13:52,article,Пожарный извещатель спас семью из шести человек в Култуке,https://dzen.ru/a/aprN58SWjwEslJue,7,0,77,В ночь на 2 сентября в посёлке Култук в переулке Оборонном загорелся частный дом. Семья из шести человек проснулась от громкого сигнала пожарного извещателя. Через дверь выйти не удалось — пламя уже о
irk.kp.ru,2026-09-04 12:44,article,"Жительница Черемхово потеряла 2,7 миллиона рублей на криптоинвестициях",https://dzen.ru/a/apq93MSWjwEsk_3X,8,0,52,"В полицию Черемхово обратилась 47-летняя местная жительница — она стала жертвой мошенников, лишившись более 2,7 миллиона рублей. В апреле этого года женщина познакомилась в мессенджере с мужчиной, кот"
irk.kp.ru,2026-09-04 12:06,article,Двух пассажиров в аэропорту Иркутска не пустили на рейсы из-за нарушений,https://dzen.ru/a/apq1K8SWjwEsk6MQ,96,0,40,"За сутки в иркутском аэропорту транспортные полицейские привлекли к ответу двоих пассажиров, которые не смогли улететь по назначению. Первый инцидент случился на борту самолёта, готовившегося к вылету"
irk.kp.ru,2026-09-04 11:57,article,Рассказываем о ситуации с медведями в Иркутской области на 4 сентября 2026,https://dzen.ru/a/apqyxMSWjwEsk46L,728,0,190,"Ситуация с медведями в Иркутской области на 4 сентября 2026 остаётся напряжённой. В регионе создана рабочая группа по защите населения от хищников. Медведи всё чаще выходят к людям, и власти принимают"
irk.kp.ru,2026-09-04 11:31,article,В Слюдянском районе осудили женщину за поддельные водительские права,https://dzen.ru/a/apqscMSWjwEsk1PK,158,0,47,"Слюдянский районный суд вынес приговор 31-летней жительнице Республики Бурятия. Её признали виновной в использовании поддельного водительского удостоверения. - В феврале 2025 года женщина, не имея пра"
irk.kp.ru,2026-09-04 10:54,article,Администрация Иркутска напомнила владельцам собак о регистрации питомцев,https://dzen.ru/a/apqjuMSWjwEskv1K,13,0,30,"Администрация Иркутска и Служба ветеринарии Иркутской области напоминают владельцам собак: всех питомцев нужно регистрировать — независимо от размера, породы или того, взяли вы щенка в питомнике, подо"
irk.kp.ru,2026-09-04 10:19,article,В Усть-Илимске в пожаре погибла 69-летняя женщина,https://dzen.ru/a/apqb0sSWjwEskray,11,0,46,Ночью 4 сентября в Усть-Илимске на улице Наймушина загорелась квартира на втором этаже многоквартирного дома. До приезда пожарных из задымлённого подъезда сами эвакуировались 8 человек. - Пожарные при
irk.kp.ru,2026-09-04 09:36,article,СК завел дело после гибели двух рабочих в карьере в Бодайбинском районе,https://dzen.ru/a/apqRhcSWjwEskmK7,194,0,31,Бодайбинский межрайонный следственный отдел СУ СК России по Иркутской области возбудил уголовное дело по факту гибели двух рабочих на предприятии в Бодайбинском районе. - Все произошло 1 сентября: авт
irk.kp.ru,2026-09-04 09:11,article,Мужчина затеял ремонт в квартире и случайно нашел тело убитой женщины,https://dzen.ru/a/apqL_6KBtmtj8-EP,1180,0,276,"Летом 2006 года хозяин квартиры пришел проверить жилье - и обнаружил тело квартиросъемщицы. Но самое страшное открылось позже, когда он взялся за ремонт. В коридоре стоял старый шкаф, заколоченный гво"
irk.kp.ru,2026-09-04 09:05,article,"Поднимаясь в горы, туристка не подозревала, что вот-вот исчезнет. Ее разыскивают пятый день, а мужа опросила полиция",https://dzen.ru/a/apqKc6KBtmtj89V-,813,2,54,"В Бурятии 5 день продолжаются поиски 58-летней туристки, которая пропала в горах Окинского района. Женщина потерялась 29 августа в районе горы Буту. Заявление о пропаже поступило от мужа пропавшей в Т"
irk.kp.ru,2026-09-04 08:55,article,"Стало известно, кто назначен новым главой Ленинского округа Иркутска",https://dzen.ru/a/apqICKKBtmtj879F,1056,1,57,Мэр Иркутска Руслан Болотов подписал приказ о назначении Инны Грошевой на должность заместителя мэра – председателя комитета по управлению Ленинским округом. Трудовой путь Инны Владимировны начался ещ
irk.kp.ru,2026-09-04 08:21,article,"«Сайн байна, багша!»: первый класс с изучением бурятского языка открылся в Иркутске",https://dzen.ru/a/apqAEqKBtmtj837m,33,0,117,В гимназии №1 открылся первый в Иркутске класс с изучением бурятского языка. Набор шёл с 1 апреля 2026 года. В итоге все места оказались заняты: 25 первоклашек — 13 девочек и 12 мальчиков — уже вовсю 
irk.kp.ru,2026-09-04 08:20,article,В Прибайкальском нацпарке закрыли ещё два маршрута из-за медведей,https://dzen.ru/a/apqAE6KBtmtj837r,209,0,40,С 4 сентября в Прибайкальском национальном парке приостановили выдачу разрешений на посещение Большой Байкальской тропы и маршрута «Бакланий камень — Бугульдейка». Решение приняли на оперативном штабе
irk.kp.ru,2026-09-04 07:57,article,Более 360 пассажиров высадили из поездов в Прибайкалье за лето,https://dzen.ru/a/app6haKBtmtj80_z,33,0,39,За три летних месяца транспортная полиция Прибайкалья сняла с поездов 361 пассажира. Все они не доехали до нужной станции из-за нарушений порядка в вагонах. Всего на хулиганов и дебоширов составили бо
irk.kp.ru,2026-09-04 07:25,article,В Черемхово завели дело на водителя с поддельными правами,https://dzen.ru/a/appzaaKBtmtj8x1Z,244,0,39,"В Черемховском районе сотрудники ГИБДД остановили на трассе «Черемхово – Свирск» автомобиль Suzuki Wagon. За рулём сидел 37-летний житель Свирска. Документы, которые он предъявил, показались полицейск"
irk.kp.ru,2026-09-04 07:03,article,Пройти диспансеризацию и сохранить здоровье – поможет страховая компания,https://dzen.ru/a/appsXGegBULSSURM,9,0,223,"Диспансеризация по полису обязательного медицинского страхования (ОМС) – это бесплатная возможность для граждан проверить свое здоровье, выявить скрытые угрозы и начать лечение до развития серьезных о"
irk.kp.ru,2026-09-04 06:54,article,Жительницу Зиминского района осудили на полтора года за невыплату долга,https://dzen.ru/a/apprlMSWjwEskTkt,25,0,39,В Зиминском районе 50 тысяч рублей долга обернулись для местной жительницы полутора годами колонии. Девушку осудили за кражу телефона и перевод денег с него на свой счёт — суд обязал её возместить пот
irk.kp.ru,2026-09-04 06:18,article,Два медведя вышли к людям в Братске за сутки,https://dzen.ru/a/appjeMSWjwEskPv4,229,0,37,"В Братске за 3 сентября 2026 года охотоведы убрали двух медведей. Одного - на Моргудоне, второго - возле Братской ГЭС, рядом с гаражным кооперативом «Динамо». Об этом сообщает ИА «Виаком». - Ситуация "
irk.kp.ru,2026-09-04 06:17,article,В Боханском районе суд лишил отца выплат за погибшего бойца СВО,https://dzen.ru/a/appit6KBtmtj8pff,41,0,32,"Боханский районный суд с участием прокуратуры рассмотрел иск матери погибшего участника специальной военной операции. Женщина требовала лишить бывшего мужа права на выплаты, положенные семье военнослу"
irk.kp.ru,2026-09-04 06:15,article,"Узнали, насколько вырастут тарифы ЖКХ в Иркутской области с 1 октября 2026",https://dzen.ru/a/appi36KBtmtj8plm,455,1,270,"Электричество, отопление, горячая и холодная вода в квартире – это то, без чего многие уже не представляют своей жизни. В этом году привычного июльского повышения цен на ЖКУ не было, суммы в «платежка"
irk.kp.ru,2026-09-04 05:59,article,Обвиняемая в убийстве дочери жительница Забайкалья родила ребёнка,https://dzen.ru/a/appe1sSWjwEskNZS,409,2,69,"28-летняя жительница города Балей Забайкальского края, обвиняемая в жестоком убийстве годовалой дочери, была беременна на момент ареста. Об этом сообщает КП-Иркутск со ссылкой на издание «Чита. Редакц"
irk.kp.ru,2026-09-04 05:58,article,В Иркутской области снижается активность клещей,https://dzen.ru/a/appe1sSWjwEskNZT,15,0,46,"В Иркутской области отмечают снижение активности клещей. За неделю с 27 августа по 3 сентября 2026 за помощью к медикам обратились 153 человека. Всего с начала сезона зарегистрировали 21 220 укусов, ч"
irk.kp.ru,2026-09-04 05:43,article,"Эксперт объяснил, как помочь ребенку пережить смену школы без стресса",https://dzen.ru/a/appa88SWjwEskLa3,99,0,54,"Переход в новую школу или класс - это всегда испытание. Незнакомая обстановка, чужие лица и страх, что не примут, могут настолько повысить тревожность, что учеба отойдет на второй план. Директор домаш"
irk.kp.ru,2026-09-04 05:37,article,"«Кормила уксусом, мечтая о её смерти»: просьба матери, которая два дня зверски пытала годовалую дочь, шокировала суд",https://dzen.ru/a/appZU8SWjwEskKwZ,809,9,227,"В маленьком городе Балей, что в Забайкальском крае, мать-зверь замучила собственного ребёнка с изощрённой жестокостью. Из этого ада девочка не вышла живой, а подробности случившегося до сих пор не даю"
irk.kp.ru,2026-09-04 05:28,article,Насмерть придавило зерном: мужчина погиб при странных обстоятельствах на ферме,https://dzen.ru/a/appXrcSWjwEskJ2l,14,0,40,В городе Аткарске Саратовской области завели уголовное дело после гибели рабочего. Трагедия произошла 3 сентября на территории крестьянско-фермерского хозяйства. Об этом сообщает телеканал «Саратов 24
irk.kp.ru,2026-09-04 05:08,article,"Суд в Иркутске вынес приговор за контрабанду драгоценностей на 6,3 млн рублей",https://dzen.ru/a/appS8cSWjwEskHrb,22,0,35,"Октябрьский районный суд Иркутска вынес приговор иностранке. Как сообщили КП-Иркутск в Восточно-Сибирской транспортной прокуратуре, в январе 2026 года женщина проходила таможенный контроль в иркутском"
irk.kp.ru,2026-09-04 04:43,article,В Иркутской области выстроили систему трудовой реабилитации участников СВО,https://dzen.ru/a/appNX8SWjwEskFEu,19,0,63,"В Иркутской области работает система трудовой реабилитации участников специальной военной операции. Для вернувшихся бойцов сформирован банк вакансий, работает Кадровый центр, где каждому обратившемуся"
irk.kp.ru,2026-09-04 04:13,article,"В Иркутске почтили память 46 медиков, погибших от COVID-19",https://dzen.ru/a/appGIqKBtmtj8bwt,254,0,54,"В Иркутске прошла церемония в память о медицинских работниках, которые погибли при исполнении обязанностей во время пандемии коронавируса. Мероприятие состоялось 4 сентября в сквере Героев-медиков на "
irk.kp.ru,2026-09-04 03:44,article,В Тайшете ветеринары спасли корову после укуса гадюки,https://dzen.ru/a/apo_H8SWjwEsj-NO,161,0,50,"В Тайшетскую ветклинику поступил срочный вызов. Хозяин рассказал, что его корову на пастбище укусила змея - прямо в вымя! Когда ветеринары приехали, животному было совсем плохо: вымя сильно отекло, на"
irk.kp.ru,2026-09-04 03:22,article,В десяти школах Иркутской области начнут ставить оценки за поведение,https://dzen.ru/a/apo6YqKBtmtj8WHe,70,0,51,С 1 сентября 2026 года в школах России стартует эксперимент по выставлению оценок за поведение. В Иркутской области в нем участвуют десять учебных заведений. Среди них - гимназия-интернат в Усть-Ордын
irk.kp.ru,2026-09-04 03:04,article,"""Резко пропал слух"". Женщина приняла симптомы за обычную простуду, но правда оказалась куда страшнее",https://dzen.ru/a/apo1rMSWjwEsj58v,163,0,89,"Сибирячка подхватила обычную, как ей казалось, простуду. Но болезнь дала странное осложнение - резко пропал слух. Сначала на это не обратили особого внимания. Потом начались головные боли, стала подво"
irk.kp.ru,2026-09-04 02:24,article,22 рабочих места для людей с инвалидностью создали в Иркутской области,https://dzen.ru/a/aposOsSWjwEsj1xp,251,0,53,В Иркутской области 20 работодателей обустроили 22 специальных рабочих места для сотрудников с инвалидностью. На это компании получили субсидии до 200 тысяч рублей. Среди трудоустроенных - два участни
irk.kp.ru,2026-09-04 02:02,article,Медведь пришел на территорию детского сада в Забайкалье,https://dzen.ru/a/aponucSWjwEsjz1r,42,0,41,Днем 2 сентября в селе Большая Речка Красночикойского округа медведь забрел прямо на территорию детского сада! Об этом сообщает «АиФ-Забайкалье» со ссылкой на главу поселения. - Рядом с детсадом наход
irk.kp.ru,2026-09-04 01:44,article,Спрос на руководителей с навыками продаж в Иркутской области вырос на 51%,https://dzen.ru/a/apoitsSWjwEsjxrg,279,1,58,"Работодатели Иркутской области стали заметно чаще искать управленцев, которые умеют развивать продажи. По данным hh.ru, за пять лет спрос на такие компетенции вырос на 51%. Сейчас «управление продажам"
irk.kp.ru,2026-09-04 00:53,article,Главный режиссер Иркутского драмтеатра покинул свой пост после восьми лет работы,https://dzen.ru/a/apoW56KBtmtj8Geb,71,0,55,"Иркутский академический драматический театр имени Н.П. Охлопкова начинает новый сезон без главного режиссера. Станислав Мальцев, руководивший коллективом ровно восемь лет, попрощался с труппой на трад"
irk.kp.ru,2026-09-04 00:26,article,Мошенники рассылают опасные «видео» от имени соседей в Иркутске,https://dzen.ru/a/apoQkMSWjwEsjpkf,316,0,49,"В Иркутске мошенники придумали новую схему обмана. Они пишут в мессенджерах от лица соседей и сообщают, что у двери ходит подозрительный человек. Для правдоподобности называют номер квартиры и прикреп"
irk.kp.ru,2026-09-04 00:02,article,"Биолог рассказала, какой овощ выводит токсины из организма",https://dzen.ru/a/apoLGaKBtmtj8BQP,5,0,54,"Самый мощный детокс-эффект дает свекольный сок, но пить его нужно с умом. Биолог Ирина Лялина в беседе с NEWS.ru объяснила, почему этот корнеплод полезен и чем может навредить при неправильном употреб"
irk.kp.ru,2026-09-03 23:32,article,В Иркутске сносят 25 самовольных гаражей на Баумана,https://dzen.ru/a/apoEBcSWjwEsjj_V,153,0,44,"В Иркутске продолжают принудительно сносить 25 гаражей возле домов № 160 и 161 по улице Баумана. Как сообщили КП-Иркутск в городской администрации, суд признал постройки самовольными и приказал их раз"
irk.kp.ru,2026-09-03 23:05,article,В Иркутске днем 4 сентября потеплеет до +16 градусов,https://dzen.ru/a/apn9zsSWjwEsjhBT,15,0,44,"В Иркутске днем 4 сентября 2026 потеплеет до +14…+16 градусов, дождя не ожидается. Как сообщили КП-Иркутск в Иркутском Гидрометцентре, будет дуть ветер со скоростью 3-8 метра в секунду. После захода с"
irk.kp.ru,2026-09-03 22:00,article,Что произошло в Иркутске в ночь на 4 сентября 2026: последние новости,https://dzen.ru/a/apnuu6KBtmtj7zsS,702,2,39,В Братске ввели режим повышенной готовности из-за медведей Режим повышенной готовности позволит усилить меры безопасности. Председателей садоводств и гаражных кооперативов просят провести беседы с жит
irk.kp.ru,2026-09-03 14:46,article,"Психолог объяснила, почему осенью накатывает тоска",https://dzen.ru/a/apmIs6KBtmtj66Uq,14,0,46,"Осенняя хандра - это не выдумка и не лень, а сезонное аффективное расстройство. Об этом в беседе с NEWS.ru рассказала клинический психолог Елена Куперштейн. По ее словам, состояние напрямую связано с "
irk.kp.ru,2026-09-03 14:23,article,"Рассказываем, чем опасен узелковый дерматит в Иркутском округе 2026",https://dzen.ru/a/apmDJaKBtmtj62rc,497,1,70,"Узелковый дерматит в Иркутском округе в сентябре 2026 года стал поводом для введения карантина. Как сообщили КП-Иркутск в местной администрации, очаг заболевания нашли в деревне Бутырки Оекского админ"
irk.kp.ru,2026-09-03 12:40,article,В Иркутске нужны волонтеры в Дни русской духовности и культуры,https://dzen.ru/a/aplrZ8SWjwEsiOPY,47,0,46,"В Иркутске объявлен срочный дополнительный набор волонтёров — они помогут во время пребывания в городе мощей святителя Спиридона Тримифунтского и святителя Иннокентия Иркутского. Дежурства пройдут 5, "
irk.kp.ru,2026-09-03 12:37,article,"Прогулка, которая не входила в программу: капитана лодки осудили за гибель пяти туристов на Байкале",https://dzen.ru/a/aplqncSWjwEsiNvD,72,0,92,"Группа туристов из Москвы и Подмосковья завершала путешествие по Байкалу. Катание на катере не входило в обязательную программу тура, но должно было стать красивым финалом. Вместо этого - ледяная вода"
irk.kp.ru,2026-09-03 12:07,article,"«Один прыжок – и он уже рядом…»: турист рассказал, как смог отбиться от медведя на берегу Байкала",https://dzen.ru/a/apljbqKBtmtj6i52,261,2,123,"«У меня сегодня второй день рождения», - говорит 65-летний байкер из Красноярска Сергей Сорокин. Еще утром 3 сентября он собирался спокойно погулять по берегу Байкала и любоваться местными красотами. "
irk.kp.ru,2026-09-03 10:51,article,В Иркутском округе ввели карантин из-за опасного вируса у коров,https://dzen.ru/a/aplR28SWjwEsh-g5,1239,0,56,В Иркутском муниципальном округе объявили режим повышенной готовности из-за вспышки узелкового дерматита у крупного рогатого скота. Очаг обнаружили в деревне Бутырки Оекского административного округа.
irk.kp.ru,2026-09-03 10:29,article,"«Мама, почему мне не пришили пальчик?»: 6-летнему ребенку оторвало фалангу во время игры в прятки",https://dzen.ru/a/aplM7cSWjwEsh794,1042,2,223,"- Мама, скорее вызывай скорую! Кирилл истекает кровью, ему оторвало палец! – в ужасе позвонила 9-летняя дочь матери. Кирилл - ее 6-летний брат. В тот день, 12 августа, они играли с соседскими ребятами"
irk.kp.ru,2026-09-03 10:23,article,В Черемхово угледобывающую компанию оштрафовали за отвалы за пределами участка,https://dzen.ru/a/aplLUsSWjwEsh7JN,46,0,45,"Прокуратура Черемхово проверила, как горнодобывающая организация соблюдает закон о недропользовании. Выяснилось, что компания, которая добывает уголь, размещала отвалы вскрышных пород за пределами сво"
irk.kp.ru,2026-09-03 09:46,article,В Братске ввели режим повышенной готовности из-за медведей,https://dzen.ru/a/aplCrsSWjwEsh12C,769,1,43,"С 3 сентября с 17:00 в Братске вводится режим повышенной готовности для всех городских служб. Причина - медведи, которые все чаще выходят к окраинам города и дачным кооперативам. Об этом сообщил мэр А"
irk.kp.ru,2026-09-03 09:20,article,Семья из шести человек едва не сгорела в собственном доме. Спасло их настоящее чудо,https://dzen.ru/a/apk8LMSWjwEshx8L,5,0,46,"Ночью 2 сентября семья из Култука едва не сгорела заживо в собственном доме. В переулке Оборонном вспыхнул пожар. Когда люди проснулись, веранда уже полыхала, и путь через дверь был отрезан. Оставалос"
irk.kp.ru,2026-09-03 08:53,article,В Иркутской области усилят борьбу с дикорастущей коноплей,https://dzen.ru/a/apk2dKKBtmtj6H0Y,89,2,69,"В Иркутской области усилят работу по уничтожению дикорастущей конопли. Поводом стали контрольные выезды, которые показали: заросли опасных растений до сих пор остаются в Иркутском, Усть-Удинском, Зала"
irk.kp.ru,2026-09-03 08:18,article,В Иркутской области обсудили подготовку к 90-летию региона и 300-летию Епархии,https://dzen.ru/a/apkt0aKBtmtj6CXy,23,0,69,"В правительстве Иркутской области обсудили, как регион встретит 2027 год. Он будет богат на юбилеи. Главные даты - 90 лет Иркутской области и 300 лет Иркутской Епархии. Губернатор Игорь Кобзев отметил"
irk.kp.ru,2026-09-03 08:11,article,В Иркутске благоустраивают общественные пространства,https://dzen.ru/a/apksLsSWjwEshnzf,49,0,64,В Иркутске идет благоустройство сквера около Культурного центра Александра Вампилова. Финансирование - 15 млн рублей - выделено по программе «Формирование комфортной городской среды» нацпроекта «Инфра
irk.kp.ru,2026-09-03 07:53,article,"Школьница раскачивалась на качелях, как вдруг случилось страшное: они рухнули и едва не погубили ее",https://dzen.ru/a/apkoTsSWjwEshlR5,22,0,57,"Ленинский районный суд Иркутска вынес приговор мужчине, который отвечал за содержание двора на улице Полярной, но не убрал опасные качели. Конструкция не была закреплена к земле и в итоге упала на 13-"
irk.kp.ru,2026-09-03 07:52,article,Кондитеру из Иркутска выплатили 85 тысяч после незаконного увольнения,https://dzen.ru/a/apkoSKKBtmtj5-6K,76,0,35,"Жительница Иркутска добилась выплаты заработанных денег после того, как работодатель незаконно уволил её из кондитерского цеха. Женщина не согласилась с решением и обратилась в суд, который встал на е"
irk.kp.ru,2026-09-03 07:50,article,"Тело нашли в 800 метрах от места ДТП: что известно о старшеклассницах, погибших при падении машины с моста в реку",https://dzen.ru/a/apkngsSWjwEshkyo,13,0,137,"В маленьком посёлке Чара в Каларском округе Забайкалья эти дни проходят в тишине. В ночь на 26 августа здесь произошла страшная трагедия: в ДТП погибли две школьницы, ещё трое парней спаслись чудом. И"
irk.kp.ru,2026-09-03 07:28,article,В Иркутске хирурги удалили девочке желчный пузырь с камнями с помощью робота,https://dzen.ru/a/apkiAsSWjwEshhLe,247,0,53,"В Иркутской областной детской клинической больнице провели роботизированную операцию 11-летней пациентке. Как сообщил главврач Юрий Козлов, школьнице удалили желчный пузырь, в котором было несколько к"
irk.kp.ru,2026-09-03 07:21,article,Жителя Иркутской области судят за поддельные права на управление лодкой,https://dzen.ru/a/apkgYqKBtmtj552x,11,0,30,"Байкало-Ангарская транспортная прокуратура утвердила обвинительное заключение против 53-летнего местного жителя. Его обвиняют в использовании поддельного удостоверения, дающего право управлять маломер"
irk.kp.ru,2026-09-03 06:57,article,Ветеринары не нашли болезней у погибших пчел в Иркутской области,https://dzen.ru/a/apkamaKBtmtj52PN,257,1,45,"Ветеринары не нашли у погибших пчел из поселка Харик Куйтунского района никаких заболеваний. Служба ветеринарии проверила насекомых на акарапидоз, браулез, варроатоз, нозематоз и амебиаз. Все результа"
irk.kp.ru,2026-09-03 06:50,article,Трёх жителей Иркутска судят за браконьерство на Ангаре на 545 тысяч рублей,https://dzen.ru/a/apkZCsSWjwEshbhd,34,0,33,"Байкало-Ангарская транспортная прокуратура утвердила обвинительное заключение в отношении трёх жителей Иркутска. Их обвиняют за незаконную добычу водных биоресурсов, совершённую группой лиц. - В мае э"
irk.kp.ru,2026-09-03 06:34,article,Тыква из Иркутской области весом 800 кг участвует в конкурсе «Битва гигантов»,https://dzen.ru/a/apkV48SWjwEshZx5,435,0,43,12-летний Еремей Павленко из села Савватеевка Ангарского района вырастил тыкву весом больше 800 килограммов! Гигантский овощ отправили в Москву на Национальный чемпионат урожая «Битва гигантов». Финал
irk.kp.ru,2026-09-03 06:31,article,Мужчина выжил после нападения медведя вблизи Байкала в Бурятии,https://dzen.ru/a/apkUT6KBtmtj5yuG,166,0,59,"Сегодня, 3 сентября, утром в Северо-Байкальском районе Бурятии произошло нападение медведя на 65-летнего мужчину. Инцидент случился в местности Хакусы. - Хищник нанёс мужчине травмы ног, однако постра"
irk.kp.ru,2026-09-03 05:55,article,В Заксобрании Иркутской области обсудили развитие туризма,https://dzen.ru/a/apkMhaKBtmtj5t3I,725,2,98,"В Законодательном Собрании Иркутской области прошло заседания Общественного совета при ЗС, посвященное повышению конкурентоспособности туристских услуг в Приангарье. Как отметил спикер регионального п"
irk.kp.ru,2026-09-03 05:48,article,Житель Иркутска получил 3 года колонии за мошенничество на 4 млн рублей,https://dzen.ru/a/apkK5qKBtmtj5s4k,32,0,46,"Октябрьский районный суд Иркутска вынес приговор 32-летнему местному жителю, работавшему специалистом по закупкам в коммерческом отделе одного из предприятий. Мужчину признали виновным в мошенничестве"
irk.kp.ru,2026-09-03 05:04,article,Иркутского предпринимателя оштрафовали за продажу контрафакта на 120 тысяч,https://dzen.ru/a/apkAeKKBtmtj5nMX,137,1,37,"Байкало-Ангарская транспортная прокуратура проверила, как в Иркутске соблюдают закон о противодействии контрафакту. - В одном из магазинов нашли товары с незаконно нанесёнными товарными знаками извест"
irk.kp.ru,2026-09-03 04:36,article,"В Иркутской области объяснили, как поставить домашнюю птицу на учёт по новым правилам",https://dzen.ru/a/apj6RsSWjwEshJ8S,971,29,48,"Ветеринарная служба Приангарья и Россельхознадзор разъяснили порядок учёта домашней птицы в личных подсобных хозяйствах. С 1 сентября 2026 года владельцы, у которых больше 10 голов птицы, обязаны заре"
irk.kp.ru,2026-09-03 04:23,article,Больше 10 кур? Придётся зарегистрировать: новые правила учёта домашней птицы вступили в силу в Иркутской области,https://dzen.ru/a/apj27sSWjwEshISm,18836,241,215,"С 1 сентября 2026 года вступили в силу новые правила учёта домашней птицы в Иркутске 2026. Маркировка в личных подсобных хозяйствах обязательна. Если у вас во дворе больше 10 кур, уток, гусей или пере"
irk.kp.ru,2026-09-03 03:56,article,Заморозки до -3 градусов придут в Иркутскую область,https://dzen.ru/a/apjwkKKBtmtj5etY,94,0,59,"3 сентября днём сильные и очень сильные дожди ожидаются в западных, центральных, южных и верхнеленских районах, 4 сентября — в северо восточных. В горах возможен мокрый снег. Порывы северо западного в"
irk.kp.ru,2026-09-03 03:49,article,Жители Иркутска могут побороться за Национальную премию «Патриот»,https://dzen.ru/a/apju7sSWjwEshD50,0,0,64,"У иркутских активистов, команд и организаций появился шанс громко заявить о себе на всероссийском уровне: открыт приём заявок на Национальную премию «Патриот». Премия пройдёт в ноябре в рамках Всеросс"
irk.kp.ru,2026-09-03 03:41,article,"«Думала, что буду доставлять документы»: девушка согласилась на подработку и вскоре сильно пожалела",https://dzen.ru/a/apjtTaKBtmtj5c9U,257,0,69,"В Иркутске под стражу заключили 24 летнюю девушку, которую подозревают в пособничестве мошенникам. По данным пресс-службы ГУ МВД России по Иркутской области, она прилетела из другого региона, чтобы за"
irk.kp.ru,2026-09-03 03:27,article,В каких автобусах в Иркутске можно платить картой «Тройка»: названы номера маршрутов,https://dzen.ru/a/apjphaKBtmtj5a7t,99,0,55,С 3 сентября в Иркутске стартует необычный эксперимент: пассажиры автобусов смогут оплачивать проезд московской картой «Тройка». Нововведение запустили в компании «БайкалАвтоТранс» — и Иркутск стал пе
irk.kp.ru,2026-09-03 03:04,article,Житель Иркутска осуждён за ложное сообщение о минировании,https://dzen.ru/a/apjko8SWjwEsg-gX,13,0,57,"Ленинский районный суд Иркутска вынес приговор местному жителю, признанному виновным в преступлении за заведомо ложное сообщение об акте терроризма. - В сентябре 2025 года подсудимый, будучи в состоян"
irk.kp.ru,2026-09-03 02:48,article,"Психолог объяснила, как справиться с осенней хандрой",https://dzen.ru/a/apjguqKBtmtj5V4L,8,0,39,"С наступлением осени многие ощущают упадок сил, тоску и апатию. Психолог Екатерина Каталина объяснила, что это нормальная реакция организма на смену сезонов. - Переход от лета к осени сопровождается г"
irk.kp.ru,2026-09-03 02:09,article,3 сентября в Иркутске ожидается сильный дождь и +13 градусов тепла,https://dzen.ru/a/apjXVKKBtmtj5RWL,32,0,34,"В среду, 3 сентября, в Иркутской области ожидается переменная облачность и кратковременные дожди. Местами — особенно в Нижнеудинском, Тулунском, центральных, южных и верхнеленских районах — осадки буд"
irk.kp.ru,2026-09-03 02:00,article,В Иркутской области создали штаб по защите людей от нашествия медведей,https://dzen.ru/a/apjU3MSWjwEsg17m,185,0,61,"В Иркутской области участились выходы медведей к людям — хищников замечают в Братском, Слюдянском, Усть-Илимском районах и даже в черте городов. Губернатор поручил создать специальную рабочую группу п"
irk.kp.ru,2026-09-02 22:00,article,Что произошло в Иркутске и Иркутской области в ночь на 3 сентября: последние новости,https://dzen.ru/a/apicgaKBtmtj4xYW,182,0,105,"В Иркутске пассажир заявил о бомбе в багаже из-за опоздания на рейс В Иркутске осудят 47-летнего мужчину, который в июле опоздал на рейс в Домодедово и сгоряча заявил сотрудникам аэропорта, что в его "
irk.kp.ru,2026-09-02 14:47,article,В Иркутской области ввели штрафы за выезд на лёд вне переправ,https://dzen.ru/a/apg3ccSWjwEsffRR,1037,1,48,"В Иркутской области принят закон, устанавливающий административную ответственность за выезд на лёд транспортных средств вне специально оборудованных переправ. Поводом для ужесточения правил стали траг"
irk.kp.ru,2026-09-02 14:13,article,В пригороде Улан-Удэ полицейские застрелили агрессивного медведя,https://dzen.ru/a/apgxpMSWjwEsfakX,340,0,32,"Минувшей ночью, около часа ночи, в дежурную часть полиции Улан-Удэ поступил тревожный звонок от сотрудника базы отдыха в микрорайоне Верхняя Берёзовка. Мужчина сообщил, что из леса к жилым корпусам вы"
irk.kp.ru,2026-09-02 13:41,article,В Братске водитель троллейбуса спасла пенсионерку от потери миллионов,https://dzen.ru/a/apgoPMSWjwEsfVrc,2684,0,45,1 сентября в Братске 70-летняя женщина возвращалась с рынка на троллейбусе №6. Сначала ей позвонила «сотрудница соцзащиты» и убедила назвать код из СМС для перерасчёта пенсии. Следом начали звонить «п
irk.kp.ru,2026-09-02 12:40,article,На Байкале пресекли нелегальные пассажирские перевозки по воде,https://dzen.ru/a/apgZp8pJF0LmJQ4H,11,0,27,"Байкальская транспортная прокуратура проверила, как судоводители соблюдают безопасность пассажиров на воде. - Выяснилось, что в июле в Северобайкальском районе Бурятии местный судоводитель перевозил л"
irk.kp.ru,2026-09-02 12:04,article,За август в Иркутской области в пожарах погибли три человека,https://dzen.ru/a/apgRsMpJF0LmJL64,2,0,49,"В августе в Иркутской области произошло 273 пожара. В пожарах погибли три человека, ещё трое получили травмы. Пожарным удалось спасти 41 человека, а из опасных зон эвакуировали 393 местных жителей. - "
irk.kp.ru,2026-09-02 11:33,article,Жителя Иркутской области осудили за причинение смерти по неосторожности,https://dzen.ru/a/apgKc1E6NU7Dd6Qf,54,0,47,"Эхирит-Булагатский районный суд вынес приговор 66-летнему жителю села Олой. Мужчина признан виновным в смерти знакомого, которую причинил по неосторожности, а также в умышленном нанесении лёгких телес"
irk.kp.ru,2026-09-02 10:59,article,Прокуратура Иркутской области проверит оказание помощи ребёнку с травмой,https://dzen.ru/a/apgCj1E6NU7Dd1S-,37,0,32,"Прокуратура Иркутской области организовала проверку по обращению жительницы Нижнеилимского района. - Женщина сообщила, что её 6-летний сын в Железногорске-Илимском получил травму пальца, однако необхо"
irk.kp.ru,2026-09-02 10:11,article,Врачи провели выездную диспансеризацию в посёлке Большие Коты,https://dzen.ru/a/apf3TMpJF0LmI6x1,21,0,55,"В Иркутской районной больнице прошла выездная диспансеризация жителей посёлка Большие Коты. Медицинская помощь была организована с учётом труднодоступности населённого пункта, расположенного на побере"
irk.kp.ru,2026-09-02 09:43,article,В Иркутской области выявили 250 нарушений миграционного законодательства,https://dzen.ru/a/apfwJ8pJF0LmI13D,25,0,40,В Иркутской области прошли рейдовые мероприятия по контролю за соблюдением миграционного законодательства. Полицейские проверили места возможного пребывания и работы иностранцев — объекты сельского хо
irk.kp.ru,2026-09-02 09:13,article,Осенью во всех лесничествах Иркутской области пройдут субботники,https://dzen.ru/a/apfptspJF0LmIxcr,14,0,50,В Иркутской области стартуют осенние экологические субботники. Они пройдут во всех 37 лесничествах региона. Организатором выступает министерство лесного комплекса. Основная цель — очистка лесов от мус
irk.kp.ru,2026-09-02 09:03,article,"Водитель троллейбуса сохранила пассажирке миллионы рублей, услышав всего одну фразу из ее телефонного разговора",https://dzen.ru/a/apfnQVE6NU7Ddjbs,4613,1,219,"Днем 1 сентября 70-летняя Нелли Николаевна из Братска отправилась на рынок. Купила соленья и с полной авоськой уже подходила к троллейбусной остановке, как вдруг зазвонил телефон. - Я из соцзащиты, - "
irk.kp.ru,2026-09-02 08:37,article,"Стало известно, кто возглавит Межмуниципальное управление МВД России «Иркутское»",https://dzen.ru/a/apfg58pJF0LmIrwb,251,0,69,"В Иркутске назначен новый руководитель Межмуниципального управления МВД России «Иркутское». Им стал полковник полиции Роман Цуркан, который с марта 2026 года исполнял обязанности начальника. Официальн"
irk.kp.ru,2026-09-02 08:29,article,В аэропорту Иркутска пассажир заявил о бомбе в багаже из-за опоздания на рейс,https://dzen.ru/a/apffW1E6NU7DdeZx,65,0,41,"В Иркутске перед судом предстанет 47-летний житель Московской области, который заявил о бомбе в своём багаже, опоздав на посадку. Инцидент произошёл в июле в аэропорту Иркутска. Работник аэропорта соо"
irk.kp.ru,2026-09-02 08:14,article,На пересечении Ленина и Карла Маркса в Иркутске уложили новый асфальт,https://dzen.ru/a/apfbT1E6NU7DdbpO,17,0,26,"В Иркутске завершился очередной этап ремонта на пересечении улиц Ленина и Карла Маркса. Здесь уложили свежий асфальт. - Работы организовали в ночное время, когда трамваи не ходят. Перед этим на участк"
irk.kp.ru,2026-09-02 07:49,article,Житель Иркутской области осуждён на 5 лет за оправдание терроризма,https://dzen.ru/a/apfV1VE6NU7DdYBj,32,0,33,"В Иркутской области суд вынес приговор местному жителю, который публично оправдывал терроризм в интернете. - Мужчина оставил в сети комментарий, в котором одобрял действия террориста, совершившего пре"
irk.kp.ru,2026-09-02 07:42,article,В Забайкалье движение поездов приостановлено из-за обвала скалы,https://dzen.ru/a/apfUOFE6NU7DdW5i,30,0,63,"Утром 2 сентября в 11:18 на перегоне Кручина – Новая Забайкальской железной дороги произошёл обвал скальной породы. Камни рухнули прямо на пути, в результате чего движение поездов на этом участке было"
irk.kp.ru,2026-09-02 07:17,article,Жительница Ангарска получила условный срок за кражу денег с чужой карты,https://dzen.ru/a/apfN9VE6NU7DdSwD,71,0,43,"Ангарский городской суд вынес приговор 51-летней местной жительнице, которая обвинялась в краже денег с банковской карты. - В июне 2026 года женщина ехала в такси и обнаружила на заднем сиденье чужой "
irk.kp.ru,2026-09-02 06:50,article,В Иркутской области сняты карантинные ограничения по опасной болезни КРС,https://dzen.ru/a/apfHdcpJF0LmIbMu,31,0,55,"В Иркутской области отменили карантинные ограничения, введённые из-за вспышки опасного заболевания крупного рогатого скота — пастереллеза. Регион снова получил статус благополучного по этой инфекции. "
irk.kp.ru,2026-09-02 06:16,article,Управляющую компанию в Нижнеудинске обязали пересчитать плату за жильё,https://dzen.ru/a/ape_ocpJF0LmIXGf,275,1,35,"Нижнеудинская межрайонная прокуратура провела проверку начислений за содержание жилья. - Выяснилось, что с января 2026 года управляющая компания без согласия собственников включила в платёжки 5% НДС с"
irk.kp.ru,2026-09-02 05:34,article,В Иркутской области победители школьной олимпиады получат премии до 40 тысяч,https://dzen.ru/a/ape2I1E6NU7DdFN6,70,0,64,"В Иркутской области назвали имена школьников, которые в 2026 году получат премии губернатора за успехи на Всероссийской олимпиаде. Как сообщили КП-Иркутск в региональном правительстве, всего поощрят 6"
irk.kp.ru,2026-09-02 05:06,article,В Иркутской области директор стройфирмы выплатил миллионный долг за коммуналку,https://dzen.ru/a/apevwspJF0LmIOE7,29,0,43,"Руководитель строительной организации в Иркутской области задолжал больше миллиона рублей. Как сообщили КП-Иркутск в ГУФССП региона, суд обязал фирму выплатить деньги за тепло, электроэнергию и горячу"
irk.kp.ru,2026-09-02 04:43,article,В Иркутской области продавцов алкоголя оштрафовали на 470 тысяч за август,https://dzen.ru/a/apeqPMpJF0LmILEF,64,0,49,Служба потребительского рынка Иркутской области подвела итоги проверок за август 2026. За месяц специалисты выявили шесть нарушений в сфере продажи алкоголя. Среди них - несоблюдение лицензионных треб
irk.kp.ru,2026-09-02 04:23,article,Полиция установила участников подростковой драки в Братске,https://dzen.ru/a/apelbcpJF0LmIIuu,76,0,52,"Прокуратура Братска подключилась к проверке конфликта между подростками 14 и 15 лет. Напомним, случилось все 31 августа на пустыре на Бульваре Победы. Видео, на котором двое парней наносят друг другу "
irk.kp.ru,2026-09-02 03:33,article,В Братске начали проверку после видео с дракой подростков,https://dzen.ru/a/apeZnMpJF0LmICwt,69,0,44,"В Братске толпа из 50-60 подростков собралась в круг, пока двое парней дрались. Происходящее снимал кто-то из жильцов соседнего дома. Видео быстро разошлось по соцсетям. Ситуацию прокомментировала упо"
irk.kp.ru,2026-09-02 03:14,article,В Иркутской области сократилось число работников в строительстве,https://dzen.ru/a/apeVpcpJF0LmIA04,25,0,63,"В Иркутской области за первое полугодие 2026 года заметно уменьшилось число занятых в строительстве и недвижимости. По данным Иркутскстата, строительная отрасль потеряла 14,3% работников по сравнению "
irk.kp.ru,2026-09-02 03:10,article,На подошву мажу мёд — пусть жених меня найдёт: как я испытывала популярные обряды для привлечения мужа,https://dzen.ru/a/apeT8cpJF0LmIAFj,9,0,265,"— С ума сошла? — воскликнула бабушка, увидев, как я размазываю мёд ложкой по подошве туфель. — Это примета такая, чтобы мужа скорее найти! Народный обряд я подглядела в соцсетях. Прошлым летом все оди"
irk.kp.ru,2026-09-02 02:02,article,Иркутская область вернула благополучный статус по опасной болезни скота,https://dzen.ru/a/apeEClE6NU7DcsEl,16,0,41,Россельхознадзор признал Иркутскую область благополучной по пастереллезу крупного рогатого скота. Карантинные ограничения сняты. Об этом КП-Иркутск сообщили в региональном правительстве. Регион лишилс
irk.kp.ru,2026-09-02 01:39,article,Землетрясение произошло в Бурятии 2 сентября,https://dzen.ru/a/apd_AlE6NU7DcpiE,30,0,42,"Землетрясение в Бурятии 2 сентября 2026 года произошло в Северо-Байкальском районе. Как сообщает «Ариг Ус», подземный толчок произошел в 4:39 по местному времени. - Эпицентр находился в 60 километрах "
irk.kp.ru,2026-09-02 01:20,article,"«Товарищи, пробка здесь до следующего июля!»: водители застряли на улице Маяковского в Иркутске утром 2 сентября",https://dzen.ru/a/apd6YFE6NU7DcnQE,1304,1,33,"Наступил первый учебный день, а значит и пора пробок! В Иркутске утром 2 сентября скопились очереди на улице Маяковского. - Товарищи, эта пробка до следующего июля! Сил нам и терпения… - Верните обрат"
irk.kp.ru,2026-09-02 00:54,article,"Завершены поиски 11-классницы, пропавшей после страшного ДТП: машина с подростками слетела с моста в реку",https://dzen.ru/a/apd0u8pJF0LmHwtJ,6146,5,102,"Почти неделю близкие и добровольцы всматривались в мутную воду и перебирали коряги на реке Чара в Забайкалье. Семья 16-летней девушки жила в состоянии, которое сложно описать словами: с одной стороны,"
irk.kp.ru,2026-09-02 00:03,article,"Тренер рассказала, как заинтересовать ребенка спортом без давления",https://dzen.ru/a/apdoElE6NU7Dcd9E,8,0,48,"Заставлять из-под палки - худший способ привить любовь к движению. Тренер Ольга Яблокова в беседе с NEWS.ru рассказала, что спорт должен ассоциироваться у детей не с нормативами, а с игрой и радостью."
irk.kp.ru,2026-09-01 23:34,article,Московские ворота в Иркутске готовы на 99% после ремонта,https://dzen.ru/a/apdhy8pJF0LmHnJY,56,0,49,В Иркутске завершается ремонт Московских ворот - триумфальной арки на Нижней набережной. Готовность объекта составляет 99%. Комиссия администрации проверила качество покраски фасадов и соответствие пр
irk.kp.ru,2026-09-01 23:02,article,Дожди и заморозки придут в Иркутскую область 2 сентября,https://dzen.ru/a/apdZvFE6NU7DcWsC,95,0,42,"В Иркутске 2 сентября 2026 года резко похолодало. Как сообщили КП-Иркутск в Иркутском Гидрометцентре, воздух прогреется лишь до +15…+17 градусов. Будет дуть северо-западный ветер со скоростью до 6-11 "
irk.kp.ru,2026-09-01 22:00,article,Что произошло в Иркутске в ночь на 2 сентября 2026: последние новости,https://dzen.ru/a/apdLY1E6NU7DcO2z,12,0,48,В Иркутске можно бесплатно и анонимно провериться на ВИЧ и гепатиты 2 сентября тест-мобиль будет стоять на парковке Центрального рынка с 10:00 до 15:00. 4 сентября - на острове Конный с 14:00 до 19:30
irk.kp.ru,2026-09-01 14:44,article,Житель Забайкалья получил ожоги при ремонте бензонасоса в гараже,https://dzen.ru/a/apbls8pJF0LmGmVX,2,0,42,В поселке Чернышевск Забайкалья 31 августа мужчина решил отремонтировать бензонасос в своей машине прямо в гараже. При подключении аккумулятора вспыхнула искра - и автомобиль загорелся. Огонь быстро п
irk.kp.ru,2026-09-01 14:23,article,"Врач объяснил, откуда берутся отеки и мешки под глазами",https://dzen.ru/a/apbg2lE6NU7DbXVD,54,0,46,"Иногда утренние мешки под глазами - это сигнал, что лимфатическая система не справляется с выводом лишней жидкости. Врач Вячеслав Артищев в разговоре с NEWS.ru перечислил неожиданные факторы, которые "
irk.kp.ru,2026-09-01 13:57,article,"Педиатр из Читы рассказала, почему у подростков появляется перхоть",https://dzen.ru/a/apbailE6NU7DbTsn,16,0,49,"Чаще всего родители списывают перхоть на плохой шампунь, но причина может быть глубже. Педиатр Екатерина Иванова в разговоре с «МК в Чите» объяснила, что это не просто косметическая проблема, а повод "
irk.kp.ru,2026-09-01 13:42,article,"Звонок, перечеркнувший все: женщина лишилась 1,8 миллиона из-за ""замены счетчиков""",https://dzen.ru/a/apbWhcpJF0LmGdvr,58,0,51,"69-летняя жительница Пензы стала жертвой классической схемы обмана. Как сообщает сетевое издание «Столица 58» со ссылкой на МВД региона, все началось со звонка от «сотрудника управляющей компании», ко"
irk.kp.ru,2026-09-01 12:19,article,"«Кожа серая, губы синие». Смелая первоклассница спасла двухлетнего брата от жуткой смерти",https://dzen.ru/a/apbDnMpJF0LmGSzZ,1104,1,240,"У Даяны Раднаевой из Улан-Удэ большой праздник - она впервые переступила порог школы. Белые банты, букет цветов, линейка - как у всех. Только ее мама Эржена смотрит на дочь и видит не просто первоклас"
irk.kp.ru,2026-09-01 12:03,article,В Чите соседки потребовали 2 млн рублей за шум из квартиры сверху,https://dzen.ru/a/apa_rFE6NU7DbEZq,12,0,45,"Две жительницы Читы решили, что постоянный шум от соседки сверху стоит целый миллион рублей. С 2022 года они жаловались на топот, грохот и вибрацию, уверяя, что все это мешает спать, поднимает давлени"
irk.kp.ru,2026-09-01 11:36,article,Из дома ни ногой: комендантский час ввели в Слюдянском районе из-за медведей,https://dzen.ru/a/apa5R8pJF0LmGM1N,403,1,91,"Комендантский час из-за медведей в Слюдянском районе с 1 сентября 2026 – похоже на злую шутку, но, увы, это реальность. Сибиряки перепуганы. И дело даже не в том, что лучше не соваться в лес. Хищники "
irk.kp.ru,2026-09-01 11:16,article,"Бассейн, стадион, и девять корпусов: первый звонок прозвенел в иркутской школе №58 - самой большой за Уралом",https://dzen.ru/a/apa0iFE6NU7Da9zK,1952,2,254,"Школа № 58 имени 80-летия Великой Победы в Иркутске — исполин. Девять корпусов, 34 тысячи квадратных метров, бассейн, стадион, актовый зал на 550 мест, столовая на 720 человек. Построенная за 2,8 милл"
irk.kp.ru,2026-09-01 10:57,article,"Директор фирмы в Иркутске похитил 1,4 млн рублей на ремонте здания",https://dzen.ru/a/apawm8pJF0LmGHzE,70,0,46,"Восточно-Сибирская транспортная прокуратура направила в суд дело о крупном мошенничестве при строительных работах. Как сообщили КП-Иркутск в пресс-службе ведомства, директор коммерческой организации о"
irk.kp.ru,2026-09-01 10:30,article,В Иркутске можно бесплатно и анонимно провериться на ВИЧ и гепатиты,https://dzen.ru/a/apaqJPWX808cArKa,9,0,36,"В Иркутске продолжают работать мобильные пункты тестирования, где любой желающий может бесплатно и анонимно узнать свой ВИЧ-статус, а также провериться на вирусные гепатиты В и С и сифилис. Результат "
irk.kp.ru,2026-09-01 10:11,article,Многодетный отец из Эхирит-Булагатского района погиб в зоне СВО,https://dzen.ru/a/apalPvWX808cAoQT,600,0,39,Боец специальной военной операции Андрей Шептяков героически погиб во время выполнения поставленной задачи. Об этом сообщает мэр Эхирит-Булагатского района Геннадий Осодоев. Герой родился в поселке Св
irk.kp.ru,2026-09-01 09:46,article,В Иркутске отработали эвакуацию жителей на случай угрозы беспилотников,https://dzen.ru/a/apafwCWD6W9q5-Ri,113,1,61,В Иркутске на улице Багратиона прошли учения по эвакуации жителей при угрозе атаки беспилотников. Тренировка затронула пять многоквартирных домов. Об этом КП-Иркутск сообщили в городской администрации
irk.kp.ru,2026-09-01 09:29,article,"«Дернул за руку за секунду до удара»: соседка едва не убила школьницу, но друг спас ее в последний момент",https://dzen.ru/a/apacNfWX808cAjTw,231,1,242,"Обычный частный сектор в Советском районе Улан-Удэ: деревянные дома, высокие заборы, за каждой калиткой - своя жизнь. Соседи здесь давно знают друг друга, перебрасываются парой слов на улице, иногда з"
irk.kp.ru,2026-09-01 09:14,article,Иркутской школе № 30 присвоили имя погибшего героя СВО Ильи Легкодимова,https://dzen.ru/a/apaYBfWX808cAhEw,130,0,60,В День знаний иркутская школа № 30 отметила особое событие. За десять дней до 1 сентября ей присвоили имя героя специальной военной операции Ильи Легкодимова - выпускника и педагога этой школы. Уполно
irk.kp.ru,2026-09-01 08:46,article,Жителя Бурятии осудят за поджог полицейской машины,https://dzen.ru/a/apaRT_WX808cAdpG,9,0,46,В Кабанском районе Бурятии завершили расследование дела о поджоге служебного автомобиля. Перед судом предстанет ранее судимый местный житель. Об этом сообщает «Ариг Ус» со ссылкой на СУ СКР республики
irk.kp.ru,2026-09-01 08:10,article,В Иркутском суворовском училище заложили памятную аллею,https://dzen.ru/a/apaJS_WX808cAZOg,43,0,49,В Иркутском суворовском военном училище 1 сентября заложили новую традицию - памятную еловую аллею как символ преемственности поколений. Вместе с воспитанниками деревья посадил губернатор Игорь Кобзев
irk.kp.ru,2026-09-01 07:45,article,Второй серийный МС-21 передали на летные испытания в Иркутске,https://dzen.ru/a/apaDjPWX808cAWib,32,1,52,Иркутский авиационный завод продолжает наращивать темпы выпуска новых самолетов. Второй серийный МС-21-310 с заводским номером 0015 передан из цеха окончательной сборки в летно-испытательное подраздел
irk.kp.ru,2026-09-01 07:42,article,Рейс Москва — Чита перенаправили в Улан-Удэ из-за тумана,https://dzen.ru/a/apaC0SWD6W9q5vIS,7,0,29,"Утром 31 августа рейс, следовавший из Москвы в Читу, не смог приземлиться в пункте назначения из-за сильного тумана. Самолёт, который должен был прибыть в 07:40, ушёл на запасной аэродром и совершил п"
irk.kp.ru,2026-09-01 07:23,article,Студенты Иркутской области могут получить пособие по беременности,https://dzen.ru/a/apZ93yWD6W9q5sgD,164,0,52,"В Иркутской области уже год пособие по беременности и родам студентвм назначает и выплачивает Социальный фонд России. - Раньше за это отвечали образовательные организации, теперь порядок единый для вс"
irk.kp.ru,2026-09-01 07:07,article,"Один погиб, семеро пострадали: ЧП произошло на газовом месторождении в Иркутской области ночью 31 августа",https://dzen.ru/a/apZ6sSWD6W9q5q3D,58,0,71,"ЧП на газовом месторождении в Иркутской области 31 августа 2026 произошло ночью. Подробности рассказали в МЧС региона. Как сообщили КП-Иркутск, погиб один человек, семеро пострадали. Случилось все в К"
irk.kp.ru,2026-09-01 06:57,article,Аэропорт Усть-Кута возобновил работу после ремонта,https://dzen.ru/a/apZ4VCWD6W9q5pfH,43,0,69,"С 1 сентября аэропорт Усть-Кута снова принимает и отправляет самолёты — завершён первый этап ремонта взлётно-посадочной полосы. Губернатор Игорь Кобзев прибыл в город техническим рейсом, чтобы лично п"
irk.kp.ru,2026-09-01 06:31,article,В Ленинском районе Иркутска частично отключили свет,https://dzen.ru/a/apZx2yWD6W9q5mMA,2,0,31,"В Иркутске 1 сентября в Ленинском районе произошло частичное отключение электроэнергии. Информация поступила в 12:39 по местному времени. Без света остались жители улицы Олонской, а также дачных и сад"
irk.kp.ru,2026-09-01 05:56,article,В Иркутске пьяного водителя отправили в колонию и конфисковали машину,https://dzen.ru/a/apZp7fWX808cAJM7,40,0,48,"В Иркутске суд вынес приговор 45-летнему местному жителю, который повторно сел за руль в состоянии сильного опьянения. Инцидент произошёл 12 сентября прошлого года на улице Лермонтова. - Инспекторы ДП"
irk.kp.ru,2026-09-01 05:00,article,В Иркутске открылся новый травмпункт на улице Трилиссера,https://dzen.ru/a/apZcQfWX808cABpz,26,0,70,"В Иркутске по новому адресу — на улице Трилиссера, 60 — начал приём пациентов травматологический пункт городской клинической больницы №1. Ранее отделение работало на Байкальской, 118к3. Переезд в отде"
irk.kp.ru,2026-09-01 04:31,article,Жители Иркутска могут оплатить налоги онлайн через личный кабинет,https://dzen.ru/a/apZV8CWD6W9q5XxS,267,0,35,В Иркутске жители могут оплачивать налоги дистанционно — через личный кабинет налогоплательщика. Сервис позволяет управлять обязательствами перед бюджетом без личного визита в инспекцию. - Помимо этог
irk.kp.ru,2026-09-01 03:57,article,В иркутском зоосаде умерла верблюдица Земфира,https://dzen.ru/a/apZOCyWD6W9q5T0b,360,0,24,"В иркутском зоосаде умерла верблюдица Земфира. Животное погибло несколько дней назад. - Специалисты делали всё возможное, но болезнь оказалась слишком серьёзной, и спасти питомицу не удалось, - расска"
irk.kp.ru,2026-09-01 03:25,article,Прокуратура помогла предпринимателям вернуть места для торговли в Иркутске,https://dzen.ru/a/apZGLfWX808c_21F,3049,4,33,"Прокуратура Иркутской области провела проверку соблюдения прав предпринимателей в сфере торговли. Выяснилось, что некоторые места, предусмотренные схемой размещения нестационарных торговых объектов, ф"
irk.kp.ru,2026-09-01 02:53,article,Школьные линейки в Слюдянском районе проведут в помещениях из-за медведей,https://dzen.ru/a/apY-2yWD6W9q5L_D,2018,10,35,В Слюдянском районе из-за участившихся выходов медведей в город приняты экстренные меры безопасности. Комиссия по чрезвычайным ситуациям запретила проведение школьных линеек на открытом воздухе. - Все
irk.kp.ru,2026-09-01 02:25,article,Роспотребнадзор вновь проверил водоёмы Иркутской области,https://dzen.ru/a/apY4fvWX808c_v11,58,0,47,"Специалисты Роспотребнадзора провели новые исследования качества воды в водоёмах Иркутской области. В девяти местах, расположенных в черте населённых пунктов, выявлены нарушения микробиологических нор"
irk.kp.ru,2026-09-01 01:53,article,В Иркутске пройдёт бесплатное анонимное тестирование на ВИЧ и гепатиты,https://dzen.ru/a/apYwYvWX808c_rza,6,0,42,"В Иркутске с 1 по 7 сентября все желающие смогут бесплатно и анонимно проверить своё здоровье на ВИЧ-инфекцию, вирусные гепатиты В и С, а также сифилис. - Обследование проводится в мобильных пунктах, "
irk.kp.ru,2026-09-01 01:47,article,"«Отдыхал в заведении, а через месяц узнал о кредитах»: подросток украл 335 тысяч рублей",https://dzen.ru/a/apYu7yWD6W9q5Dzl,149,0,61,"В Улан-Удэ сотрудники уголовного розыска задержали 17-летнего подростка, который оформил два кредита на чужое имя через мобильное приложение банка. - Всё началось с того, что 40-летняя жительница горо"
irk.kp.ru,2026-09-01 01:15,article,В Зиме и Саянске полиция провела рейд по проверке иностранцев,https://dzen.ru/a/apYnxfWX808c_npw,23,0,45,"В Зиме и Саянске завершилось оперативно-профилактическое мероприятие, направленное на контроль соблюдения миграционного и трудового законодательства. - Полицейские проверили 22 объекта, включая точки "
irk.kp.ru,2026-09-01 00:43,article,Суд обязал недропользователя восстановить земли в Тулунском районе,https://dzen.ru/a/apYf5fWX808c_jsZ,70,0,41,"Братская межрайонная природоохранная прокуратура провела проверку соблюдения законодательства о недропользовании на участке «Марусинское» в Тулунском районе. - Выяснилось, что предприятие, у которого "
irk.kp.ru,2026-09-01 00:11,article,Жителей Иркутска приглашают оценить зелёные насаждения в городе,https://dzen.ru/a/apYYq_WX808c_gIM,3,0,31,"В Иркутске стартовал опрос, посвящённый качеству и состоянию зелёных насаждений в областном центре. Организаторы приглашают горожан принять участие в исследовании, чтобы оценить текущую ситуацию с озе"
irk.kp.ru,2026-08-31 23:38,article,"Психолог раскрыла, как выявить использующего ИИ афериста на сайте знакомств",https://dzen.ru/a/apYQtiWD6W9q40y4,3,0,35,"Психолог Наталья Наумова в беседе с NEWS.ru рассказала, как распознать мошенника, который использует искусственный интеллект для общения на сайтах знакомств. По словам специалиста, для этого достаточн"
irk.kp.ru,2026-08-31 23:05,article,В Иркутске 1 сентября ожидается до +29,https://dzen.ru/a/apYJgiWD6W9q4xVj,15,0,34,"В Иркутске 1 сентября погода порадует теплом. Синоптики обещают переменную облачность, без существенных осадков. Ветер юго-восточный, 5–10 м/с, днём порывы до 14 м/с. - Ночью температура составит +12…"
irk.kp.ru,2026-08-31 22:00,article,Что изменится в Иркутске и Иркутской области с 1 сентября 2026,https://dzen.ru/a/apX5iCWD6W9q4o6y,322,0,189,"С 1 сентября в Иркутской области вступает в силу сразу несколько изменений, которые затронут транспорт, торговлю и социальные выплаты. Рассказываем подробнее о каждом из них. В Иркутске с 1 сентября з"
irk.kp.ru,2026-08-31 14:43,article,За выходные мошенники похитили у жителей Иркутской области более 7 млн рублей,https://dzen.ru/a/apWTsPWX808c-ZU1,16,0,55,"С 29 по 30 августа жители Иркутской области лишились более 7 миллионов рублей из-за действий мошенников. Самая крупная сумма украдена у жительницы Черемхово — женщина решила заработать на инвестициях,"
irk.kp.ru,2026-08-31 14:14,article,Дочь обвиняют в краже 285 тысяч рублей у своего отца,https://dzen.ru/a/apWMifWX808c-VDV,57,0,38,"В Пензе полиция завела уголовное дело в отношении 45-летней женщины, которая перевела на свой счёт 285 тысяч рублей, принадлежащих её 77-летнему отцу, сообщает ПензаПресс. - По версии следствия, она п"
irk.kp.ru,2026-08-31 13:28,article,«Упала и ударилась головой о стену»: появились новые подробности истории про избиение врача во время приема,https://dzen.ru/a/apWDIfWX808c-P1v,1480,4,74,"10 июля в гинекологическом кабинете врач вела осмотр беременной пациентки. Внезапно в кабинет ворвались мужчина и женщина, которые требовали немедленно решить их вопрос. Медик попросила покинуть помещ"
irk.kp.ru,2026-08-31 13:24,article,Школы Иркутской области готовы к новому учебному году,https://dzen.ru/a/apWBgSWD6W9q3oqw,8,0,46,В Иркутской области завершилась подготовка к новому учебному году. 1 сентября за парты в 841 школе сядут почти 327 тысяч учеников. Управление Роспотребнадзора по региону держит на контроле ключевые ас
irk.kp.ru,2026-08-31 12:47,article,В Иркутске полиция ищет троих похитителей шоколада на 35 тысяч рублей,https://dzen.ru/a/apV46fWX808c-Kaf,92,1,26,"В Иркутске работники супермаркета обратились в полицию с заявлением о краже шоколада. - Общая сумма похищенного превысила 35 тысяч рублей, - рассказали в ГУ МВД России по Иркутской области. Изучив зап"
irk.kp.ru,2026-08-31 12:05,article,"Житель Иркутской области сжёг 2,2 тыс. кубометров леса из-за костра",https://dzen.ru/a/apVuYfWX808c-EqV,6,0,37,"Прокуратура Муйского района утвердила обвинительное заключение в отношении местного жителя, который по неосторожности уничтожил значительную часть лесного массива. - Мужчина обвиняется по ч. 1 ст. 261"
irk.kp.ru,2026-08-31 11:27,article,"Капремонт дома в Ангарске, повреждённого взрывом газа, закончат в октябре",https://dzen.ru/a/apVlh_WX808c9_yO,190,0,51,"В Ангарске продолжается капитальный ремонт многоквартирного дома № 12 в 12-м микрорайоне, пострадавшего от взрыва бытового газа. Губернатор проверил ход работ. По словам гендиректора Фонда капремонта "
irk.kp.ru,2026-08-31 10:36,article,«Им не понравились длинные волосы»: мать ищет свидетелей избиения 14-летнего сына незнакомцами,https://dzen.ru/a/apVZtPWX808c95ZJ,515,1,206,"В социальных сетях мать 14-летнего школьника из Усолья-Сибирского просит о помощи: по ее словам, сына жестоко избили трое незнакомцев возле школы, нужно найти свидетелей. Подробности - в материале КП-"
irk.kp.ru,2026-08-31 10:21,article,В Братске осудили троих за осквернение мемориала Славы,https://dzen.ru/a/apVWiyWD6W9q3RJ3,1658,5,28,В Братске Иркутский областной суд вынес приговор троим местным жителям. Мужчин признали виновными в осквернении символов воинской славы и оскорблении памяти защитников Отечества. - В сентябре 2024 год
irk.kp.ru,2026-08-31 09:57,article,«В Иркутске мишка!»: медведя заметили у аэропорта и в ДНТ «Миловиды»,https://dzen.ru/a/apVRDSWD6W9q3Nxu,782,1,59,"В Иркутске 30 августа зафиксировали сразу два сообщения о появлении медведя в разных частях города. Днём, около 14:00, хищника заметили в ДНТ «Миловиды». А спустя несколько часов, уже в 3 часа ночи, п"
irk.kp.ru,2026-08-31 09:37,article,В Кадровый центр Иркутской области обратились 3 тыс. работодателей с начала года,https://dzen.ru/a/apVMI63UpQP2whHz,6,0,60,"С января по август 2026 года в Кадровый центр Иркутской области поступило более 3 тысяч обращений от работодателей. Специалисты предоставили им свыше 12,7 тысячи услуг. Лидером спроса стала помощь в п"
irk.kp.ru,2026-08-31 09:15,article,В Куйтунском районе задержали пьяного 14-летнего мотоциклиста,https://dzen.ru/a/apVGlV_t_ztBB003,27,0,43,"В Куйтунском районе инспекторы ДПС задержали 14-летнего подростка, который управлял мотоциклом в состоянии сильного алкогольного опьянения. - Вечером в посёлке Харик полицейские заметили мотоцикл «Rac"
irk.kp.ru,2026-08-31 08:41,article,«Папа!»: двухлетняя дочь проснулась рано утром и стала звать отца. В тот же день семье сообщили о его смерти в зоне СВО,https://dzen.ru/a/apU-qF_t_ztBBwhV,496,4,297,"Он умел падать с высоты, гореть в кадре и выживать в самых безумных трюках. Но свой главный бой Чингиз Додиев принял не на съемочной площадке. 3 июня 2026 года мастер спорта по рукопашному бою, каскад"
irk.kp.ru,2026-08-31 08:38,article,В Иркутске временно перенесут трамвайную остановку «Центральный рынок»,https://dzen.ru/a/apU911_t_ztBBwGP,14,0,38,"В Иркутске с 1 сентября временно изменится место расположения трамвайной остановки «Центральный рынок». Остановочный пункт, который находился на улице Тимирязева, 24, перенесут на улицу Байкальскую, 1"
irk.kp.ru,2026-08-31 08:13,article,В Иркутске ужесточили приговор организаторам подпольного казино,https://dzen.ru/a/apU4Ia3UpQP2wZ12,203,0,60,"В Иркутске организаторы подпольного казино, действовавшего в цокольном этаже на улице Красногвардейской, получили реальные сроки лишения свободы. - В феврале 2026 года Куйбышевский районный суд призна"
irk.kp.ru,2026-08-31 07:59,article,Молодожены из Москвы дошли пешком до Байкала за 224 дня,https://dzen.ru/a/apU07l_t_ztBBq9E,138,1,35,"Молодожены Павел Шабалин и Тамара Погосян, которые идут пешком из Москвы во Владивосток, добрались до Байкала. На 224-й день пути они преодолели участок от Подкаменной до Култука - 44 километра за ден"
irk.kp.ru,2026-08-31 07:50,article,"Погода в Иркутске на 1 сентября сулит настоящую, летнюю жару до +29",https://dzen.ru/a/apUyel_t_ztBBpsX,30,0,52,Погода в Иркутске на 1 сентября 2026 порадует теплом. В День знаний синоптики обещают переменную облачность и без существенных осадков. В Иркутской области погода будет разнообразной. Ожидается переме
irk.kp.ru,2026-08-31 07:38,article,В шести селах Иркутской области с 1 сентября полностью запретят продажу алкоголя,https://dzen.ru/a/apUwGF_t_ztBBodH,915,9,45,"С 1 сентября 2026 года в шести населенных пунктах Приангарья появится полный запрет на розничную продажу алкоголя. В перечень «трезвых сел» вошли Тарасово и Юхта в Казачинско-Ленском районе, Банщиково"
irk.kp.ru,2026-08-31 07:30,article,В центре Иркутска 6 сентября изменится схема движения автобусов,https://dzen.ru/a/apUurV_t_ztBBns3,12,0,59,В Иркутске 6 сентября в связи с крестным ходом в рамках Дней русской духовности и культуры «Сияние России» изменится движение общественного транспорта. - Ограничения будут действовать с 7:00 до 13:30 
irk.kp.ru,2026-08-31 07:19,article,На заправках Иркутска подорожал бензин АИ-95,https://dzen.ru/a/apUraa3UpQP2wVLR,66,0,41,"На утро 31 августа 2026 года на большинстве заправок Иркутска цены остались прежними. Единственной крупной компанией, которая изменила стоимость топлива за последние семь дней, стала БРК. Здесь на руб"
irk.kp.ru,2026-08-31 07:06,article,За неделю на водоёмах Иркутской области оштрафовали 100 судоводителей,https://dzen.ru/a/apUoP1_t_ztBBkT4,4,0,58,"В Иркутской области завершился третий этап акции «Вода – безопасная территория», который проходил с 24 по 30 августа. Ежедневно на водоёмах работали до 165 межведомственных патрульных групп. - Специал"
irk.kp.ru,2026-08-31 06:35,article,"В Тайшете двое детей устроили пожар, играя со спичками",https://dzen.ru/a/apUhQWni3D3wdZ7R,29,0,40,В Тайшете вечером 30 августа в микрорайоне имени Мясникова загорелось неэксплуатируемое строение. Причиной пожара стала детская шалость — двое мальчиков 10 и 13 лет баловались со спичками и поджигали 
irk.kp.ru,2026-08-31 06:12,article,В Иркутске напомнили о правилах использования БПЛА,https://dzen.ru/a/apUbqV_t_ztBBdlY,270,0,73,"Администрация Иркутска вновь обратилась к жителям с напоминанием о строгих правилах использования беспилотных летательных аппаратов (БПЛА). В соответствии с законодательством, полёты дронов и квадроко"
irk.kp.ru,2026-08-31 05:26,article,"Женщина напала на врача скорой с ножом. То, что произошло дальше, не ожидал никто",https://dzen.ru/a/apUQpF_t_ztBBYJ-,391,1,78,"Работа на скорой - это не только спасение жизней, но и ежедневный риск. Врачи и фельдшеры, выезжая на адрес, никогда не знают, что ждет их за дверью. Эта история случилась в поселке Агинское Забайкаль"
irk.kp.ru,2026-08-31 04:40,article,Жительницу Иркутска обеспечат жизненно важным лекарством за 19 млн рублей,https://dzen.ru/a/apUGLq3UpQP2wI4n,3359,2,43,"Прокуратура Ленинского района Иркутска помогла женщине с инвалидностью получить дорогостоящий препарат. Как сообщили КП-Иркутск в пресс-службе ведомства, она страдает орфанным заболеванием и не могла "
irk.kp.ru,2026-08-31 04:21,article,В Братске увеличили число групп для отлова медведей,https://dzen.ru/a/apUBgGni3D3wdUx0,1457,3,37,Ситуация с выходом медведей в Братске остается напряженной. Специалисты службы по охране животного мира работают практически круглосуточно и отрабатывают каждое сообщение от жителей. Количество операт
irk.kp.ru,2026-08-31 04:03,article,Так и не вернулся с прогулки: 16-летний парень бесследно исчез в Бурятии,https://dzen.ru/a/apT9h1_t_ztBBPM8,81,0,37,"16-летний парень ушел к друзьям, а после … бесследно исчез! О том, где он может находиться, родные не знают уже третий день. Обратились за помощью к полиции, волонтерам, по сети распространяют множест"
irk.kp.ru,2026-08-31 03:25,article,Семь человек погибли в ДТП в Иркутской области за неделю,https://dzen.ru/a/apT0x1_t_ztBBK2Z,46,0,44,"С 24 по 30 августа 2026 года на дорогах Иркутской области произошло 52 аварии. В них пострадали 66 человек, 15 из которых - несовершеннолетние. Погибли семь человек, включая 16-летнего подростка. Об э"
irk.kp.ru,2026-08-31 02:07,article,"Мать и дочь попали в ловушку. То, что с ними случилось, было похоже на страшный сон",https://dzen.ru/a/apTih2ni3D3wdPzF,55,0,58,"62-летняя жительница Бурятии и ее дочь лишились почти 2,3 миллиона рублей после серии звонков от лжесиловиков. Как сообщили КП-Иркутск в МВД республики, сначала женщине позвонила «сотрудница военкомат"
irk.kp.ru,2026-08-31 01:43,article,В Иркутске завершились поиски 13-летнего подростка,https://dzen.ru/a/apTc_V_t_ztBA_eN,206,0,42,"- Помогите, сын пропал! – обратился в отдел полиции 29 августа 2026 года обеспокоенный отец. С его слов, 13-летний парень вышел из дома около 11:29 дня, а после бесследно исчез. На связь не выходил, у"
irk.kp.ru,2026-08-31 01:11,article,Кадровый центр Иркутской области с начала года помог более 3 тыс. работодателей,https://dzen.ru/a/apTVI63UpQP2v5Rp,34,0,56,"С начала 2026 года в Кадровый центр Иркутской области обратились больше трех тысяч работодателей. Им предоставили свыше 12,7 тысячи мер поддержки. Чаще всего компании просят помочь с подбором сотрудни"
irk.kp.ru,2026-08-31 00:53,article,"«Собак ждет успех, Курицы столкнутся с проблемами»: зурхай от бурятского ламы с 31 августа по 6 сентября 2026",https://dzen.ru/a/apTRNa3UpQP2v4EF,38,0,186,"Зурхай на неделю с 31 августа по 6 сентября 2026 составил настоятель Курумканского дацана в Бурятии Еши Намжил лама. Это прогноз, который основан на древней тибетской астрологии. С его помощью можно у"
irk.kp.ru,2026-08-31 00:01,article,"Эксперт объяснила, почему крик - худший способ привлечь внимание ребенка",https://dzen.ru/a/apTEpmni3D3wdLKF,15,0,49,"Чем чаще родители повышают голос, тем быстрее ребенок привыкает и перестает слышать обычную речь. Эксперт по речевому влиянию Ольга Прокудина рассказала NEWS.ru, как общаться с детьми, чтобы они слуша"
irk.kp.ru,2026-08-30 23:32,article,Участники СВО из Иркутской области могут получить больше 20 мер поддержки,https://dzen.ru/a/apS-RK3UpQP2vyGa,469,2,64,"В Иркутской области действует комплексная система помощи участникам специальной военной операции и их семьям. Им доступно более 20 льгот, которые касаются самых разных сфер жизни. Об этом КП-Иркутск с"
irk.kp.ru,2026-08-30 23:03,article,+27 градусов ожидается в Иркутске 31 августа,https://dzen.ru/a/apS3J63UpQP2vvtS,13,0,42,"Вот и настал последний день лета! Он порадует сибиряков хорошей погодой, в Иркутске днем 31 августа 2026 года потеплеет до +25…+27 градусов, дождя не ожидается. Как сообщили КП-Иркутск в Иркутском Гид"
irk.kp.ru,2026-08-30 22:00,article,"Рассказываем, когда начнется отопительный сезон в Иркутске в сентябре 2026 года",https://dzen.ru/a/apVpmCWD6W9q3bhb,75,0,104,В Иркутске началась подготовка к осенне-зимнему периоду. Специалисты администрации и ресурсоснабжающих организаций уже утвердили планы по запуску тепла в жилых домах и социальных учреждениях. Рассказы
irk.kp.ru,2026-08-30 22:00,article,Что произошло в Иркутской области в ночь на 31 августа: последние новости,https://dzen.ru/a/apSoGK3UpQP2vq0I,767,0,50,"Жительница поселка Утулик Алина Реброва случайно оказалась на месте страшной аварии на трассе Р-258 «Байкал». Во время аварии погибли женщина и трехлетний ребенок, а в кабине грузовика зажало водителя"
irk.kp.ru,2026-08-30 14:11,article,"«Сердце замирало от красоты»: тысячи иркутян собрались, чтобы посмотреть парад яхт на фестивале «Алые паруса»",https://dzen.ru/a/apQ6Hq3UpQP2vJu-,240,2,138,"В предпоследний день лета, 30 августа, Иркутск в пятый раз встретил «Алые паруса» (6+) – и этот праздник стал одним из самых зрелищных за всю историю фестиваля. Площадка у ледокола «Ангара» на берегу "
irk.kp.ru,2026-08-30 11:54,article,В Иркутске с 1 сентября запускают новый автобусный маршрут № 441,https://dzen.ru/a/apQa8V_t_ztB_mWu,140,0,36,В Иркутске и Марковском административном округе с 1 сентября начнет работу новый межмуниципальный автобусный маршрут № 441. Он напрямую свяжет сразу несколько микрорайонов. «Он напрямую свяжет микрора
irk.kp.ru,2026-08-30 10:48,article,Мошенники стали чаще использовать имя губернатора Иркутской области,https://dzen.ru/a/apQLeGni3D3wcu4X,49,0,68,"Губернатор Иркутской области Игорь Кобзев обратился к жителям с предупреждением. В последнее время мошенники активно используют его имя и образ для обмана людей. Они звонят по видеосвязи, показывают н"
irk.kp.ru,2026-08-30 09:42,article,В Иркутской области ветеринары спасли двух красноухих черепах от гнойного отита,https://dzen.ru/a/apP76l_t_ztB_YoB,12,0,55,В Киренскую ветеринарную клинику обратились встревоженные владельцы двух красноухих черепах. Они заметили у своих питомцев странные уплотнения в области челюстей. После тщательного осмотра врачи поста
irk.kp.ru,2026-08-30 09:42,article,Органистка с дипломом авиаинженера и интерактивное путешествие: чем удивит афиша Иркутска на сентябрь 2026,https://dzen.ru/a/apP7JK3UpQP2u24S,14,0,287,"Сентябрь в Иркутске обещает быть по-настоящему культурным - филармония, драмтеатр, музеи и галереи подготовили для горожан насыщенную программу. Концерты, спектакли и выставки представлены на любой вк"
irk.kp.ru,2026-08-30 08:36,article,В Иркутской области 31 августа ожидается до +28 градусов тепла,https://dzen.ru/a/apPsEF_t_ztB_SE8,58,0,51,"В Иркутской области 31 августа объявлено предупреждение об опасных метеорологических явлениях. По данным регионального УГМС и МЧС России, местами ожидается высокая (IV класса) и чрезвычайная (V класса"
irk.kp.ru,2026-08-30 07:52,article,Новым директором библиотеки Распутина в Иркутске стала Нина Буланова,https://dzen.ru/a/apPhvV_t_ztB_Ncb,178,0,57,"В Иркутске назначен новый директор Научной библиотеки имени Распутина. Им стала Нина Буланова, которая до этого возглавляла департамент инновационного развития юридического института Иркутского госуда"
irk.kp.ru,2026-08-30 07:20,article,"«Заставляла думать о новорожденном ребенке»: женщина 40 минут держала за руку зажатого в кабине водителя фуры, чтобы спасти",https://dzen.ru/a/apPdD2ni3D3wcn5L,3777,13,245,"В Иркутской области произошла история, которая доказывает, что все в жизни – не просто так. Вечером 22 июля жительница поселка Утулик Алина Реброва случайно оказалась на месте страшного ДТП на 170-м к"
irk.kp.ru,2026-08-30 06:24,article,В Иркутской области 18-летняя девушка погибла при опрокидывании автомобиля,https://dzen.ru/a/apPM8a3UpQP2upaj,629,0,34,В Иркутском районе утром 30 августа произошла смертельная авария. Около 10 часов утра в селе Хомутово на улице Ивана Тропинина 30-летний водитель автомобиля Subaru Impreza не справился с управлением. 
irk.kp.ru,2026-08-30 05:18,article,"В Иркутске спасли косулю, загнанную собаками на стройку в СНТ",https://dzen.ru/a/apO9bV_t_ztB-9CF,42,0,71,В Иркутске сотрудники питомника К9 совершили настоящую спасательную операцию. В СНТ «Ангарский берег» на 19-м километре Байкальского тракта на строительную площадку забежала косуля. Ее загнали туда бр
irk.kp.ru,2026-08-30 04:19,article,В Иркутске произошел пожар в торговом центре на улице Советской,https://dzen.ru/a/apOvpq3UpQP2ug7A,123,0,43,"В Иркутске утром 29 августа произошел пожар в здании торгового центра на улице Советская, 58/1. Сигнал о возгорании поступил спасателям в 7:45. На место незамедлительно выехали десятки пожарных и спец"
irk.kp.ru,2026-08-30 03:08,article,"Пострадавших вытаскивали спасатели: легковушка съехала в кювет и врезалась в столб на трассе, травмы получили пять человек",https://dzen.ru/a/apOfjK3UpQP2ucOO,48,0,38,В Забайкальском крае за минувшие сутки произошла серьезная авария с пострадавшими. На 481-м километре федеральной дороги А-350 Чита – Забайкальск водитель легкового автомобиля не справился с управлени
irk.kp.ru,2026-08-30 02:01,article,"Ученые рассказали, стоит ли жителям Иркутской области бояться магнитных бурь в сентябре 2026 после мощных вспышек на Солнце",https://dzen.ru/a/apOQe1_t_ztB-pfU,21,0,121,"На Солнце произошла серия мощных вспышек, которые встревожили ученых. Однако, по последним данным, магнитные бури, вызванные ими, не затронут Иркутск. Активность начала расти 25 августа примерно с пол"
irk.kp.ru,2026-08-30 02:00,article,В поселке Молодежный под Иркутском без света остались 20 улиц,https://dzen.ru/a/apOPpa3UpQP2uXiR,9,1,34,"Утром 30 августа в поселке Молодежный под Иркутском произошло частичное отключение электроэнергии. Без света остались жители примерно 20 улиц, в том числе Байкальской, Лесной, Маршала Жукова, Подгорно"
irk.kp.ru,2026-08-29 12:14,article,Директор библиотеки имени Молчанова-Сибирского покинула свой пост,https://dzen.ru/a/apLNql_t_ztB9MOY,1792,0,65,"Директор Иркутской областной библиотеки имени Молчанова-Сибирского Лариса Сулейманова покинула свой пост. Она работала в учреждении с 2008 года: начинала заведующей отделом краеведческой литературы, з"
irk.kp.ru,2026-08-29 11:58,article,12 добровольцев из Братска отправились в зону СВО,https://dzen.ru/a/apLJq1_t_ztB9KJf,103,0,51,"12 добровольцев из Братска отправились в зону СВО. Мужчины приняли решение заключить контракт с Министерством обороны, чтобы встать на защиту Родины. Об этом КП-Иркутск сообщили в пресс-службе админис"
irk.kp.ru,2026-08-29 11:46,article,"«Ты монстр!»: Ренат Агзамов едва не завизжал от восторга, попробовав блюдо повара из Иркутска",https://dzen.ru/a/apLHT1_t_ztB9I8g,1139,4,324,"Захар Мирошник из Иркутска покорил лучших шефов страны необычным стритфудом. 27-летний повар приехал в Москву, чтобы побороться за звание лучшего в шоу «Битва шефов», - и стал победителем. Выпуск с уч"
irk.kp.ru,2026-08-29 08:50,article,"«Хотела ехать к детям, а встретила смерть в компании таинственного спутника»: история жестокого убийства королевы красоты",https://dzen.ru/a/apKeGl_t_ztB81Xq,2217,4,364,"Участие в конкурсе красоты, таинственное исчезновение, двойное убийство и еще одна смерть... История Сэсэг Буиновой из Бурятии вышла далеко за пределы республики, вызвала огромный общественный резонан"
irk.kp.ru,2026-08-29 08:24,article,Житель Катангского района угнал мотоцикл у приятеля,https://dzen.ru/a/apKXo2ni3D3wbzPv,62,1,40,"В Катангском районе вынесли приговор 25-летнему местному жителю, который в июле 2025 года угнал у знакомого мотоцикл «Днепр». Мужины распивали спиртное во дворе дома на улице Юктуконской в селе Ербога"
irk.kp.ru,2026-08-29 08:15,article,Музей имени Леонида Гайдая откроют в особняке на Урицкого в Иркутске,https://dzen.ru/a/apKWG1_t_ztB8xFR,171,3,68,"В Иркутске готовится к реализации проект креативного кластера «Гайдай Центр». Он расположится в историческом особняке на улице Урицкого, 9. Семья Леонида Гайдая уже дала согласие на создание музея и и"
irk.kp.ru,2026-08-29 08:02,article,В парке Парижской коммуны в Иркутске меняют центральную аллею,https://dzen.ru/a/apKS8V_t_ztB8vbg,22,0,69,"В парке имени Парижской коммуны в Иркутске начался ремонт центральной аллеи и других пешеходных транзитов. Работы ведутся за счет городского бюджета. Подрядчик уже демонтировал старый асфальт, сейчас "
irk.kp.ru,2026-08-29 07:54,article,256 жителей Иркутской области пострадали от укусов клещей за неделю,https://dzen.ru/a/apKQqF_t_ztB8uKv,10,0,42,За прошедшую неделю 256 жителей Иркутской области обратились за медицинской помощью после укусов клещей. Всего с начала эпидсезона зарегистрировано 21 067 случаев обращений. В аналогичный период 2025 
irk.ru,2026-09-19 07:22,article,В Иркутске суд оштрафовал иностранца за контрабанду наличных,https://dzen.ru/a/aq443kjUgT5jnesj,0,0,39,"Октябрьский суд Иркутска вынес обвинительный приговор в отношении иностранного гражданина. 48-летний мужчина признан виновным в контрабанде наличных денежных средств, сообщают пресс-службы Иркутской т"
irk.ru,2026-09-19 06:17,article,"1,8 миллиарда рублей направят на завершение строительства школы в Братске",https://dzen.ru/a/aq4pQE5PhhqP5eE9,7,0,66,"В 2027 году из областного бюджета направят свыше 1,8 миллиарда рублей на завершение строительства школы на 1275 мест в Братске. Еще около 302 миллионов рублей предусмотрят в городском бюджете, сообщае"
irk.ru,2026-09-19 04:59,article,Ремонт дороги на улице Байкальской планируют завершить к 15 октября,https://dzen.ru/a/aq4Wy05PhhqP5arh,19,0,75,"В Иркутске продолжается ремонт участка протяженностью 750 метров автомобильной дороги на улице Байкальской. Работы проводят по нацпроекту «Инфраструктура для жизни» в рамках двухлетнего контракта, соо"
irk.ru,2026-09-19 04:04,article,Для нового аэропорта Иркутска разработали предпроектную документацию,https://dzen.ru/a/aq4J_98hLg35qoJ3,294,0,55,Специалисты государственного проектно-изыскательского и научно-исследовательского института гражданской авиации «Аэропроект» завершили разработку предпроектной документации для нового аэропорта Иркутс
irk.ru,2026-09-19 02:44,article,Иркутских школьников приглашают принять участие в конкурсе на тему финансовой грамотности,https://dzen.ru/a/aq33ex3cWgqrOHdq,0,0,55,"Отделение СФР по Иркутской области объявило о конкурсе «Социальный код» для учеников 9-11 классов школ Иркутска. Конкурс посвящен финансовой, пенсионной и социальной грамотности. Ребята могут представ"
irk.ru,2026-09-19 01:30,article,"Контракт на поставку 90 самолетов МС-21 заключили Ростех и ""Аэрофлот""",https://dzen.ru/a/aq3lukjUgT5jnBl5,10,0,149,18 сентября в Москве подписан крупнейший в истории российской гражданской авиации контракт на поставку и дальнейшее обслуживание самолетов МС-21. Контракт заключили «Аэрофлот» и три компании госкорпор
irk.ru,2026-09-19 00:32,article,В Иркутской области начался второй день голосования на выборах депутатов Госдумы,https://dzen.ru/a/aq3YPt8hLg35qXnK,4,0,25,"Второй день голосования на выборах депутатов Государственной Думы начался в Иркутской области. 19 сентября в 08:00 в регионе открыли 1852 избирательных участка, сообщает пресс-служба облизбиркома. Они"
irk.ru,2026-09-18 14:55,article,В Иркутскую область поступило 15 машин скорой помощи класса В,https://dzen.ru/a/aq1Rk05PhhqP41GY,148,0,43,"18 сентября в Иркутскую область доставили 15 автомобилей скорой медицинской помощи класса В, их общая стоимость составляет около 79 миллионов рублей. Всего в регионы России направили 196 машин, сообща"
irk.ru,2026-09-18 14:15,article,Наблюдатели не зафиксировали нарушений на выборах в первый день голосования в Иркутской области,https://dzen.ru/a/aq1Hox3cWgqrNkGQ,27,0,34,"В Иркутской области завершился первый день голосования на выборах депутатов Госдумы. Ни одного факта, который повлиял бы на результаты выборов, не выявлено, сообщил руководитель Центра общественного н"
irk.ru,2026-09-18 14:04,article,"14,2% избирателей Иркутской области проголосовали на выборах 18 сентября",https://dzen.ru/a/aq1FiEjUgT5jmAia,117,0,28,"Завершился первый день голосования на выборах депутатов Государственной Думы. 18 сентября в Иркутской области проголосовали 14,2% избирателей — это 257 698 человек, сообщает пресс-служба облизбиркома."
irk.ru,2026-09-18 13:28,article,Двое детей на электросамокате получили травмы при столкновении с автомобилем в Шелехове,https://dzen.ru/a/aq09B05PhhqP4wSm,27,0,29,"Днем 16 сентября в Шелехове произошло ДТП. Предварительно, 15-летний подросток ехал на электросамокате вместе со своим пятилетним братом и на перекрестке не уступил дорогу автомобилю Nissan Terrano. П"
irk.ru,2026-09-18 12:48,article,"Сильные дожди, грозы и туманы ожидаются в Иркутской области на выходных",https://dzen.ru/a/aq0zwkjUgT5jl4dA,57,0,46,"В Иркутской области на выходных ожидаются кратковременные, местами сильные дожди и грозы. Утром 19 сентября синоптики прогнозируют туманы, днем ветер 5-10 метров в секунду с порывами до 14 метров. Тем"
irk.ru,2026-09-18 12:10,article,Сибиряк до смерти избил незнакомца после признания в судимости за наркотики,https://dzen.ru/a/aq1ptkjUgT5jmQ0J,7,0,51,"Омский областной суд отклонил апелляционную жалобу защиты и оставил без изменений приговор 24-летнему местному жителю, осужденному за избиение незнакомого мужчины. Потерпевший скончался в больнице чер"
irk.ru,2026-09-18 11:42,article,В Аларском районе родным погибших бойцов СВО вручили государственные награды,https://dzen.ru/a/aq1ptkjUgT5jmQ0I,789,0,63,"16 сентября в здании администрации Аларского района прошла церемония передачи государственных наград военнослужащим, отдавшим жизни при исполнении воинского долга в зоне специальной военной операции. "
irk.ru,2026-09-18 11:01,article,В Байкальске после вмешательства прокуратуры завершили капремонт школы искусств,https://dzen.ru/a/aq0aLN8hLg35pJwv,69,2,39,"Прокуратура Слюдянского района проверила, как в Байкальске исполняется законодательство при реализации нацпроекта «Семья». Поводом стало заключение контракта на капитальный ремонт детской школы искусс"
irk.ru,2026-09-18 10:01,article,Житель Байкальска незаконно выловил омуля на 400 тысяч рублей,https://dzen.ru/a/aq0MrUjUgT5jlns8,7,0,37,"В Кабанском районе Республики Бурятия транспортная полиция, сотрудники ОМОН и инспекторы рыбоохраны задержали 67-летнего жителя Байкальска Иркутской области. Мужчина незаконно выловил более 50 экземпл"
irk.ru,2026-09-18 09:28,article,В Иркутской области планируют ограничить любительскую охоту на соболя и кабаргу,https://dzen.ru/a/aq0E30jUgT5jlkj3,354,0,81,Депутаты Законодательного собрания Иркутской области рассмотрели поправки в областной закон об охоте. Изменения касаются сроков подачи заявлений на выдачу разрешений и ограничений на любительскую добы
irk.ru,2026-09-18 09:01,article,В Иркутске приступили к монтажу мозаичного панно на фасаде 17-этажной новостройки,https://dzen.ru/a/aqz-k0jUgT5jlhk8,72,0,85,"Мозаичное произведение «Рождение Света» начали монтировать на фасаде 17-этажного дома в районе залива Якоби. Монтажникам предстоит собрать 240 квадратных метров панно, сообщается на сайте ИРНИТУ. Авто"
irk.ru,2026-09-18 08:08,article,Полпред президента в СФО Анатолий Серышев проголосовал на выборах в Госдуму,https://dzen.ru/a/aqzxsN8hLg35o4Pg,6,0,92,18 сентября 2026 года полномочный представитель президента РФ в Сибирском федеральном округе Анатолий Серышев принял участие в голосовании на выборах депутатов Государственной Думы. Он посетил избират
irk.ru,2026-09-18 07:56,article,Часть пассажирских маршрутов в Иркутске отменят с 1 ноября,https://dzen.ru/a/aqzwl05PhhqP4fix,1280,8,68,"В Иркутске с 1 ноября 2026 года начнут внедрять новую схему организации пассажирских перевозок. Отменят троллейбусы №7к и №10к, а также трамваи №2, №4а, №6. Альтернативы по тем же направлениям останут"
irk.ru,2026-09-18 07:48,article,В районе ипподрома в Иркутске произошло ДТП с участием спецтехники,https://dzen.ru/a/aqzteUjUgT5jlaXk,37,0,28,18 сентября в Иркутске в районе ипподрома произошло дорожно-транспортное происшествие с участием спецтранспорта и грузового автомобиля. Из-за аварии на участке дороги образовалась пробка. Как рассказа
irk.ru,2026-09-18 07:30,article,Иркутянку приговорили к шести годам колонии за нападение на сожителя с кухонным ножом,https://dzen.ru/a/aqzp7R3cWgqrNPVX,66,0,62,"Октябрьский районный суд Иркутска вынес приговор 46-летней местной жительнице, обвиняемой в покушении на убийство. Женщине назначили шесть лишения свободы в колонии общего режима, сообщили в объединен"
irk.ru,2026-09-18 07:15,article,Большинство маршрутов в Прибайкальском нацпарке закрыли из-за медведей,https://dzen.ru/a/aqzlkx3cWgqrNObF,23,0,58,"18 сентября 2026 года большую часть маршрутов в Прибайкальском национальном парке закрыли по причине частых выходов хищников. Из двух с половиной десятков доступны для туристов лишь девять треков, соо"
irk.ru,2026-09-18 07:01,article,В ЗС Иркутской области обсудили законопроект о трудоустройстве участников СВО,https://dzen.ru/a/aqziFkjUgT5jlVoD,4,0,86,18 сентября в Законодательном собрании Иркутской области состоялось заседание комитета по социально-культурному законодательству под председательством Дмитрия Мясникова. Депутаты обсудили законопроект
irk.ru,2026-09-18 06:38,article,"Алексей Чадов: настоящая энергия экрана, работа с Балабановым и планы на Сибирь",https://dzen.ru/a/aqzdEh3cWgqrNMn4,5,0,175,"На 25-м Байкальском международном кинофестивале «Человек и Природа» имени В. Г. Распутина в Иркутске состоялась творческая встреча с актером, режиссером и продюсером Алексеем Чадовым. Мероприятие прош"
irk.ru,2026-09-18 06:01,article,Нелегальное оружие и 670 граммов марихуаны изъяли у 66-летнего жителя Балаганска,https://dzen.ru/a/aqzUjUjUgT5jlQF8,26,0,65,"Транспортные полицейские изъяли оружие, патроны и крупную партию наркотиков у 66-летнего жителя поселка Балаганск. Мужчину задержали во время оперативно-профилактического мероприятия «Арсенал», сообща"
irk.ru,2026-09-18 05:31,article,"Жителей Иркутской области предупредили о фейках с медведями, созданных с помощью ИИ",https://dzen.ru/a/aqzNGh3cWgqrNJeZ,43,2,85,"В Эхирит-Булагатском районе оперативные службы проверили серию сообщений о появлении медведей вблизи населенных пунктов. Некоторые из них оказались недостоверными, а распространяемая в соцсетях фотогр"
irk.ru,2026-09-18 05:01,article,В Кимильтее обсудили развитие инициативных проектов,https://dzen.ru/a/aqzGB98hLg35omAz,110,0,151,"Александр Ведерников провел встречу с жителями села Кимильтей Зиминского района. Главной темой разговора стали инициативные проекты — механизм, который зарекомендовал себя как эффективный инструмент р"
irk.ru,2026-09-18 04:28,article,20-летний водитель ВАЗа насмерть сбил пенсионера в Зиме,https://dzen.ru/a/aqy-NE5PhhqP4Vk0,12,0,23,"Вечером 17 сентября на улице 5-й Армии в Зиме произошло ДТП, в котором погиб пешеход. По предварительным данным, 20-летний молодой человек за рулем автомобиля ВАЗ-21063 сбил 64-летнего мужчину. Пенсио"
irk.ru,2026-09-18 04:01,article,Иркутянин отсудил у кофейни 30 тысяч рублей за пролитый кофе,https://dzen.ru/a/aqy30d8hLg35og6n,43,0,37,"Октябрьский районный суд Иркутска обязал местную кофейню выплатить компенсацию посетителю, которого сотрудник заведения облил горячим напитком. В результате инцидента мужчина получил термический ожог "
irk.ru,2026-09-18 03:32,article,Жителям Байкальска категорически запретили выходить в лес из-за медведей,https://dzen.ru/a/aqyxaR3cWgqrNEqD,994,2,49,Администрация Байкальского городского поселения опубликовала в официальных соцсетях экстренное предупреждение. Жителям и гостям города категорически запретили выходить в лес из-за участившихся случаев
irk.ru,2026-09-18 03:04,article,В Киренском округе охотники застрелили медведя-людоеда,https://dzen.ru/a/aqyrAUjUgT5jlBbU,599,2,40,"В Киренском округе Иркутской области охотники застрелили медведя, напавшего на двух сборщиков ягод, сообщил ТАСС губернатор региона Игорь Кобзев. Мужчины скончались на месте от полученных травм. По да"
irk.ru,2026-09-18 02:37,article,Все экотропы и туристические маршруты закрыли в Тункинском нацпарке из-за медведей,https://dzen.ru/a/aqykmUjUgT5jk_HQ,26,0,34,С 17 сентября в Тункинском национальном парке в Бурятии ввели временный запрет на посещение всех экологических троп и туристических маршрутов. Причина — участившиеся выходы медведей к населенным пункт
irk.ru,2026-09-18 02:01,article,"Силы ПВО сбили 58 беспилотников, летевших на Москву",https://dzen.ru/a/aqycDd8hLg35oXpJ,232,2,43,"Вечером 17 сентября и ночью 18 сентября российская система ПВО отразила массированную атаку беспилотников на Москву. Как сообщил в своих социальных сетях мэр столицы Сергей Собянин, всего было сбито 5"
irk.ru,2026-09-18 01:50,article,Как провести выходные: обзор афиши Иркутска на 19 и 20 сентября,https://dzen.ru/a/aqyZOUjUgT5jk7jN,33,0,189,— С 11:00 до 18:00 Кинопоказы фестиваля «Человек и Природа». Посмотреть фильмы можно в кинотеатрах «Дом кино» и «Нью синема». Вход свободный. 12+ — 13:00-17:00 Гаражная распродажа во дворе Дома кино. 
irk.ru,2026-09-18 00:57,article,Режим повышенной готовности хотят ввести на террритории всей Иркутской области из-за медведей,https://dzen.ru/a/aqyNJkjUgT5jk3_t,75,0,72,"В Иркутской области могут ввести режим повышенной готовности на территории всего региона из-за участившихся выходов медведей к людям. С такой инициативой выступил губернатор Игорь Кобзев, его предложе"
irk.ru,2026-09-18 00:23,article,В Иркутской области стартовало трехдневное голосование на выборах в Госдуму,https://dzen.ru/a/aqyFU98hLg35oQwj,33,0,47,"18 сентября в Иркутской области началось голосование на выборах депутатов Государственной Думы РФ. В регионе открыли 1852 избирательных участка. На 43 пунктах, находящихся в отдаленных и труднодоступн"
irk.ru,2026-09-17 14:21,article,В Иркутске восстановили 28 объектов культурного наследия,https://dzen.ru/a/aqv4J0jUgT5jkDK1,60,0,93,"Агентство развития памятников Иркутска, созданное по инициативе городской мэрии, подвело итоги работы за 13 лет. За это время благодаря инвесторам и поддержке АРПИ восстановили 25 объектов культурного"
irk.ru,2026-09-17 14:04,article,Дорожники отремонтировали четыре километра на подъезде к селу Тангуй в Братском районе,https://dzen.ru/a/aqxVCU5PhhqP4EVW,1,0,48,"В Братском районе специалисты завершили ремонт участка подъезда к селу Тангуй. Восстановленная трасса пролегает через село Зарбь, сообщает пресс-служба правительства Иркутской области. Протяженность о"
irk.ru,2026-09-17 13:42,article,В Усолье-Сибирском ветеринары прооперировали птенца павлина с опухолью,https://dzen.ru/a/aqxVC0jUgT5jkk-E,8,0,36,"В Усольскую ветклинику принесли птенца павлина с крупным образованием на голове. Владельцы птицы не могли точно сказать, была ли опухоль врожденной или появилась из-за травмы, сообщается в соцсетях ас"
irk.ru,2026-09-17 13:17,article,Жителей Байкальска просят оставаться дома из-за появления медведя в городе,https://dzen.ru/a/aqvpDB3cWgqrMhOD,967,1,27,"Администрация города Байкальска предупредила жителей об опасности, связанной с появлением медведя в черте населенного пункта. Сообщение опубликовали в официальных социальных сетях мэрии. По данным вла"
irk.ru,2026-09-17 13:09,article,В центре Иркутска ограничат проезд из-за ремонта трубопровода,https://dzen.ru/a/aqvm5x3cWgqrMgut,46,0,24,С 9:00 19 сентября в центральной части Иркутска введут ограничение проезда для всех видов транспорта. Движение напротив дома № 14/2 на улице Красных Мадьяр закроют до 19:00 2 октября 2026 года. По ули
irk.ru,2026-09-17 12:36,article,Жителя Ербогачена отправили на обязательные работы за избиение родственника,https://dzen.ru/a/aqvfDh3cWgqrMfDh,5,0,55,"Катангский районный суд вынес приговор по уголовному делу в отношении 31-летнего мужчины. Местного жителя признали виновным в избиении дальнего родственника. Известно, что фигурант имеет судимость, со"
irk.ru,2026-09-17 11:58,article,"Специалисты перечислили частые ошибки на ЕГЭ по русскому языку, включая ""далие"" и ""зделать""",https://dzen.ru/a/aqvWj98hLg35nOsf,5,0,92,Федеральный институт педагогических измерений подготовил методические рекомендации по результатам анализа экзаменационных работ ЕГЭ по русскому языку 2026 года. В документе перечислены орфографические
irk.ru,2026-09-17 11:32,article,Двое иркутян напали на красноярца с газовым баллончиком,https://dzen.ru/a/aqvh6E5PhhqP3uSJ,15,0,48,"Двое жителей Иркутска, приехавших в Красноярск на отдых, стали фигурантами уголовного дела о разбое. Злоумышленники напали на местного жителя с газовым баллончиком. Об этом сообщили в ГУ МВД по Красно"
irk.ru,2026-09-17 11:01,article,За лето иркутский аэропорт обслужил миллион пассажиров,https://dzen.ru/a/aqvJEt8hLg35nJGr,22,0,56,"За три летних месяца 2026 года услугами иркутского аэропорта воспользовались 999 558 пассажиров. Жители Приангарья и гости региона летали как по России, так и за границу, сообщили в пресс-службе иркут"
irk.ru,2026-09-17 10:32,article,Новое общественное пространство создадут на привокзальной площади в Алзамае,https://dzen.ru/a/aqvCBN8hLg35nGGO,19,0,76,В Алзамае Нижнеудинского района продолжаются работы по благоустройству привокзальной площади. Их проводят по проекту «С первого пути отправляется». Ход работ и другие объекты города во время поездки о
irk.ru,2026-09-17 10:01,article,Эксперты Общественного штаба Приангарья оценили готовность системы наблюдения к выборам,https://dzen.ru/a/aqu6498hLg35nDEy,5,0,253,15 сентября представили экспертно-аналитический доклад «Готовность системы общественного наблюдения к единому дню голосования 2026 года». Представители Общественного штаба по наблюдению за выборами в 
irk.ru,2026-09-17 09:32,article,Два села из Иркутской области вошли в число самых красивых деревень России,https://dzen.ru/a/aquzrkjUgT5jjlof,797,0,130,Ассоциация самых красивых деревень и городов России подвела итоги седьмой байкальской экспедиции. По ее результатам список пополнили новые населенные пункты Иркутской области и Бурятии. Статус действи
irk.ru,2026-09-17 09:05,article,Впервые за пять лет на Солнце не произошло ни одной вспышки за четверо суток,https://dzen.ru/a/aquuCUjUgT5jjjIn,9,0,38,"Солнечная активность продолжает ставить антирекорды. Впервые за почти пять лет на звезде не регистрировали ни одной вспышки обычного класса C и выше, сообщили в лаборатории солнечной астрономии ИКИ РА"
irk.ru,2026-09-17 08:47,article,Иркутская областная клиническая больница получит новый компьютерный томограф,https://dzen.ru/a/aqup0U5PhhqP3iS3,419,0,197,"Губернатор Иркутской области Игорь Кобзев посетил Иркутскую областную клиническую больницу, где обсудил с главврачом Петром Дудиным и ведущими специалистами необходимость замены и обновления диагности"
irk.ru,2026-09-17 08:34,article,Аренда жилья в России начала снижаться впервые с 2020 года,https://dzen.ru/a/aqumLUjUgT5jjfzF,9,0,78,"В сентябре 2026 года средняя стоимость аренды однокомнатных и двухкомнатных квартир в России снизилась на 1,7% по сравнению с сентябрем 2025 года. Ставка для однокомнатных квартир составила 31,1 тысяч"
irk.ru,2026-09-17 07:46,article,В Иркутской области запустят СМС-оповещение об опасности походов в лес из-за медведей,https://dzen.ru/a/aqubJ0jUgT5jjbUK,875,0,113,Власти Иркутской области усилили разъяснительную работу с населением из-за участившихся случаев выхода медведей к людям. Жителей ряда районов региона будут оповещать через СМС о необходимости воздержа
irk.ru,2026-09-17 07:30,article,Иркутянина приговорили к восьми годам лишения свободы за финансирование терроризма,https://dzen.ru/a/aquXl05PhhqP3eul,128,0,43,Суд признал 35-летнего жителя Иркутска виновным в финансировании терроризма. Ему назначили восемь лет лишения свободы. Об этом сообщили в пресс-службах СУ СКР по Иркутской области и ГУ МВД по региону.
irk.ru,2026-09-17 07:22,article,В Зиминском районе ищут очевидцев смертельного ДТП с пешеходом,https://dzen.ru/a/aquWRR3cWgqrMP8z,153,0,33,"В Зиминском районе сотрудники полиции выясняют обстоятельства дорожной аварии, в которой погиб человек. По предварительным данным, 17 сентября около 00:30 на 1606-м километре трассы Р-255 «Сибирь» вод"
irk.ru,2026-09-17 07:00,article,"Ангарчанина осудили за продажу несуществующих автомобилей на 8,7 миллиона рублей",https://dzen.ru/a/aquQfEjUgT5jjW0_,11,0,63,"Ангарский городской суд вынес приговор 30-летнему местному жителю. Его признали виновным в четырех эпизодах мошенничества на 8,7 миллиона рублей и назначили пять лет лишения свободы в колонии общего р"
irk.ru,2026-09-17 06:37,article,В Киренском округе медведь убил двух сборщиков дикоросов,https://dzen.ru/a/aquKzt8hLg35mvYN,403,1,65,"16 сентября в Киренском округе Иркутской области медведь напал на троих сборщиков ягод. Инцидент произошел в лесу недалеко от села Красноярово, расположенного более чем в 80 километрах от районного це"
irk.ru,2026-09-17 06:10,article,Муралы Академгородка: маршрут по самым ярким работам уличных художников,https://dzen.ru/a/aquFHUjUgT5jjSn8,4,0,615,"Начинаем экскурсию с дома № 277 на улице Лермонтова: там на стене здания находится мурал «Бабр и соболь». Это не только первое граффити на нашем пути, но и первое изображение, которое появилось в Акад"
irk.ru,2026-09-17 06:02,article,"В Усть-Куте на выставке-ярмарке изъяли 107 немаркированных курток, шуб и пальто",https://dzen.ru/a/aquC_N8hLg35mszh,219,2,49,"В Усть-Куте сотрудники отдела экономической безопасности и противодействия коррупции МО МВД России изъяли из оборота 107 единиц верхней одежды, которая продавалась с нарушением законодательства. Повод"
irk.ru,2026-09-17 05:31,article,В Усть-Илимском районе сотрудник ГАИ ликвидировал второго за неделю медведя,https://dzen.ru/a/aqt7298hLg35mqFS,20,0,41,"В Усть-Илимском районе сотрудники полиции и службы по охране животного мира обезвредили медведя, зашедшего на территорию СНТ «Лесники». Хищник представлял опасность для садоводов, поэтому местные жите"
irk.ru,2026-09-17 04:31,article,"10-летний мальчик попал под колеса УАЗа, перебегая проезжую часть в Слюдянке",https://dzen.ru/a/aqttqkjUgT5jjKJM,9,0,29,"Вечером 16 сентября на улице Парижской Коммуны в Слюдянке произошло ДТП с участием двух школьников. По предварительной информации Госавтоинспекции Иркутской области, двое несовершеннолетних решили сок"
irk.ru,2026-09-17 04:12,article,Житель Зиминского района украл теленка и продал его,https://dzen.ru/a/aqtpZEjUgT5jjIpo,11,0,44,"Зиминский городской суд рассмотрел уголовное дело в отношении местного жителя, обвиняемого в краже с причинением значительного материального ущерба. Мужчина обнаружил на своем земельном участке чужого"
irk.ru,2026-09-17 04:06,article,Владимир Путин обратился к россиянам перед предстоящими выборами в Госдуму,https://dzen.ru/a/aqtn_N8hLg35mjXi,7,0,58,"Президент России Владимир Путин выступил с традиционным телеобращением к гражданам в преддверии парламентских выборов, назначенных на период с 18 по 20 сентября. В своей речи глава государства призвал"
irk.ru,2026-09-17 03:31,article,В Хомутовском округе ввели режим ЧС из-за узелкового дерматита у скота,https://dzen.ru/a/aqtfch3cWgqrMGP1,55,0,92,С 16 сентября на территории Хомутовского административного округа ввели режим чрезвычайной ситуации. Причина — распространение заразного узелкового дерматита среди крупного рогатого скота. Решение при
irk.ru,2026-09-17 03:03,article,Депутаты ЗС оценили готовность коммунальных объектов к отопительному сезону в Нижнеудинске и Тулуне,https://dzen.ru/a/aqtYuUjUgT5jjC1N,17,0,97,"Председатель Законодательного собрания Иркутской области Александр Ведерников вместе с депутатами Еленой Крыжановской, Тимуром Сагдеевым, Дмитрием Мясниковым и Виктором Побойкиным оценили подготовку к"
irk.ru,2026-09-17 02:32,article,Женщина-водитель пострадала при опрокидывании иномарки в Иркутске,https://dzen.ru/a/aqtTCEjUgT5jjBIr,53,0,38,"Днем 16 сентября на улице Дорожной в Иркутске произошло ДТП с перевернувшимся автомобилем. В результате пострадала 48-летняя женщина. По предварительным данным Госавтоинспекции, инцидент спровоцировал"
irk.ru,2026-09-17 02:00,article,В иркутском аэропорту задержали 20 рейсов,https://dzen.ru/a/aqtKMEjUgT5ji-TW,286,1,36,Утром 17 сентября 2026 года в Иркутске задержали ряд рейсов на прилет и вылет. Данные об этом появились на онлайн-табло воздушной гавани. Основной причиной случившегося стал туман. Отложены рейсы авиа
irk.ru,2026-09-17 01:31,article,В Иркутске представили концепцию креативного кластера «Гайдай Центр»,https://dzen.ru/a/aqtDE98hLg35mXVi,10,0,238,16 сентября 2026 года в Иркутске в рамках Международного кинофестиваля «Человек и природа» презентовали концепцию креативного кластера кинокомпании Юрия Яшникова «Гайдай Центр». Частью нового простран
irk.ru,2026-09-17 01:03,article,17 сентября в части домов Иркутска временно отключат свет,https://dzen.ru/a/aqs8sEjUgT5ji55l,2,0,88,"17 сентября в Иркутске проведут плановые работы на электросетях. Специалисты подрежут деревья вблизи линий, смонтируют оборудование и проведут обслуживание трасс, из-за чего часть зданий во всех округ"
irk.ru,2026-09-17 00:31,article,В октябре жители Иркутской области смогут наблюдать пик метеорного потока Ориониды,https://dzen.ru/a/aqs0205PhhqP3OFH,17,0,69,В октябре 2026 года жители Иркутской области смогут наблюдать пик метеорного потока Ориониды и противостояние Сатурна. Однако специалисты называют эти явления рядовыми и не рекомендуют ждать яркого зр
irk.ru,2026-09-16 14:54,article,19 сентября иркутян приглашают на фестиваль садоводов,https://dzen.ru/a/aqrEvUjUgT5jiO-R,53,0,33,В Иркутске 19 сентября 2026 года состоится фестиваль садоводов и выставка «Гроздь Иркутского винограда». Мероприятия стартуют в 10:00 на площадке возле Торгового Комплекса со стороны улицы Литвинова. 
irk.ru,2026-09-16 14:17,article,"В Катангском районе взыскали 300 тысяч рублей в пользу рабочего, пострадавшего на производстве",https://dzen.ru/a/aqqlckjUgT5jiCWZ,2,0,39,"Прокуратура Катангского района проверила обращение местного жителя, который просил защитить его права. 31 мая 2024 года мастер бригады, работавший в Катангском районе вахтовым методом, получил тяжкий "
irk.ru,2026-09-16 13:44,article,В Слюдянке простились с погибшим бойцом СВО Максимом Фёдоровым,https://dzen.ru/a/aqrEn98hLg35lrMx,349,2,48,"15 сентября в Слюдянке простились с Максимом Фёдоровым. Молодой человек погиб в зоне проведения специальной военной операции. Военнослужащему было 27 лет, сообщил в телеграм-канале мэр Слюдянского мун"
irk.ru,2026-09-16 13:12,article,Новое место отдыха с клумбами появится в 130-м квартале Иркутска,https://dzen.ru/a/aqqVvEjUgT5jh7_Q,54,0,86,"В 130-м квартале Иркутска продолжается благоустройство: подрядчик перекладывает плитку. Кроме того, собственники торгово-развлекательного комплекса «Модный квартал» обустраивают зону отдыха возле дома"
irk.ru,2026-09-16 12:44,article,Хозяин собаки заплатит 70 тысяч рублей за нападение животного на школьника в Чунском районе,https://dzen.ru/a/aqqQBU5PhhqP2wMP,10,0,42,"Прокуратура Чунского района провела проверку по обращению местной жительницы, которая просила защитить права своего ребенка. В июле 2025 года на 10-летнего сына заявительницы в поселке Чунский по доро"
irk.ru,2026-09-16 12:13,article,Депутаты Заксобрания проверили состояние дороги Нижнеудинск -- Порог,https://dzen.ru/a/aqqIOh3cWgqrLgGi,3,0,148,"Депутаты Законодательного собрания Елена Крыжановская, Тимур Сагдеев, Дмитрий Мясников, Виктор Побойкин во главе с председателем Александром Ведерниковым во время рабочего визита в Нижнеудинский район"
irk.ru,2026-09-16 11:43,article,"Мосгорсуд освободил водителей фур, доставивших дроны к военной части в Среднем",https://dzen.ru/a/aqqBH98hLg35lPLJ,239,6,81,"16 сентября Мосгорсуд освободил четырех водителей большегрузов, доставивших к военной части в Среднем беспилотники перед атакой. Их обвиняли в теракте, однако доказательства следствия признали недоста"
irk.ru,2026-09-16 11:12,article,"Окна, в которых живет Иркутск. Проект «И-сторис» стал точкой притяжения для горожан",https://dzen.ru/a/aqp5vUjUgT5jhvwZ,25,0,336,"Гульнара Строкань умеет сделать обычную экскурсию похожей на уличный спектакль: где-то пошутить, где-то сделать паузу, где-то перейти на шепот. Она не читает лекций и не перегружает слушателей датами,"
irk.ru,2026-09-16 11:04,article,Реконструкцию ключевого для Иркутска водозабора выполнили на 40%,https://dzen.ru/a/aqp4O98hLg35lLUr,21,0,57,"Продолжается реконструкция Ершовского водозабора, обеспечивающего питьевой водой жителей Иркутска и Шелехова. Строительная готовность объекта достигла 40%, сообщил мэр Руслан Болотов в своих соцсетях."
irk.ru,2026-09-16 10:32,article,В Шелехове троих мужчин осудили за незаконный оборот нефрита на 20 миллионов рублей,https://dzen.ru/a/aqpwnk5PhhqP2pXP,76,0,65,Шелеховский городской суд Иркутской области рассмотрел уголовное дело в отношении троих мужчин — иркутянина и двух жителей Бурятии. Злоумышленников признали виновными в незаконном обороте самовольно д
irk.ru,2026-09-16 10:03,article,В Иркутске арестовали подозреваемых в похищении человека и разбойном нападении,https://dzen.ru/a/aqpqF98hLg35lFPb,78,0,56,"Троих молодых людей в возрасте от 20 до 21 года обвиняют в похищении жителя Иркутска по предварительному сговору и с угрозой применения насилия, а также в разбойном нападении. Соучастников арестовали,"
irk.ru,2026-09-16 09:35,article,В Черемхово после модернизации открылась Центральная детская библиотека,https://dzen.ru/a/aqpi8UjUgT5jhmAJ,10,0,111,"16 сентября в Черемхово торжественно открыли обновленную Центральную детскую библиотеку. В церемонии участвовали министр культуры Иркутской области Олеся Полунина, депутат Госдумы Сергей Тен и мэр гор"
irk.ru,2026-09-16 09:09,article,По инициативному проекту в Тулуне появится памятник участникам СВО,https://dzen.ru/a/aqpdR0jUgT5jhjs-,18,0,178,"Председатель Законодательного собрания Иркутской области Александр Ведерников вместе с депутатами Еленой Крыжановской, Тимуром Сагдеевым и Дмитрием Мясниковым во время рабочей поездки ознакомились с с"
irk.ru,2026-09-16 08:38,article,"В Приангарье суд рассмотрит дело группы молодых людей, совершивших теракт",https://dzen.ru/a/aqpWK0jUgT5jhgjn,218,1,50,"В Иркутской области перед судом предстанет группа молодых людей, обвиняемых в террористической деятельности и легализации денег, полученных преступным путем. Двое соучастников — подростки, сообщает пр"
irk.ru,2026-09-16 08:07,article,Денис Мацуев прошелся по набережной Иркутска и сыграл на пианино,https://dzen.ru/a/aqpPDU5PhhqP2iBy,252,0,33,Днем 16 сентября 2026 года иркутяне заметили известного пианиста Дениса Мацуева гуляющим по бульвару Гагарина. Музыкант дошел до нового амфитеатра на набережной Ангары и порадовал горожан виртуозной и
irk.ru,2026-09-16 08:03,short,"Вот кого можно встретить, прогуливаясь по набережной Иркутска! А вы узнали музыканта? Денис Мацуев сыграл на пианино в новом амфитеатре. Видео: Маргарита Романова",https://dzen.ru/shorts/6aaa4b4cdb08b02630235d25,375,0,35,
irk.ru,2026-09-16 07:37,article,В Ангарске школьница отдала мошенникам два миллиона рублей из-за коробки конфет,https://dzen.ru/a/aqpH8EjUgT5jhag1,1873,0,40,"В Ангарске 16-летняя девушка передала мошенникам более двух миллионов рублей семейных сбережений. В полицию с заявлением обратилась 42-летняя мать потерпевшей, сообщает пресс-служба ГУ МВД России по И"
irk.ru,2026-09-16 07:03,article,Первый снег прогнозируется в Иркутской области 17 сентября,https://dzen.ru/a/aqo_x0jUgT5jhXXy,58,0,54,"17 сентября 2026 года на севере Иркутской области ожидается первый снег. До 19 сентября прогнозируются заморозки от -2 до -7 градусов, сообщается на сайте иркутского гидрометцентра. При этом на больше"
irk.ru,2026-09-16 06:02,article,В парках и скверах Иркутска восстановили 250 квадратных метров асфальта,https://dzen.ru/a/aqoxk0jUgT5jhR8F,29,0,37,"В Иркутске под контролем МКУ «Городская среда» обновляют покрытие в общественных пространствах. Специалисты уже отремонтировали 250 квадратных метров асфальта, сообщает пресс-служба мэрии. По словам п"
irk.ru,2026-09-16 05:33,article,Мемориал воинам специальной военной операции возведут в Нижнеудинске,https://dzen.ru/a/aqoqd98hLg35kqa9,21,0,132,В Нижнеудинске по инициативе местных жителей строят мемориал в честь участников специальной военной операции. Ход работ оценил губернатор Иркутской области Игорь Кобзев во время рабочей поездки в горо
irk.ru,2026-09-16 04:58,article,"В Усть-Илимском районе полицейские застрелили медведя, чтобы защитить людей",https://dzen.ru/a/aqoiqEjUgT5jhMUT,668,0,45,"Полицейские в Усть-Илимском районе применили табельное оружие для защиты жителей от медведя. Инцидент произошел 15 сентября, сообщает пресс-служба ГУ МВД России по Иркутской области. В полицию поступи"
irk.ru,2026-09-16 04:31,article,В Иркутске стартовали обменные гастроли театра имени Н. А. Бестужева из Улан-Удэ,https://dzen.ru/a/aqob7d8hLg35klXt,30,0,212,С 15 по 19 сентября 2026 года на сцене Иркутского академического драматического театра имени Н. П. Охлопкова проходят гастроли Государственного русского драматического театра имени Н. А. Бестужева. Ко
irk.ru,2026-09-16 04:01,article,На улице Советской в Иркутске автомобиль провалился в двухметровый котлован,https://dzen.ru/a/aqoU0EjUgT5jhH9Z,85,0,23,15 сентября 2026 года возле дома № 182 на улице Советской в Иркутске легковой автомобиль провалился в двухметровую яму. ДТП произошло рядом с остановкой «Ипподром». Коммунальные службы выкопали транше
irk.ru,2026-09-16 03:32,article,Водитель Toyota Sai погиб в массовом ДТП в Ангарске,https://dzen.ru/a/aqoOb98hLg35khHq,70,0,37,"Сотрудники полиции выясняют обстоятельства ДТП в Ангарске. В результате аварии погиб человек, сообщает пресс-служба ГУ МВД России по Иркутской области. Инцидент произошел около 20:00 15 сентября. По п"
irk.ru,2026-09-16 03:12,article,В Иркутске гендиректора стройфирмы осудили за организацию въезда в РФ рабочих-иностранцев,https://dzen.ru/a/aqoJck5PhhqP2Vei,172,0,74,Куйбышевский районный суд Иркутска вынес приговор по уголовному делу в отношении 55-летнего местного жителя. Руководителя строительной компании признали виновным в организации незаконного въезда в РФ 
irk.ru,2026-09-16 02:36,article,Мемориальную доску кавалеру ордена Мужества Евгению Суслову установили в Иркутске,https://dzen.ru/a/aqoA7x3cWgqrLGBp,43,0,93,"В Иркутске на фасаде школы № 23 на улице Советской, 172 появилась мемориальная доска. Памятный знак посвящен выпускнику учреждения, кавалеру ордена Мужества Евгению Суслову, сообщает пресс-служба адми"
irk.ru,2026-09-16 02:35,article,«Наше развитие – в детях»: родители десятерых детей из Иркутской области рассказали о быте,https://dzen.ru/a/aqoA7t8hLg35kc6q,36,0,518,"История семьи началась в 2000 году, когда Алёна и Александр были еще школьниками. Девушка ждала встречу с будущим мужем с нетерпением и просила о ней в молитвах, и однажды даже написала письмо Богу, г"
irk.ru,2026-09-16 02:01,article,Пожароопасный сезон завершается в Иркутской области,https://dzen.ru/a/aqn4Z98hLg35kaDP,7,0,49,"В Иркутской области снижается риск возгораний в лесах. С 14 сентября 2026 года период высокой пожароопасности прекратился в двух лесничествах — Бодайбинском и Мамском, сообщает пресс-служба правительс"
irk.ru,2026-09-16 01:31,article,У детсада во Втором Иркутске обустроят тротуар,https://dzen.ru/a/aqnyAh3cWgqrLDzQ,7,0,75,Благоустройство продолжается в избирательных округах № 9 и № 21 депутатов думы Иркутска Павла Кудеева и Юрия Коренева. Во Втором Иркутске для безопасности детей и родителей обустроят пешеходную зону р
irk.ru,2026-09-16 01:09,article,Тайна одинокого носка и пакет на сэргэ: что остается в Листвянке после туристов,https://dzen.ru/a/aqnsVE5PhhqP2RIO,84,0,339,"В Листвянку мы с фотографом Маргаритой Романовой приехали в будний сентябрьский день. Вышли из машины неподалеку от недавно установленной площадки со скамейками и столбами сэргэ, и практически сразу и"
irk.ru,2026-09-03 01:16,short,"Сколько иркутяне потратили, чтобы собрать детей в школу? Об этом мы спросили горожан на улицах города",https://dzen.ru/shorts/6a98ca49d8b38e70e4f257b4,19,0,116,
livennov,2026-09-19 07:18,article,Режим опасности по БПЛА ввели в Нижегородской области в ночь на 19 сентября,https://dzen.ru/a/aq4410jUgT5jner8,0,0,24,"Жителей Нижегородской области предупредили о введении режима беспилотной опасности 19 сентября. Он начал действовать почти с двух часов ночи, сообщили в пресс-службе ГУ МЧС России по региону. Граждан "
livennov,2026-09-19 05:07,short,Милота дня! Это я учусь плавать 😂,https://dzen.ru/shorts/6aa93bc01f92461355b29a54,8,0,48,
livennov,2026-09-19 04:00,article,Народные приметы на 20 сентября: чего нельзя делать в Луков день?,https://dzen.ru/a/aq4JS0jUgT5jnNlN,48,0,176,"20 сентября православные вспоминают преподобного Луку Глубокореченского. В народном календаре — Луков день. На Руси в это время обычно начиняли мясом большие луковицы, избегали ссор и свадеб, а также "
livennov,2026-09-18 14:10,article,Медики ПИМУ спасли 21-летнего студента с ожогами 90% тела,https://dzen.ru/a/aq1GdU5PhhqP4yYf,6383,12,86,"Врачи ПИМУ спасли 21-летнего студента техуниверситета, который поступил в мае с тяжелейшими ожогами — было поражено 90% тела. Сегодня молодой человек, еще недавно находившийся на грани жизни и смерти,"
livennov,2026-09-18 13:57,article,Явка на выборах в Нижегородской области к 15:00 составила почти 13%,https://dzen.ru/a/aq1Dhx3cWgqrNjTC,76,0,28,"Избирательная комиссия Нижегородской области озвучила промежуточную явку на 15:00 18 сентября. Общая явка с учетом электронного голосования — 12,89%. Это  318 497 избирателей, сообщили в облизбиркоме."
livennov,2026-09-18 13:50,article,Фонтаны в Нижнем Новгороде перестанут работать с 30 сентября,https://dzen.ru/a/aq1CEUjUgT5jl_Jh,0,0,29,Муниципальные фонтаны Нижнего Новгорода перестанут работать 30 сентября. Об этом сообщили в мэрии. В 2026 году с 1 мая по 30 сентября в городе работали 25 муниципальных фонтанов. А с 1 по 15 октября п
livennov,2026-09-18 13:49,article,Мошенник-тренер из Дзержинска обжаловал приговор и попал на 180 тысяч рублей,https://dzen.ru/a/aq1CEh3cWgqrNi-W,424,1,68,"Тренер по фитнесу Феликс Джабаров из Дзержинска пытался обжаловать приговор, но в итоге теперь еще и должен выплатить моральную компенсацию потерпевшим клиенткам. Об этом сообщили в Нижегородском облс"
livennov,2026-09-18 13:33,article,Наблюдатели не зафиксировали нарушений на выборах в Нижегородской области,https://dzen.ru/a/aq0-a0jUgT5jl9XW,43,0,47,"Сообщений о нарушениях в ходе голосования в Нижегородской области пока не поступало. Об этом сообщил общественный штаб по наблюдению за выборами, проверивший более 50 участковых комиссий. Отдельная гр"
livennov,2026-09-18 13:32,article,НГХМ выиграл грант на проект для незрячих посетителей,https://dzen.ru/a/aq09sx3cWgqrNh0G,3,0,58,"Нижегородский государственный художественный музей победил в грантовом конкурсе благотворительного фонда «Искусство, наука и спорт». Конкурс был посвящен проектам по социокультурной реабилитации незря"
livennov,2026-09-18 12:11,article,"Нижегородцам рассказали, как они будут отдыхать в 2027 году",https://dzen.ru/a/aq0qi98hLg35pRDI,384,0,37,"Премьер-министр Михаил Мишустин подписал документ о том, как россияне (и нижегородцы в том числе) будут отдыхать в 2027 году. Постановление об этом опубликовано на сайте правительства России. Новогодн"
livennov,2026-09-18 12:00,article,Беспилотную опасность объявили в Нижегородской области второй раз за сутки,https://dzen.ru/a/aq0oTt8hLg35pP9y,239,0,22,"Режим беспилотной опасности объявили в Нижегородской области 18 сентября. Это произошло в 14:38, сообщили в региональной системе РСЧС. В этот день уже вводили и снимали режим беспилотной опасности. Он"
livennov,2026-09-18 11:28,article,Народные приметы на 19 сентября: чего нельзя делать на Михайлово чудо?,https://dzen.ru/a/aq0hBh3cWgqrNbTZ,6747,1,187,"19 сентября верующие вспоминают архангела Михаила, день получил название «Михайлово чудо». В старину эта дата была связана с рядом примет и обычаев. Так, на Руси было принято сидеть дома, отказываться"
livennov,2026-09-18 11:14,article,Билеты на футбольный матч с Нигерией в Нижнем Новгороде продают от 500 рублей,https://dzen.ru/a/aq0dY0jUgT5jluW9,5,0,37,"Стартовала продажа билетов на матч сборной России со сборной Нигерии, который состоится на «Совкомбанк Арене» в Нижнем Новгороде. Игра пройдет 6 октября, сообщили в Российском футбольном союзе. Судя п"
livennov,2026-09-18 10:35,article,Отопительный сезон в Выксе и Богородске начнется на следующей неделе,https://dzen.ru/a/aq0Uqd8hLg35pHZr,5,0,48,"На следующей неделе отопление включат в Выксунском и Богородском округах Нижегородской области. «Живем в Нижнем» рассказывает, когда и в каких еще округах планируют начать отопительный сезон. 23 сентя"
livennov,2026-09-18 10:27,article,Обследования для курящих нижегородцев включат в диспансеризацию с 2027 года,https://dzen.ru/a/aq0SeR3cWgqrNYGM,629,0,47,"В 2027 году на диспансеризации будут уделять больше внимания курящим россиянам и нижегородцам в том числе. В перечень вошло несколько обследований для любителей сигарет, вейпов и кальянов, рассказал г"
livennov,2026-09-18 09:56,article,Появилась программа джазового фестиваля в нижегородском парке «Швейцария»,https://dzen.ru/a/aq0MBEjUgT5jlnZM,13,0,114,"Фестиваль «Осень в Швейцарии. Джаз народов» стартует в нижегородском парке 18 сентября (0+). В течение трех дней там будут выступать известные музыканты, рассказали представители общественного простра"
livennov,2026-09-18 09:04,article,Спикер ЗС Нижегородской области Люлин проголосовал на выборах,https://dzen.ru/a/aqz_VUjUgT5jliAM,51,0,43,Председатель Законодательного собрания Нижегородской области Евгений Люлин проголосовал в первый день выборов депутатов Госдумы IX созыва и депутатов Заксобрания области VIII созыва. Об этом он расска
livennov,2026-09-18 08:55,article,Ретропоезд «Красная птица» повезет нижегородцев в Дзержинск 27 сентября,https://dzen.ru/a/aqz9FN8hLg35o9O7,202,0,59,"Жители Нижнего Новгорода смогут отправиться в Дзержинск на экскурсионном ретроэлектропоезде ЭР9Е «Красная птица». Рейс запланирован на 11:25 в следующее воскресенье, 27 сентября. Об этом рассказали в "
livennov,2026-09-18 08:31,article,Жители Борского округа видели «космическую медузу» в небе вечером 17 сентября,https://dzen.ru/a/aqz3R0jUgT5jleh5,78,0,47,Борчане видели «космическую медузу» в небе поздно вечером 17 сентября. Фотографии появились в телеграм-канале «Твой Бор». Это след от грузового космического судна. Свечение напоминало большой широкий 
livennov,2026-09-18 08:31,article,Нижегородский губернатор Глеб Никитин проголосовал в первый день выборов,https://dzen.ru/a/aqz3RE5PhhqP4g8D,42,0,48,"Губернатор Нижегородской области Глеб Никитин проголосовал на выборах депутатов Госдумы и регионального парламента. Глава региона отдал свой голос на избирательном участке, назвав такой поступок важны"
livennov,2026-09-18 08:25,article,Мебельный цех закрыли на 14 дней в Нижегородской области из-за мигранта,https://dzen.ru/a/aqz1zkjUgT5jld88,81,0,28,Деятельность мебельного цеха приостановили на две недели в Нижегородской области из-за нарушения миграционного законодательства. Об этом сообщили в пресс-службе регионального ГУ ФССП. По информации ве
livennov,2026-09-18 08:19,article,Сильные магнитные бури обрушатся на Нижний Новгород с 24 по 27 сентября,https://dzen.ru/a/aqz0YB3cWgqrNRjV,754,2,30,"Нижегородцев предупредили о мощных магнитных бурях, которые обрушатся на Землю на следующей неделе. Об этом свидетельствуют данные сайта my-calend.ru. Как стало известно, геошторм задержится в регионе"
livennov,2026-09-18 08:04,article,«Концлагерь» для собак в квартире в Дзержинске устроила экс-учительница,https://dzen.ru/a/aqzwt98hLg35o340,190,0,38,"Жительница Дзержинска, в квартире которой нашли 5 мертвых далматинцев и еще 13 истощенных животных, ранее работала в школе. Об этом пишет телеграм-канал Ni Mash. Напомним, что зоозащитники проникли в "
livennov,2026-09-18 08:00,article,«Жигули» с подростком за рулем перевернулись после ДТП в Нижнем Новгороде,https://dzen.ru/a/aqzv_t8hLg35o3iZ,81,0,24,"Подросток за рулем «Жигулей» сбил мужчину на электровелосипеде. ДТП случилось в Нижнем Новгороде вечером 17 сентября, рассказали в Госавтоинспекции Нижегородской области. Авария произошла на Светлоярс"
livennov,2026-09-18 07:36,article,Объемы поставок бензина на нижегородские АЗС выросли на 17%,https://dzen.ru/a/aqzqQ0jUgT5jlZBH,32,0,28,"За прошедшую неделю в Нижегородской области зафиксировали увеличение объемов поставок бензина на АЗС. По сравнению с аналогичным периодом 2025-го показатель увеличился на 17%, сообщили в региональном "
livennov,2026-09-18 07:35,article,Щит «Алена» преодолел первые 100 метров на пути к площади Свободы,https://dzen.ru/a/aqzqLN8hLg35o0_C,161,0,22,"Тоннелепроходческий комплекс (ТПМК) «Алена» успешно преодолел первый важный рубеж в 100 метров, прокладывая правый перегонный тоннель под улицей Горького в Нижнем Новгороде. Об этом сообщает «Метро НН"
livennov,2026-09-18 06:47,article,54-летнего жителя Кстова осудят за незаконную переделку оружия,https://dzen.ru/a/aqzfR98hLg35owQy,9,0,25,"Полицейские поймали жителя Кстова на незаконной переделке оружия. Об этом сообщили в пресс-службе ГУ МВД России по Нижегородской области. Как стало известно, 54-летний мужчина в своей квартире изготов"
livennov,2026-09-18 05:35,article,"Пляж, скейт-парк и амфитеатр появились в нижегородском парке 77-летия",https://dzen.ru/a/aqzN1E5PhhqP4YZr,4,0,53,"Парк имени 777-летия Нижнего Новгорода благоустроили. Там появились пляжная зона с амфитеатром, скейт-парк, сцена с перголой, прогулочные дорожки, детские и спортивные площадки. Об этом мэр Юрий Шалаб"
livennov,2026-09-18 05:34,article,Аэропорт Нижнего Новгорода работал с ограничениями 18 сентября,https://dzen.ru/a/aqzN2N8hLg35opCf,11,0,23,Ограничения на использование воздушного пространства отменили в Нижнем Новгороде 18 сентября. Об этом сообщили в Росавиации. В связи с принятыми для обеспечения безопасности мерами аэропорт имени В.П.
livennov,2026-09-18 05:33,article,2 174 избирательных участка открылись в Нижегородской области утром 18 сентября,https://dzen.ru/a/aqzN2N8hLg35opCl,105,0,30,"В восемь часов утра в Нижегородской области открылись 2 174 избирательных участка. Об этом сообщили в пресс-службе регионального избиркома. Утром в избирательных участках прозвучал гимн РФ, который си"
livennov,2026-09-17 14:10,article,Передвижные камеры в Нижегородской области начали выявлять новые нарушения ПДД,https://dzen.ru/a/aqv2DU5PhhqP3ylW,99,0,38,"Передвижные камеры видеонаблюдения теперь смогут выявлять не только любителей превышать скорость на дорогах. Теперь комплексы автоматически определяют выезд на встречную полосу, телефон за рулем, непр"
livennov,2026-09-17 13:36,article,Новый речной маршрут Чкаловская лестница — Стрелка открылся в Нижнем Новгороде,https://dzen.ru/a/aqvtgd8hLg35nY5b,28,0,72,"Новую речную переправу между Чкаловской лестницей и Стрелкой открыли в Нижнем Новгороде. Первый рейс выполнило современное электросудно «НиНо» проекта «Фонтанка 2.0», сообщили в правительстве региона."
livennov,2026-09-17 13:17,article,Экс-директор нижегородской школы № 117 осуждена из-за пострадавших учеников,https://dzen.ru/a/aqvpTEjUgT5jj8zs,443,0,45,"Экс-директора школы №117 Нижнего Новгорода Татьяну Феоктистову судили за превышение должностных полномочий. Она распорядилась убрать рамки металлоискателя, в итоге один из школьников пронес в учебное "
livennov,2026-09-17 12:46,article,18 школ и 28 детсадов Нижегородской области частично не работают из-за ОРВИ,https://dzen.ru/a/aqvhjE5PhhqP3uMM,623,0,31,Учебный процесс частично приостановили в 55 классах 18 школ Нижегородской области из-за ОРВИ. По той же причине в 27 детсадах пока закрыты 28 групп. Об этом сообщили в Роспотребнадзоре по Нижегородско
livennov,2026-09-17 12:13,article,Нижегородский омбундсмен добилась увольнения бойца СВО с расстройством психики,https://dzen.ru/a/aqvaSkjUgT5jj2M8,196,0,59,"Нижегородца с психическим расстройством взяли на СВО. Без жизненно важных лекарств он мог погибнуть, рассказала уполномоченный по правам человека в Нижегородской области Оксана Кислицына. По словам ом"
livennov,2026-09-17 11:43,article,Мосгорсуд объявил дочь Бориса Немцова в международный розыск,https://dzen.ru/a/aqvSs98hLg35nNFt,19,0,27,"Мосгорсуд объявил Жанну Немцову, дочь бывшего нижегородского губернатора Бориса Немцова, в международный розыск. Об этом сообщает РИА Новости. Судья огласила решение во время заседания, на котором рас"
livennov,2026-09-17 10:24,article,Часть школ Кстова перевели на удаленку после атаки дронов 17 сентября,https://dzen.ru/a/aqvADEjUgT5jjq45,12,0,28,"Ученики некоторых школ Кстова учатся дистанционно в четверг, 17 сентября. Такое решение было принято после ночной атаки беспилотников, сообщили в  департаменте образования администрации Нижнего Новгор"
livennov,2026-09-17 10:11,article,Отопительный сезон в Нижнем Новгороде начнется 21 сентября,https://dzen.ru/a/aqu9IN8hLg35nEFP,111,0,37,"Отопление в Нижнем Новгороде, как и планировалось, включат в понедельник, 21 сентября. Об этом сообщил глава города Юрий Шалабаев в своих соцсетях. Первыми тепло получат детсады и больницы, а потом уж"
livennov,2026-09-17 09:47,article,Первые снегопады накроют Нижний Новгород с 12 по 16 октября,https://dzen.ru/a/aqu3Ud8hLg35nBmU,270,0,47,"Первый снег в Нижнем Новгороде ожидается в начале октября. По данным сервиса «Яндекс. Погода», снегопады начнутся до 12 октября и продлятся до 16-го. По предварительному прогнозу, 13 октября днем буде"
livennov,2026-09-17 08:51,article,Пенсионерка из Дзержинска лишилась 2 млн рублей из-за мошенников,https://dzen.ru/a/aquqQB3cWgqrMT4t,5,0,34,Мошенники под видом сотрудников правоохранительных органов и Центробанка выманили у 73-летней жительницы Дзержинска больше 2 млн рублей. Об этом сообщили в пресс-службе ГУ МВД России по региону. За не
livennov,2026-09-17 08:37,article,Водителей предупредили об ограничениях на нижегородском участке трассы М-7,https://dzen.ru/a/aqunWU5PhhqP3hye,903,1,26,Реверсивное движение временно ввели на участке трассы М-7 в Лысковском районе Нижегородской области. Об этом сообщили в районной администрации. Неудобства для водителей связаны с ремонтом на отрезке д
livennov,2026-09-17 08:16,article,Нижегородские стоматологи переходят на обязательное обезболивание,https://dzen.ru/a/aquiT05PhhqP3g1O,1908,0,46,С 1 октября в Нижегородской области и в других субъектах страны вводится обязательное обезболивание при лечении зубов. Об этом сообщил главный редактор МИА «Стационар-пресс» Алексей Никонов. По словам
livennov,2026-09-17 07:52,article,Сильный грохот разбудил жителей Кстова 17 сентября,https://dzen.ru/a/aquc1kjUgT5jjb86,548,0,25,Жители Кстовского района в Нижнем Новгороде проснулись от сильного грохота 17 сентября. Об этом они рассказали в социальных сетях. Прошедшей ночью в регионе работала противовоздушная оборона. Всего бы
livennov,2026-09-17 07:30,article,"Здание бывшей земской управы в Ардатове выставили на торги за 19,3 млн рублей",https://dzen.ru/a/aquXwkjUgT5jjZ5j,3,0,36,В Ардатове ищут нового собственника для здания бывшей земской управы. Об этом сообщил заместитель губернатора Егор Поляков. Памятник архитектуры регионального значения 1897 года постройки находится на
livennov,2026-09-17 07:19,article,Инвестор вложит 335 млн рублей в строительство крематория в Дзержинске,https://dzen.ru/a/aquU5d8hLg35mzc7,363,1,23,"Строительство кремационного комплекса запланировано в городе Дзержинске. Участок под проект согласовал нижегородский земельный совет, сообщил замглавы региона Егор Поляков. Инвестор — компания «Спецко"
livennov,2026-09-17 06:56,article,Почти 25 000 нижегородцев получили ежегодную семейную выплату с 1 июня,https://dzen.ru/a/aquPwR3cWgqrMOnU,243,0,53,Нижегородский Социальный фонд перечислил ежегодную семейную выплату почти 25 000 жителям. Об этом сообщили в пресс-службе регионального отделения СФР. До 1 октября нижегородцы еще могут успеть подать 
livennov,2026-09-17 06:35,article,Режим опасности по БПЛА отменили в Нижегородской области 17 сентября,https://dzen.ru/a/aquKpN8hLg35mvTU,0,0,22,Нижегородцам сообщили о снятии режима беспилотной опасности на территории региона. Он действовал с 22:10 16 сентября до 09:04 17 сентября. Граждан просят не приближаться к обломкам БПЛА при их обнаруж
livennov,2026-09-17 06:22,article,Юрий Шалабаев высказался об атаке БПЛА в Нижнем Новгороде 17 сентября,https://dzen.ru/a/aquHuR3cWgqrMNFw,893,0,43,"Мэр Нижнего Новгорода Юрий Шалабаев рассказал о последствиях ночной атаки ВСУ. Напомним, что в регионе сбили 43 беспилотника. К счастью, обошлось без жертв. Зафиксированы повреждения остекления нескол"
livennov,2026-09-17 06:20,article,Росфинмониторинг внес троих нижегородцев в список террористов и экстремистов,https://dzen.ru/a/aquHFB3cWgqrMM-b,56,0,25,"Трое жителей Нижегородской области попали в список террористов и экстремистов. Соответствующая информация опубликована на сайте Росфинмониторинга. По данным ведомства, в перечень включили 18-летнего у"
livennov,2026-09-17 05:56,article,Стекла жилых домов выбило во время атаки БПЛА в Нижегородской области,https://dzen.ru/a/aquBLUjUgT5jjRIo,21,0,28,"Остекление нескольких жилых домов повреждено в результате атаки БПЛА в Нижегородской области 17 сентября, сообщил губернатор Глеб Никитин. «Падение обломков вызвало повреждения остекления нескольких ж"
livennov,2026-09-17 05:50,article,Глеб Никитин высказался об атаке БПЛА в Нижегородской области 17 сентября,https://dzen.ru/a/aqt_ux3cWgqrMLti,3,0,24,"Губернатор Нижегородской области в «Максе» опубликовал информацию об атаке беспилотников ночью и утром 17 сентября. По его словам, в регионе отразили атаке 43 БПЛА. Из-за падения обломков выбило стекл"
livennov,2026-09-17 05:43,article,Атака 43 беспилотников отражена в Нижегородской области 17 сентября,https://dzen.ru/a/aqt-TB3cWgqrMLdI,77,0,26,"Ночью и утром 17 сентября в Нижегородской области отразили атаку 43 БПЛА, сообщил губернатор Глеб Никитин. По предварительной информации, пострадавших нет, но обломки беспилотников повредили остеклени"
livennov,2026-09-17 05:10,short,Милота дня! Странная семейка 😍,https://dzen.ru/shorts/6aa93b0d1f1129659f24c2c1,16338,3,48,
livennov,2026-09-17 04:00,article,Народные приметы на 18 сентября: чего нельзя делать в день Осенней Кумохи?,https://dzen.ru/a/aqtmiEjUgT5jjHni,6144,3,232,18 сентября верующие вспоминают родителей Иоанна Предтечи. В этот день принято чтить память пророка Захарии и праведной Елисаветы. На Руси эта дата носила название «Осенняя Кумоха» или «Кумохин день».
livennov,2026-09-16 15:56,article,ННГУ получит землю под строительство Центра особо чистой химии,https://dzen.ru/a/aqq8ft8hLg35loDZ,37,0,48,Университет имени Лобачевского получит участок под Центр особо чистой химии. Соответствующее решение было принято на очередном заседании Нижегородского совета по земельным отношениям. Об этом сообщили
livennov,2026-09-16 15:43,article,Отделение Нижегородского кардиоцентра капитально отремонтировали за 28 млн рублей,https://dzen.ru/a/aqq5lx3cWgqrLqRp,61,0,80,Капремонт рентгенохирургического отделения Нижегородского кардиоцентра обошелся в 28 миллионов рублей. Работы были организованы в рамках флагманского регионального проекта «Квартал здоровья». Об этом 
livennov,2026-09-16 15:01,article,Мурал в честь погибшего на СВО Александра Румянцева открыли в Нижнем Новгороде,https://dzen.ru/a/aqqviEjUgT5jiGde,72,2,48,В Нижнем Новгороде создали 358-й арт-объект в рамках регионального проекта «Образ Победы. Герои нашего времени». Посвященный погибшему участнику СВО Александру Румянцеву мурал появился на улице Федосе
livennov,2026-09-16 14:44,article,Заместитель гендиректора ФК «Нижний Новгород» Криворучко ушел с поста,https://dzen.ru/a/aqqr7d8hLg35lhYN,10,0,37,Футбольный клуб «Нижний Новгород» остался без заместителя генерального директора по развитию детского и молодежного спорта. Александр Криворучко оставил свой пост. Об этом сообщается в соцсетях нижего
livennov,2026-09-16 14:04,article,Электробус загорелся в Нижнем Новгороде 16 сентября,https://dzen.ru/a/aqqibB3cWgqrLltG,14,0,26,16 сентября в Нижнем Новгороде пришлось тушить электробус. Машина загорелась на улице Генерала Ивлиева. Об этом сообщили в ГУ МЧС по региону. Площадь пожара составила 25 «квадратов». С огнем боролись 
livennov,2026-09-16 13:28,article,Работники поликлиники №30 спасли пациентов со смертельно опасными симптомами,https://dzen.ru/a/aqqZrx3cWgqrLj65,11,0,50,"Медики нижегородской поликлиники №30 вызвали скорую помощь к пациентам, пришедшим на амбулаторный прием. У них были обнаружили критические показатели давления. Об этом сообщает «Стационар-Пресс». Перв"
livennov,2026-09-16 13:05,article,Средняя зарплата в Нижегородской области приблизится к 95000 рублей в 2027 году,https://dzen.ru/a/aqqUlU5PhhqP2xOY,81,0,32,"Заксобрание Нижегородской области рассмотрит подготовленный правительством проект об определении коэффициента, отражающего обстановку на рынке труда региона. На основе этих данных можно будет рассчита"
livennov,2026-09-16 12:35,article,Обследованием труб в Нижнем Новгороде займутся высокотехнологичные роботы,https://dzen.ru/a/aqqNud8hLg35lU1r,11,0,45,"Предприятие «Объединенный коммунальный оператор» будет использовать высокотехнологичных роботов для обследования труб. Три уникальных устройства смогут пройти и даже проплыть там, где техника предыдущ"
livennov,2026-09-16 12:09,article,Евгений Люлин разъяснил порядок компенсации затрат родных раненых бойцов,https://dzen.ru/a/aqqHLd8hLg35lSB5,1,0,75,"Председатель Заксобрания Нижегородской области Евгений Люлин рассказал, каким образом должны компенсироваться расходы родственников на проезд к раненым бойцам Росгвардии. Свои разъяснения спикер парла"
livennov,2026-09-16 11:37,article,Нижегородская лаборатория выявила потенциально опасное для здоровья молоко,https://dzen.ru/a/aqp_8UjUgT5jhyUW,386,1,49,Химики Нижегородской испытательной лаборатории ФГБУ «ВНИИЗЖ» обнаружили в исследуемом молоке несоответствия по жирнокислотному составу. Об этом сообщили в Управлении Россельхознадзора по Нижегородской
livennov,2026-09-16 11:18,article,Дума подготовила проект о дополнительной помощи пострадавшим от БПЛА нижегородцам,https://dzen.ru/a/aqp7m98hLg35lM4A,45,0,43,"Гордума Нижнего Новгорода презентовала проект решения о дополнительных мерах социальной поддержки людей, пострадавших от вражеских беспилотников. Его обсудили на заседании постоянной комиссии по бюдже"
livennov,2026-09-16 10:39,article,60-летний мужчина погиб в результате пожара в Шахунье,https://dzen.ru/a/aqpyIEjUgT5jhspC,49,0,26,Возгорание в жилом доме в Шахунье стало причиной гибели мужчины 1967 года рождения. Об этом сообщили в ГУ МЧС России по Нижегородской области 16 сентября. Пожар произошел на улице Луговой. Спасатели у
livennov,2026-09-16 10:27,article,"Доходная часть бюджета Нижнего Новгорода вырастет на 8,4 млрд рублей",https://dzen.ru/a/aqpvOd8hLg35lHmo,35,0,35,"Более 8 млрд рублей дополнительно заложат в казну столицы ПФО в этом году. На такую же сумму вырастет и расходная часть бюджета. Об этом сообщает НИА «Нижний Новгород». Как стало известно, свыше 8,2 м"
livennov,2026-09-16 10:02,article,Тайный схрон с оружием нашли у рецидивиста в Нижегородской области,https://dzen.ru/a/aqppZd8hLg35lE-f,59,0,47,В Нижегородской области полицейские изъяли у рецидивиста солидный запас частей оружия и патронов. По данному факту возбуждено уголовное дело. Подробностями поделились в пресс-службе ГУ МВД России по р
livennov,2026-09-16 09:40,article,Врач-гематолог Наталья Евдокимова скончалась в Нижнем Новгороде на 82 году жизни,https://dzen.ru/a/aqpkUUjUgT5jhmeq,154,0,65,В Нижнем Новгороде ушла из жизни врач-терапевт и гематолог Наталья Михайловна Евдокимова. Ей был 81 год. Об этом сообщили в Приволжском окружном медицинском центре ФМБА России. Медик скончалась 15 сен
livennov,2026-09-16 09:32,article,"Сказка, лес и промзоны: ищем водопады Нижнего Новгорода",https://dzen.ru/a/aqpi105PhhqP2mSN,14,0,409,"Шум воды и брызги на солнце — все это в черте Нижнего Новгорода. В городе, оказывается, есть четыре водопада: одни спрятаны в промзонах, другие — в лесу, а третьи легко найти на карте. Корреспондент п"
livennov,2026-09-16 09:11,article,"Нижегородские поликлиники получат 1,3 млн доз вакцины от гриппа в 2026 году",https://dzen.ru/a/aqpd40jUgT5jhj5E,71,0,44,"В 2026 году Нижегородская область получит 1,305 миллиона доз вакцины от гриппа. Препарат завезут в государственные медучреждения. Об этом рассказала замруководителя Управления Роспотребнадзора по реги"
livennov,2026-09-16 08:51,article,Жители Канавина обсудили перспективы включения своих домов в программу КРТ,https://dzen.ru/a/aqpYrU5PhhqP2kBU,33,0,73,Собрание по вопросу включения ветхих домов в программу комплексного развития территории в Канавинском районе состоялось в Нижнем Новгороде. Об этом сообщили в пресс-службе регионального правительства.
livennov,2026-09-16 08:30,article,Эксперты согласовали проект восстановления Триумфальной арки в Нижнем Новгороде,https://dzen.ru/a/aqpUVN8hLg35k7tT,65,0,30,Проект восстановления Триумфальной арки в Нижнем Новгороде получил положительное заключение негосударственной экспертизы 15 сентября. Соответствующая информация опубликована на портале ГИС ЕГРЗ. Напом
livennov,2026-09-16 08:06,article,Оформление «Карты жителя Нижегородской области» стало доступно в онлайн,https://dzen.ru/a/aqpOgt8hLg35k5NX,1589,0,48,Подать заявление на выпуск льготной «Карты жителя Нижегородской области» теперь можно через официальный портал проекта. Об этом сообщили в пресс-службе регионального правительства. Раньше для оформлен
livennov,2026-09-16 07:36,article,Станция нижегородского метро «Сенная» сократит срок окупаемости «Дома Самгина»,https://dzen.ru/a/aqpHP98hLg35k17z,77,1,33,Открытие станции метро «Сенная» в Нижнем Новгороде позволит ускорить возврат инвестиций в исторический «Дом Самгина». Инвестор рассчитывает сократить срок окупаемости проекта с 7 до 6 лет за счет увел
livennov,2026-09-16 07:28,article,Секции по спортивному программированию появятся в нижегородских школах,https://dzen.ru/a/aqpFxt8hLg35k1dh,75,0,48,ИТ-секции по спортивному программированию запустят в нижегородских школах. Об этом сообщили в пресс-службе НГПУ имени К. Минина. Мининский университет займется подготовкой учителей в рамках проекта «Г
livennov,2026-09-16 07:08,short,Милота дня! Я ж тебя люблу 🤣,https://dzen.ru/shorts/6aa93a48fff8b146741a11af,7684,5,48,
livennov,2026-09-16 06:47,article,Новую площадку для санавиации открыли в нижегородском «Квартале здоровья»,https://dzen.ru/a/aqo7mh3cWgqrLP13,28,0,39,Запуск новой вертолетной площадки для санитарной авиации состоялся в нижегородском «Квартале здоровья». С ее помощью эвакуация тяжелых пациентов в областную детскую больницу и в кардиоцентр будет прох
livennov,2026-09-16 06:32,article,66% нижегородских работодателей не обращают внимания на причину увольнения,https://dzen.ru/a/aqo4tU5PhhqP2dfA,9,0,42,Большинство работодателей Нижнего Новгорода – 66% – нейтрально относятся к формулировке причины увольнения в трудовой книжке кандидатов. Об этом сообщили эксперты SuperJob по результатам опроса. По да
livennov,2026-09-16 06:06,article,Мурашко оценил опыт Нижегородской области в поддержке семей и медицине,https://dzen.ru/a/aqoyK0jUgT5jhSKT,7,0,72,Министр здравоохранения России Михаил Мурашко встретился в Москве с главным врачом нижегородской больницы № 29 Юлией Гаревской. Об этом сообщили в минздраве Нижегородской области. Главной темой разгов
livennov,2026-09-16 06:04,article,Три рейса на вылет и три на прилет задерживают в нижегородском аэропорту,https://dzen.ru/a/aqoyJh3cWgqrLOFy,218,0,31,"В нижегородском аэропорту наблюдается задержка рейсов как на вылет, так и на прилет. Об этом свидетельствуют данные онлайн-табло воздушной гавани имени В.П. Чкалова. Время переназначили для полета в М"
livennov,2026-09-16 06:02,article,"2,2 тонны мяса и морепродуктов без документов выявили в Нижегородской области",https://dzen.ru/a/aqoxbEjUgT5jhR5F,182,0,29,Сотрудники Россельхознадзора совместно с инспекторами ДПС пресекли незаконную перевозку крупной партии продукции животного происхождения. Об этом сообщили в пресс-службе ведомства. В ходе дежурства на
livennov,2026-09-16 06:00,article,Беспилотники начали искать нелегальные свалки в Нижегородской области,https://dzen.ru/a/aqowtEjUgT5jhRna,11,0,63,"Беспилотники «Сибирячок-5», производством которых занимается госкорпорации «Ростех», помогают бороться с нелегальными свалками в Нижегородской области. Они способны обнаруживать грузовики с отходами з"
livennov,2026-09-16 04:00,article,Народные приметы на 17 сентября: чего нельзя делать в день иконы «Неопалимая Купина»?,https://dzen.ru/a/aqoUlt8hLg35ki8z,2148,1,188,17 сентября верующие отмечают праздник в честь иконы Божией Матери «Неопалимая Купина». С давних пор эту святыню можно увидеть в домах православных как оберег от пожара. В центре иконы – изображение Б
livennov,2026-09-15 14:35,article,Сильный дождь накроет юго-восток Нижегородской области 15 сентября,https://dzen.ru/a/aqlYPN8hLg35jhvI,108,0,33,"Вечером 15 сентября на юге и юго-востоке Нижегородской области местами ожидается сильный дождь. Непогода сохранится ночью и утром 16 сентября. Под ливни могут попасть, например, Большое Болдино, Спасс"
livennov,2026-09-15 14:24,article,Нижегородцы расчистили берег Пермяковского озера в рамках акции «360»,https://dzen.ru/a/aqlVVU5PhhqP13dT,4,0,54,"Волонтеры в Нижнем Новгороде вышли на уборку берега Пермяковского озера. Мероприятие прошло в рамках межрегиональной экологической акции «360», которая объединила более 3 тысяч человек по всей России,"
livennov,2026-09-15 13:59,article,Больше 20 учреждений Нижнего Новгорода получили отопление досрочно,https://dzen.ru/a/aqlPhk5PhhqP12Xp,81,0,29,Тепло начало поступать в социальные учреждения Нижнего Новгорода досрочно. Их руководители могут подать заявки на отопление в АО «Объединенный коммунальный оператор» (ОКО). На сегодняшний день тепло у
livennov,2026-09-15 13:22,article,Нижегородцев предупредили о возможных помехах на ТВ с 16 сентября,https://dzen.ru/a/aqlGzUjUgT5jgC93,101,0,38,"С 16 сентября в Нижегородской области начинается осенняя солнечная интерференция. Три недели подряд Солнце, спутник связи и наземный ретранслятор раз в сутки будут выстраиваться в одну линию, что може"
livennov,2026-09-15 12:46,article,Нижний Новгород получит 50 машин из Москвы для зимнего содержания дорог,https://dzen.ru/a/aqk-cB3cWgqrKkvE,88,0,38,Правительство Москвы передаст Нижнему Новгороду 50 единиц коммунальной техники в 2026 году. Об этом на заседании комиссии гордумы по городскому хозяйству рассказала директор департамента транспорта Ел
livennov,2026-09-15 12:28,short,Милота дня! Кот и его лежанки 😆,https://dzen.ru/shorts/6aa9399adb08b02630758938,20118,4,48,
livennov,2026-09-15 10:47,article,Мужчина и женщина задержаны за нападение на водителя трамвая в Нижнем Новгороде,https://dzen.ru/a/aqkjE98hLg35jLuo,86,0,31,"Полицейские задержали 32-летнего нижегородца и 33-летнюю жительницу города Бора, которые избили водителя трамвая на проспекте Гагарина, сообщили в региональном ГУ МВД. Ранее сообщалось, что поздним ве"
livennov,2026-09-15 10:30,article,Два дома сгорели в Семеновском районе Нижегородской области,https://dzen.ru/a/aqken05PhhqP1sCC,30,0,25,"Пожар уничтожил два дачных дома в Семеновском районе Нижегородской области. Об этом сообщили в пресс-службе ГУ МЧС России по региону. Огонь вспыхнул на веранде одного из строений, а затем перекинулся "
livennov,2026-09-15 10:20,article,Нижегородский травматолог прооперировал пациента из Берлина,https://dzen.ru/a/aqkcb98hLg35jI_K,38,0,35,Нижегородский травматолог Алексей Крупко сделал операцию иностранцу. Об этом сообщил главный редактор МИА «Стационар-пресс» Алексей Никонов. Пациент прибыл за оказанием медпомощи из Берлина. Врач устр
livennov,2026-09-15 10:06,article,Трое пассажиров избили водителя трамвая в Нижнем Новгороде,https://dzen.ru/a/aqkY0R3cWgqrKdW-,31,0,41,Гострудинспекция выясняет обстоятельства нападения на водителя трамвая в Приокском районе Нижнего Новгорода. Об этом сообщили в пресс-службе ведомства. Инцидент произошел вечером 14 сентября на проспе
livennov,2026-09-15 09:51,article,Народные приметы на 16 сентября: чего нельзя делать в день Домны Доброродной?,https://dzen.ru/a/aqkVOU5PhhqP1qMt,1528,1,210,"16 сентября православные вспоминают мученицу Домну Никомидийскую. В народном календаре – Домна Доброродная. На Руси в этот день было принято сжигать старые вещи, искать мухоморы и готовить обед только"
livennov,2026-09-15 09:48,article,Нижегородцев предупредили об изменениях в расписании электричек с 15 сентября,https://dzen.ru/a/aqkVLN8hLg35jGWC,58,0,42,Некоторые нижегородские электрички изменили график работы. Об этом пассажиров предупредили в АО «Волго-Вятская пригородная пассажирская компания». Корректировки в расписании составов вызваны техническ
livennov,2026-09-15 09:15,article,Тренер бойцовского клуба в Дзержинске задержан за вымогательство 500 000 рублей,https://dzen.ru/a/aqkNME5PhhqP1opO,18,0,58,Тренер бойцовского клуба в Дзержинске задержан за вымогательство 500 000 рублей у своего коллеги. Об этом сообщили в пресс-службе ГУ МВД России по Нижегородской области. Конфликт начался с массовой др
livennov,2026-09-15 09:07,article,Ремонт «борской дамбы» в Нижегородской области начнется 21 сентября,https://dzen.ru/a/aqkK_0jUgT5jfqwl,139,0,78,"Рабочие приступят к ремонту «борской дамбы» 21 сентября. Ее обновляют в рамках национального проекта «Инфраструктура для жизни», сообщили в Главном управлении автомобильных дорог Нижегородской области"
livennov,2026-09-15 08:38,article,Застройщика и риелтора осудят за обман дольщиков на 324 млн рублей на Бору,https://dzen.ru/a/aqkEfU5PhhqP1m4d,107,0,43,Застройщик и риелтор предстанут перед судом за обман дольщиков в Борском районе на общую сумму 324 млн рублей. Об этом сообщили в пресс-службе прокуратуры. Глава строительной фирмы и индивидуальный пр
livennov,2026-09-15 08:31,article,Уровень подготовки к выборам высоко оценили в Нижегородской области,https://dzen.ru/a/aqkCbt8hLg35i-7h,347,0,118,Глава Миссии наблюдателей от СНГ Ильхом Нематов совершил визит в Нижегородскую область в преддверии Единого дня голосования. После встречи с представителями избиркома и общественного штаба он высоко о
livennov,2026-09-15 08:01,article,Памятник «Мать России» торжественно открыли в Нижегородской области,https://dzen.ru/a/aqj7vt8hLg35i8Od,1897,5,30,"Торжественное открытие памятника «Мать России» состоялось в Нижегородской области. Монумент, посвященный матерям и женам героев войны, установили в Городце. Об этом сообщается в сюжете телекомпании «В"
livennov,2026-09-13 07:09,short,Милота дня! Странные трюки 😂,https://dzen.ru/shorts/6aa3de99e7312336c04e46f5,34643,2,48,
livennov,2026-09-12 05:53,short,Милота дня! Можно я рядом прилягу? 🤣,https://dzen.ru/shorts/6aa3ddbb18536f2c1d4db0d1,15131,3,48,
livennov,2026-09-11 10:38,short,Милота дня! Омолаживающие процедуры 😄,https://dzen.ru/shorts/6aa3d9463dfd68609986154e,19913,2,48,
livennov,2026-09-05 05:43,short,Милота дня! Два садовода 😁,https://dzen.ru/shorts/6a997961065af70a3360cac1,30933,6,48,
livennov,2026-09-04 07:03,short,Милота дня! Вот это артист 😄,https://dzen.ru/shorts/6a99702caf2850023778a178,16308,2,48,
livennov,2026-09-03 13:02,short,Милота дня! Кот-меломан 😆,https://dzen.ru/shorts/6a996e844b42402124ade32a,9998,1,48,
nts,2026-09-19 07:30,article,Ремонт дороги на улице Байкальской в Иркутске завершат к 15 октября,https://dzen.ru/a/aq468k5PhhqP5hP-,0,0,78,Мэр Иркутска Руслан Болотов проверил ход ремонта автомобильной дороги на улице Байкальской — на участке от остановки «ВСИЭП» до улицы Ржанова. Работы идут в рамках двухлетнего контракта по нацпроекту 
nts,2026-09-19 06:20,article,Проект нового аэропорта в Иркутске разработают к 2028 году,https://dzen.ru/a/aq4qoUjUgT5jnZf7,0,0,81,"Предпроектная документация для строительства нового аэропорта города Иркутска полностью разработана и прошла все необходимые согласования. Работу выполнило ФГУП ""Аэропроект"" — Государственный проектно"
nts,2026-09-19 06:05,article,В Иркутской области введён режим повышенной готовности из‑за выходов медведей,https://dzen.ru/a/aq4nFt8hLg35qyV8,0,0,54,Губернатор Иркутской области Игорь Кобзев с 18 сентября ввёл режим повышенной готовности — причина в участившихся выходах медведей к населённым пунктам и нападениях на людей. Указ опубликован на порта
nts,2026-09-19 05:52,article,Три города региона с самым чистым воздухом этим летом назвали учёные из Иркутска,https://dzen.ru/a/aq4kQt8hLg35qxMG,0,0,34,"Учёные из Иркутска выяснили, что воздух в регионе этим летом был чистым. Они зафиксировали низкий уровень загрязнения. Самыми благополучными по этому показателю стали три города – Саянск, Свирск и Анг"
nts,2026-09-19 05:50,article,Восемь многодетных семей Иркутской области получили микроавтобусы,https://dzen.ru/a/aq4kQt8hLg35qxMF,0,0,14,"Общественным транспортом теперь могут не пользоваться восемь многодетных семьей Прибайкалья. Им вручили ключи от микроавтобусов за победу в региональном конкурсе. В нём принимали участие супруги, у ко"
nts,2026-09-19 05:48,article,В Иркутске схема движения общественного транспорта начнёт меняться с 1 ноября,https://dzen.ru/a/aq4jit8hLg35qw9v,0,0,41,"Новую схему движения общественного транспорта разработали в областном центре. Часть трамвайных и троллейбусных маршрутов отменят, а автобусные переименуют и перенаправят. Это решили сделать после обсл"
nts,2026-09-19 05:47,article,«Плавающие» опоры ЛЭП установили в Шелеховском районе из-за болотистой почвы,https://dzen.ru/a/aq4jih3cWgqrOPCr,0,0,8,"Качество электроснабжения в Шелеховском районе улучшается. Там появились особые опоры – плавающие. Как они выглядят и каким образом их устанавливают, увидела Карина Фокирова."
nts,2026-09-19 05:45,article,48 нарушений санитарного законодательства выявили при проверке качества воды в Приангарье,https://dzen.ru/a/aq4i1d8hLg35qwuX,0,0,48,Почти на половине объектов водоснабжения Иркутской области нашли нарушения санитарного законодательства. Это итоги проверки Роспотребнадзора региона за первое полугодие. Специалисты нагрянули с ревизи
nts,2026-09-19 05:42,article,"В первый день выборов в Иркутской области явка избирателей оказалась выше, чем в 2021 году",https://dzen.ru/a/aq4iH0jUgT5jnWTh,0,0,16,"Первый день выборов в Иркутской области прошёл. Явка избирателей на 15 часов 18 сентября составила почти 9,5 процентов, это выше показателя 2021 года. Отличились избиратели Катангского района. Проголо"
nts,2026-09-19 05:39,video_long,Три города региона с самым чистым воздухом этим летом назвали учёные из Иркутска,https://dzen.ru/video/watch/6aae2000db08b026301fafd3,0,0,53,
nts,2026-09-19 05:37,video_long,Восемь многодетных семей Иркутской области получили микроавтобусы,https://dzen.ru/video/watch/6aae1f3a7defab6a1890e213,4,0,132,
nts,2026-09-19 05:35,video_long,В Иркутске схема движения общественного транспорта начнёт меняться с 1 ноября,https://dzen.ru/video/watch/6aae1ed9b0ba502767d8baf7,0,0,64,
nts,2026-09-19 05:33,video_long,«Плавающие» опоры ЛЭП установили в Шелеховском районе из-за болотистой почвы,https://dzen.ru/video/watch/6aae1e657a14aa401fe87238,2,0,112,
nts,2026-09-19 05:31,video_long,48 нарушений санитарного законодательства выявили при проверке качества воды в Приангарье,https://dzen.ru/video/watch/6aae1e08fb5ce0192fef3514,0,0,62,
nts,2026-09-19 05:29,video_long,"В первый день выборов в Иркутской области явка избирателей оказалась выше, чем в 2021 году",https://dzen.ru/video/watch/6aae1d957a14aa401fe757d5,2,0,151,
nts,2026-09-19 05:20,article,Иркутская студентка взяла золото на федеральном чемпионате высоких технологий,https://dzen.ru/a/aq4cgd8hLg35quk8,0,0,57,"Студентка Иркутского энергетического колледжа Александра Сухарева заняла первое место в финале чемпионата высоких технологий, который прошёл с 14 по 18 сентября в Великом Новгороде. Победа одержана в "
nts,2026-09-19 04:05,article,"В Приангарье за первый день на выборах депутатов Государственной Думы явка составила 14,2%",https://dzen.ru/a/aq4Ksh3cWgqrOKrs,0,0,30,"В Иркутской области идёт второй день голосования на выборах депутатов Государственной Думы. По итогам первого дня, 18 сентября, явка в регионе составила 14,2%. Для избирателей работают 1 852 участковы"
nts,2026-09-19 03:10,article,15 новых машин класса скорой помощи прибыли В в Иркутскую область,https://dzen.ru/a/aq39LkjUgT5jnJf4,4,0,56,в Иркутскую область доставили 15 автомобилей скорой медицинской помощи класса В. Поставка прошла в рамках общероссийского распределения спецавтомобилей между субъектами РФ в 2026 году — всего регионам
nts,2026-09-19 02:50,article,В Ангарске назвали лучших юных пожарных,https://dzen.ru/a/aq35oR3cWgqrOH1H,1,0,85,В Ангарске с 16 по 18 сентября прошёл 18‑й региональный слёт Дружин юных пожарных. В масштабном событии приняли участие 135 ребят из 15 муниципальных образований Иркутской области. Об этом сообщает пр
nts,2026-09-18 10:04,article,В Байкальске ввели комендантский час с 19:00 из-за выхода медведей,https://dzen.ru/a/aq0NsN8hLg35pEmF,4,0,34,"Администрация Байкальска в тг-канале объявила о введении режима повышенной готовности. Причиной стали нападения медведей на людей, которые привели к смертельным исходам. В связи с этим в городе начали"
nts,2026-09-18 09:30,article,В Иркутске отменят два троллейбусных и три трамвайных маршрута,https://dzen.ru/a/aq0F40jUgT5jlk-V,7,0,60,В областном центре с 1 ноября начнут внедрять новую схему пассажирских перевозок. Об этом сообщила администрация Иркутска. В 2024 году при разработке Комплексной программы развития городского наземног
nts,2026-09-18 07:44,article,Как будем отдыхать в 2027 году?,https://dzen.ru/a/aqztAh3cWgqrNQCj,4,0,53,"В 2027 году благодаря переносу выходных россияне будут отдыхать 5 раз по 3 дня – в феврале, марте, дважды в мае и июне. Нас также ждут 11 дней отдыха на новогодние праздники и четырехдневные выходные "
nts,2026-09-18 07:28,article,В Шелехове подросток с малолетним братом на электросамокате врезался в авто,https://dzen.ru/a/aqzoxUjUgT5jlYXz,4,0,33,"В Шелехове 15-летний пользователь электросамоката и его 5-летний брат получили травмы в ДТП. Об этом сообщает Госавтоинспекция Иркутской области По предварительной информации, подросток ехал на электр"
nts,2026-09-18 07:02,article,"Международный фестиваль ""Звёзды на Байкале"" завершился в Иркутске",https://dzen.ru/a/aqzjGN8hLg35ox8U,1,0,26,"В Иркутске завершился фестиваль академической музыки ""Звёзды на Байкале"". За время фестиваля состоялись 13 концертов с участием четырёх оркестров, известных дирижёров, солистов, артистов балета и лаур"
nts,2026-09-18 06:15,article,В Иркутской области только 81% жителей обеспечен централизованной качественной водой,https://dzen.ru/a/aqzYa0jUgT5jlRpq,2,0,48,"Роспотребнадзор Иркутской области подвёл итоги исследований качества воды за первое полугодие 2026-го года. Специалисты проверили 106 объектов, связанных с подготовкой и подачей воды. Исследовали жидк"
nts,2026-09-18 04:31,article,В Зиме 20-летний водитель насмерть сбил пешехода,https://dzen.ru/a/aqy_ix3cWgqrNHCM,0,0,15,"В Зиме 20-летний водитель насмерть сбил 64-летнего пешехода. По предварительной информации, мужчина шёл по дороге в попутном направлении без световозвращающих элементов. От полученных травм он скончал"
nts,2026-09-18 04:28,article,На торжественном открытии кинофестиваля в Иркутске с гостями пообщался актёр Алексей Чадов,https://dzen.ru/a/aqy_i0jUgT5jlIRI,4,0,16,"Каждый день по 5-10 фильмов предстоит смотреть экспертам и членам жюри Байкальского кинофестиваля ""Человек и природа"". Он проходит в Иркутске в 25-й раз. Программа насыщенная. Настолько, что торжестве"
nts,2026-09-18 04:27,article,В Иркутской области стройматериалы подорожали на 7-15%,https://dzen.ru/a/aqy-2EjUgT5jlIBS,0,0,26,"Топливный кризис отразился и на других сферах. Так, нехватка горючего в том числе повлияла на стоимость стройматериалов в Иркутской области. В целом они подорожали на 7-15%. Отразилось это и на цене л"
nts,2026-09-18 04:25,article,Стартовала на Байкале и стала межрегиональным проектом: акция «360» отметила 15-летие,https://dzen.ru/a/aqy-2N8hLg35ojcr,1,1,11,"От первой уборки на Байкале до большой экологической акции по всей стране — «360» отмечает 15-летие. Волонтёры фонда Олега Дерипаска «Вольное Дело» вновь объединились, чтобы сделать чище берега рек и "
nts,2026-09-18 04:23,article,Первую за полвека новую крупную электростанцию возводят в Приангарье,https://dzen.ru/a/aqy-Id8hLg35ojKt,0,0,67,"Масштабный проект реализуется в Усолье-Сибирском. Там возводят новую тепловую электростанцию. Что сейчас происходит на стройплощадке, узнаете далее. 25 метров под землей. На столько вбивают сваи новой"
nts,2026-09-18 04:20,video_long,На торжественном открытии кинофестиваля в Иркутске с гостями пообщался актёр Алексей Чадов,https://dzen.ru/video/watch/6aacbbffdb08b02630215730,10,0,138,
nts,2026-09-18 04:19,video_long,В Иркутской области стройматериалы подорожали на 7-15%,https://dzen.ru/video/watch/6aacbb80ddf67e56944a36c5,8,0,133,
nts,2026-09-18 04:16,video_long,Стартовала на Байкале и стала межрегиональным проектом: акция «360» отметила 15-летие,https://dzen.ru/video/watch/6aacbb0eddf67e569449b5bd,1,0,167,
nts,2026-09-18 04:15,video_long,Первую за полвека новую крупную электростанцию возводят в Приангарье,https://dzen.ru/video/watch/6aacba9b55d0c37ffa4fd28a,3,0,74,
nts,2026-09-18 03:26,article,В Ербогачёне мужчину осудили за избиение родственника из-за ревности,https://dzen.ru/a/aqywS0jUgT5jlDG1,3,1,26,Катангский районный суд приговорил 31-летнего жителя Ербогачёна к 240 часам обязательных работ за избиение родственника. Инцидент произошёл в январе 2026 года. Мужчина пришёл к двоюродной сестре домой
nts,2026-09-18 03:12,article,Убившего двух сборщиков ягод медведя ликвидировали в Киренском округе,https://dzen.ru/a/aqysyk5PhhqP4Ssf,6,0,22,"Медведь, напавший на сборщиков ягод в Киренском районе, ликвидирован. Об этом сообщил губернатор Иркутской области Игорь Кобзев агентству ТАСС. По его словам, охотники сработали оперативно. Напомним, "
nts,2026-09-18 03:04,article,В Иркутской области открылись 1852 избирательных участка,https://dzen.ru/a/aqyrax3cWgqrNDpz,3,0,41,"Сегодня, 18 сентября, в Приангарье открылись 1852 избирательных участка. Жители региона выбирают депутатов Государственной Думы девятого созыва. Ранее досрочное голосование прошло на 43 участках в отд"
nts,2026-09-18 02:52,article,В Иркутске инспекторы ДПС помогли женщине со схватками добраться до роддома,https://dzen.ru/a/aqyoet8hLg35obsB,5,0,23,"Ранним утром 2 июля на улице Седова в Иркутске к экипажу ДПС подъехал взволнованный мужчина и попросил о помощи. В его машине находилась беременная супруга, у которой начались схватки. Женщине срочно "
nts,2026-09-17 11:02,article,ЮНЕСКО поддержала проведение Байкальского международного экологического конгресса,https://dzen.ru/a/aqvLOU5PhhqP3pbz,8,1,67,Байкальский международный экологический конгресс удостоен эгиды ЮНЕСКО. Разрешение использовать логотип организации с формулировкой «под эгидой ЮНЕСКО» организаторы получили накануне. Мероприятие запл
nts,2026-09-17 10:51,article,Как система «Лесохранитель» от Эн+ защищает Иркутскую область от лесных пожаров,https://dzen.ru/a/aqvIZUjUgT5jjuX0,0,0,142,"Каждое лето мы с тревогой смотрим на небо: затянет ли город едким дымом от лесных пожаров? Леса – легкие нашей планеты, но они беззащитны перед огнем. Многие до сих пор с содроганием вспоминают 2021 г"
nts,2026-09-17 08:30,article,Иркутянина осудили за финансирование террористической организации,https://dzen.ru/a/aqulk98hLg35m6Gp,5,0,26,"В Иркутске 35-летний местный житель отправится в тюрьму,а потом в исправительную колонию строгого режима за переводы средств террористической организации. Его деятельность пресекли сотрудники Центра п"
nts,2026-09-17 08:02,article,В Зиминском районе неизвестный водитель насмерть сбил пешехода и скрылся,https://dzen.ru/a/aquf3R3cWgqrMR24,2,0,24,"В Зиминском районе неизвестный водитель насмерть сбил пешехода на 1606-м километре федеральной трассы Р-255 ""Сибирь"". Авария произошла около 00:30 17 сентября. По предварительной информации, 42-летний"
nts,2026-09-17 07:57,article,В поисках новых сотрудников работодатели Приангарья активно увеличивают зарплаты,https://dzen.ru/a/aquekd8hLg35m3Nc,3,0,65,"При выборе работы многие обращают внимание на размер оплаты. В Иркутской области зарплатные предложения за год выросли на 16 процентов. Кто в регионе стал зарабатывать больше, узнаете в следующем мате"
nts,2026-09-17 07:54,article,"Полиграфолог СК из Иркутска рассказала, как отвлекается от трудной работы",https://dzen.ru/a/aquefk5PhhqP3gBc,1,0,21,"Работают с нарушителями закона, расследуют громкие уголовные дела и разбираются в сложных вопросах следователи ежедневно. Но сегодня в Иркутске они предстали совсем в другой ипостаси. В областном цент"
nts,2026-09-17 07:51,article,В Ангарском округе на обновление оборудования и сетей к зиме направили более 1 млрд рублей,https://dzen.ru/a/aquduEjUgT5jjcTx,2,0,9,В некоторые районы холода приходят раньше. В Ангарске перед стартом отопительного сезона прошли проверки на ТЭЦ после масштабного обновления оборудования. Тему продолжит Олег Фёдоров.
nts,2026-09-17 07:49,article,Холодный воздух из Якутии принёс дыхание осени в Иркутскую область,https://dzen.ru/a/aqudA98hLg35m2ly,7,0,61,Зона климатического наблюдения в Иркутской области обширна из-за размеров нашего региона. Поэтому и погода может сильно отличаться в разных районах Прибайкалья. Но сейчас дыхание осени почувствуют все
nts,2026-09-17 07:47,article,Почти 4 тыс. наблюдателей будут следить за порядком на выборах в Иркутской области,https://dzen.ru/a/aqucbkjUgT5jjbvO,2,0,48,"До предстоящих выборов в Госдуму и довыборов в Заксобрание Иркутской области осталось совсем немного. Голосование стартует уже в эту пятницу, 18 сентября. Запланированы также семь муниципальных кампан"
nts,2026-09-17 07:43,video_long,В поисках новых сотрудников работодатели Приангарья активно увеличивают зарплаты,https://dzen.ru/video/watch/6aab99fa7586b9279ebebae8,3,0,70,
nts,2026-09-17 07:41,video_long,"Полиграфолог СК из Иркутска рассказала, как отвлекается от трудной работы",https://dzen.ru/video/watch/6aab999da859423cd32e8b05,7,0,168,
nts,2026-09-17 07:39,video_long,В Ангарском округе на обновление оборудования и сетей к зиме направили более 1 млрд рублей,https://dzen.ru/video/watch/6aab990eb9c2bb6dba955710,2,0,101,
nts,2026-09-17 07:38,video_long,Холодный воздух из Якутии принёс дыхание осени в Иркутскую область,https://dzen.ru/video/watch/6aab98aaa4af3e4d649d0ec2,34,0,81,
nts,2026-09-17 07:35,video_long,Почти 4 тыс. наблюдателей будут следить за порядком на выборах в Иркутской области,https://dzen.ru/video/watch/6aab9839b4a3026618438a04,0,0,63,
nts,2026-09-17 06:45,article,СМС-оповещения с предупреждениями о медведях будут рассылать жителям Приангарья,https://dzen.ru/a/aquNYB3cWgqrMOKE,4,0,39,СМС-оповещения жителей неблагополучных в связи с выходами медведей районов о необходимости воздержаться от походов в лес для собственной безопасности будут рассылать в Иркутской области. Такое решение
nts,2026-09-17 06:37,article,Медведь задрал двух сборщиков ягод в Киренском районе,https://dzen.ru/a/aquL8d8hLg35mv1f,4,0,45,"В Иркутской области полицейские и охотники работают в тайге в районе нападения медведя на сборщиков ягоды. Об этом сообщили в ГУ МВД России по региону. Накануне хищник набросился на группу мужчин, в р"
nts,2026-09-17 06:33,article,Два села Иркутской области вошли в рейтинг самых красивых поселений России,https://dzen.ru/a/aquKlB3cWgqrMNmW,14,0,44,Сёла Анга и Верхоленск из Иркутской области вошли в рейтинг самых красивых поселений России. Об этом сообщили в правительстве Иркутской области. Ассоциация самых красивых деревень и городков России по
nts,2026-09-17 06:14,article,Представители Иркутской области стали участниками международного форума в Тюмени,https://dzen.ru/a/aquGRR3cWgqrMM3l,0,0,27,Свой потенциал презентовали представители Прибайкалья на международном промышленно-энергетическом форуме TNF. В этом году в Тюмени на ключевое для данной отрасли мероприятие собрались более 18 тысяч у
nts,2026-09-17 05:15,article,Мужчина в Зиминском районе заплатит штраф за продажу чужого телёнка по кличке Малыш,https://dzen.ru/a/aqt4cE5PhhqP3ZDU,2,0,32,"Житель Зиминского района продал чужого телёнка, выдав за собственного. Мужчина обнаружил животное на своём земельном участке без присмотра. Тогда он решил забрать его себе и запер в стайке. На следующ"
nts,2026-09-17 04:49,article,Режим ЧС ввели в Хомутово из-за узелкового дерматита,https://dzen.ru/a/aqtyCR3cWgqrMJUR,2,0,31,В Хомутовском округе ввели режим ЧС из-за распространения узелкового дерматита среди крупного рогатого скота. Основанием стал указ губернатора Иркутской области от 15 сентября. Хомутово включили в спи
nts,2026-09-17 04:38,article,В Слюдянке школьник попал под колёса УАЗа,https://dzen.ru/a/aqtv50jUgT5jjK8q,2,0,21,"В Слюдянке 10-летний школьник попал под колёса УАЗа, когда перебегал дорогу. Мальчика с травмами доставили в больницу. По предварительной информации, двое детей решили перейти дорогу в неположенном ме"
nts,2026-09-17 04:14,article,"Ангарчанина осудили за продажу несуществующих авто на 8,7 млн рублей",https://dzen.ru/a/aqtqOU5PhhqP3WqQ,2,0,37,Ангарский городской суд вынес приговор 30-летнему местному жителю. Его признали виновным в мошенничестве в крупном размере. Об этом сообщили в пресс-службе судов Иркутской области. Мужчина предлагал л
nts,2026-09-17 03:30,article,Суд освободил из-под стражи водителей фур по делу об атаке дронов в Среднем,https://dzen.ru/a/aqte405PhhqP3Uw0,1,0,63,"Четырёх водителей, которых обвиняют в доставке дронов для атаки на военную часть в посёлке Среднем Усольского района, освободили из-под стражи. Как сообщает ""Коммерсантъ"", первый заместитель генеральн"
nts,2026-09-17 03:00,article,Почти миллион пассажиров: аэропорт Иркутска подвёл итоги за лето,https://dzen.ru/a/aqtXxN8hLg35mdzF,0,0,30,За три летних месяца 2026 года аэропорт Иркутска обслужил 999 558 пассажиров. Об этом сообщили в пресс-службе воздушной гавани. Большинство пассажиров летали по внутренним направлениям. Самыми популяр
nts,2026-09-17 02:45,article,В Иркутске владелица иномарки пыталась уйти от столкновения и перевернула авто,https://dzen.ru/a/aqtU7d8hLg35mc_L,4,0,22,"В Иркутске женщина пострадала в ДТП с опрокидыванием автомобиля. По предварительной информации, 33-летний водитель выезжал с прилегающей территории и не уступил дорогу иномарке, которая ехала со сторо"
nts,2026-09-17 02:29,article,В Усть-Куте бизнесмен продавал немаркированные куртки и шубы,https://dzen.ru/a/aqtRYE5PhhqP3SsO,3,2,31,"В Усть-Куте полицейские изъяли 107 курток, пальто и шуб, которые продавали без обязательной маркировки. В полицию обратился местный житель. Он сообщил, что проходит временная выставка-продажа курток, "
nts,2026-09-17 01:00,article,Специалисты МЧС внепланово нагрянули с проверкой на избирательные участки Приангарья,https://dzen.ru/a/aqs8wkjUgT5ji58s,0,0,38,"В Иркутской области на соответствие требованиям пожарной безопасности проверили объекты, задействованные в проведении выборов. В целях обеспечения пожарной безопасности объектов, задействованных в про"
nts,2026-09-16 07:16,article,В Иркутском округе расширили зону карантина от узелкового дерматита,https://dzen.ru/a/aqpE1x3cWgqrLRzP,6,0,45,"В Иркутском округе расширили зону карантина из-за узелкового дерматита крупного рогатого скота. В указе губернатора Иркутской области от 15 сентября, в список неблагополучных территорий добавили ещё с"
nts,2026-09-16 06:30,article,В Катангском районе мужчина добился компенсации после травмы на работе через два года,https://dzen.ru/a/aqo4b0jUgT5jhUm2,2,0,38,"Работнику, который получил производственную травму в Катангском районе, выплатят 300 тысяч рублей компенсации. Об этом сообщает прокуратура Иркутской области. Несчастный случай произошёл 31 мая 2024 г"
nts,2026-09-16 06:01,article,Полицейский в Усть-Илимском районе застрелил медведя в СНТ,https://dzen.ru/a/aqoyCd8hLg35ktco,3,0,32,"В Усть-Илимском районе полицейский застрелил медведя, который вышел к СНТ ""Лесники"". Сообщение о животном в садоводстве поступило 15 сентября. Жители рассказали, что медведь ходит по одной из улиц. На"
nts,2026-09-16 05:36,article,В Иркутской области планируют ввести штрафы за выпас скота в неположенных местах,https://dzen.ru/a/aqor_x3cWgqrLM3W,9,0,42,"В Иркутской области планируют ввести штрафы за выпас и прогон сельскохозяйственных животных на общественных и других непредназначенных для этого территориях. Речь идёт о придомовых территориях, газона"
nts,2026-09-16 05:07,article,В Приангарье на обустройство контейнерных площадок потратили более 350 млн рублей,https://dzen.ru/a/aqok4N8hLg35koYo,1,0,32,Министерство природных ресурсов и экологии Иркутской области подвело промежуточные итоги развития инфраструктуры для сбора твёрдых коммунальных отходов в 2026 году. Всего с начала года в регионе обуст
nts,2026-09-16 03:54,article,Водитель иномарки спровоцировал смертельное массовое ДТП в Ангарске,https://dzen.ru/a/aqoUL05PhhqP2XBE,3,0,36,"В массовой аварии в Ангарске погиб человек. Об этом сообщает Госавтоинспекция Иркутской области. По предварительной информации, 33-летний водитель автомобиля «Ниссан Жук» при перестроении на левую пол"
nts,2026-09-16 03:46,article,В Ангарске аферисты вынудили школьницу отдать 2 млн рублей из семейных сбережений,https://dzen.ru/a/aqoSCt8hLg35kiJ_,5,0,57,В Ангарском городском округе аферисты вынудили 16-летнюю девушку отдать более двух миллионов рублей из семейных сбережений. Старшеклассница поверила угрозам мошенников об уголовной ответственности для
nts,2026-09-16 03:30,article,Включённый на ночь обогреватель стал причиной пожара в Мамакане,https://dzen.ru/a/aqoNwt8hLg35kg2_,0,0,34,В поселке Мамакан Бодайбинского района произошел пожар в двухэтажном доме. Сообщение о поступило ночью 16 сентября. Горела квартира на втором этаже. Там находился 11-летний мальчик. Перед сном он вклю
nts,2026-09-16 03:06,article,В Иркутске директора стройкомпании осудили за организацию незаконной миграции,https://dzen.ru/a/aqoIz05PhhqP2VXS,2,0,38,"В Иркутске суд вынес приговор 55-летнему руководителю строительной компании за организацию незаконной миграции. По данным дела, в 2025-2026 годах мужчина подготовил поддельные договоры на выполнение с"
nts,2026-09-16 02:41,article,15 работ известных импрессионистов из фондов Пушкинского музея привезли в Иркутск,https://dzen.ru/a/aqoDG0jUgT5jhCsn,0,0,70,"В Иркутском областном художественном музее имени В. П. Сукачёва прошло торжественное открытие выставки импрессионистов из фондов Государственного музея им. А.С. Пушкина ""Искусство впечатления. Импресс"
nts,2026-09-16 01:39,article,Хотел духи и телефон. Иностранец пытался дать взятку сотруднику колонии в Маркова,https://dzen.ru/a/aqnzfkjUgT5jg-AX,5,0,40,"В Иркутска суд вынес приговор по уголовному делу в отношении 27-летнего иностранца, отбывающего наказание в ИК-19 в Маркова. Мужчину признали виновным в даче взятки должностному лицу через посредника,"
nts,2026-09-16 01:11,article,В Заларинском районе пенсионера оштрафовали за оскорбление инспекторов ГАИ,https://dzen.ru/a/aqntz98hLg35kW96,1,0,43,"Мировой судья Заларинского района вынес приговор 73-летнему местному жителю. Пенсионера признали виновным по статье за оскорбление представителей власти и назначили штраф, сообщают пресс-службы ГУ МВД"
nts,2026-09-16 00:53,video_long,Байкальский международный экологический конгресс пройдёт в регионе с 24 по 27 сентября,https://dzen.ru/video/watch/6aa95e8fb4a3026618b232ef,3,0,107,
nts,2026-09-16 00:53,article,Байкальский международный экологический конгресс пройдёт в регионе с 24 по 27 сентября,https://dzen.ru/a/aqoNyEjUgT5jhF1f,1,0,91,Новая традиция может появиться в Иркутской области. В регионе с 24-го по 27-е сентября впервые пройдёт Байкальский международный конгресс. Он станет площадкой для диалога представителей юридического с
nts,2026-09-16 00:48,video_long,Питчинг кинопроектов прошёл в рамках фестиваля «Человек и природа» в Иркутске,https://dzen.ru/video/watch/6aa95e19778ffa33f9b868a3,4,0,144,
nts,2026-09-16 00:47,article,Питчинг кинопроектов прошёл в рамках фестиваля «Человек и природа» в Иркутске,https://dzen.ru/a/aqoNwx3cWgqrLH9L,0,0,11,"Иркутск на неделю стал столицей киноискусства. В областном центре проходит традиционный фестиваль ""Человек и природа"". Начался он с питчинга – презентации кинопроектов молодых режиссёров. Сэлмэг Радна"
nts,2026-09-16 00:45,article,Раненного сборщика дикоросов спасли под Слюдянкой,https://dzen.ru/a/aqnnZkjUgT5jg6Ml,3,0,44,12 сентября житель Тункинского района 1981 года рождения в лесу при сборе дикоросов в Слюдянском районе получил травму ноги. О случившемся он сообщил по номеру 112 и попросил помощи. В лесной массив н
nts,2026-09-16 00:41,video_long,Деньги из бюджета Иркутска тратят на восстановление разрушенного вандалами благоустройства,https://dzen.ru/video/watch/6aa95d847039736e7000a429,235,1,148,
nts,2026-09-16 00:41,article,Деньги из бюджета Иркутска тратят на восстановление разрушенного вандалами благоустройства,https://dzen.ru/a/aqoNwt8hLg35kg3B,0,0,11,"Вирус вандализма знаком иркутянам. Он нередко захватывает улицы областного центра. Сейчас в городе ищут неизвестного, который испортил подземный переход. Подробнее о разрушителях благоустройства расск"
nts,2026-09-16 00:36,video_long,Все муниципалитеты Приангарья просят ввести режим повышенной готовности из-за медведей,https://dzen.ru/video/watch/6aa95cfcfb5ce0192f9931a1,997,0,154,
nts,2026-09-16 00:36,article,Все муниципалитеты Приангарья просят ввести режим повышенной готовности из-за медведей,https://dzen.ru/a/aqoNwt8hLg35kg3A,7,0,123,Власти Иркутской области рекомендовали ввести режим повышенной готовности мэрам муниципалитетов из-за выходов медведей к населённым пунктам. Такое решение было принято на заседании рабочей группы по р
nts,2026-09-15 08:12,article,Аферисты под видом Игоря Кобзева чуть не обманули пенсионерку в Усть-Илимске,https://dzen.ru/a/aqj_K98hLg35i9k9,12,0,115,"В полицию Усть-Илимска позвонил исполняющий обязанности руководителя банка. Он рассказал, что прямо сейчас в их здании местная жительница пытается снять крупную сумму. При этом по поведению пенсионерк"
nts,2026-09-15 06:41,article,Ремонт Московских ворот в Иркутске завершён,https://dzen.ru/a/aqjpaB3cWgqrKT-C,3,0,33,"Завершён ремонт Московских ворот на Нижней набережной Ангары в Иркутске. Об этом сообщил в своих соцсетях мэр Руслан Болотов Как сообщает градоначальник, со временем на фасаде триумфальной арки появил"
nts,2026-09-15 06:15,article,"В Ангарске более 100 человек одновременно станцевали под песню ""Матушка-земля""",https://dzen.ru/a/aqjjvd8hLg35iymf,8,0,29,Танцевальный флешмоб состоялся в Ангарске. Более 100 человек исполнили номер под песню «Матушка-земля». Это стало кульминацией ярмарки народных ремёсел. Её в честь Года единства народов России организ
nts,2026-09-15 05:21,article,60 тысяч долларов контрабандой пытался провезти в Иркутск иностранец,https://dzen.ru/a/aqjW8d8hLg35iuOc,10,0,45,"Иркутские таможенники пресекли попытку незаконного ввоза 60 тысяч долларов США. Деньги пытался провезти 30-летний иностранный гражданин, прибывший из Ташкента. Мужчина для прохождения таможенного конт"
nts,2026-09-15 04:59,article,В Братске сгорел самосвал из-за неправильно установленной проводки,https://dzen.ru/a/aqjRRt8hLg35isjh,0,0,26,14 сентября поджрные МЧС России ликвидировали возгорание грузового автомобиля в жилом районе Энергетик в Братске. Площадь пожара составила 4 квадратных метра. С открытым горением удалось справиться за
nts,2026-09-15 04:40,article,Более 37 тысяч жителей Приангарья будут голосовать не по месту жительства,https://dzen.ru/a/aqjMnh3cWgqrKPGO,0,0,34,14 сентября 2026 года был последний день подачи заявления о голосовании на выборах депутатов Государственной Думы РФ по месту нахождения. Сделать это можно было на портале Госуслуг. По информации Изби
nts,2026-09-15 04:10,article,Несуществующий трактор за миллион купил житель Черемхова,https://dzen.ru/a/aqjFgUjUgT5jfQsp,3,0,31,"Покупка трактора через Интернет обернулась для жителя Черемхова потерей более миллиона рублей. В полицию обратился 49-летний местный житель, который рассказал, что стал жертвой аферистов. Мужчина нашё"
nts,2026-09-15 03:36,article,В Прибайкалье уже началась подготовка к лесным пожарам в 2027 году,https://dzen.ru/a/aqi-YE5PhhqP1Zpr,0,0,46,"В регионе уже начата подготовка к пожароопасному сезону 2027 года. Специалисты обновляют и создают минерализованные полосы, скашивают сухой растительности, очищают территорий от горючего мусора и веду"
nts,2026-09-15 02:55,article,В Усть-Куте шофёр задержал грабителя прямо у себя в грузовике,https://dzen.ru/a/aqi0YN8hLg35ihac,8,0,46,"Накануне в полицию Усть-Кута поступило сообщение от водителя грузового автомобиля «КамАЗ», прибывшего в Усть-Кут из Самарской области для доставки груза в порт. Мужчина пояснил, что в ожидании разгруз"
nts,2026-09-15 02:40,article,В Иркутской области осудят двух женщин за покупку мототехники сыновьям,https://dzen.ru/a/aqiwzB3cWgqrKKH2,4,0,38,"Две жительницы Иркутской области предстанут перед судом по обвинению в вовлечении своих детей в совершение действий, представляющих опасность для их жизни. По данным следствия, в октябре прошлого года"
nts,2026-09-15 02:15,article,В Свирске не хватает профильных медицинских специалистов,https://dzen.ru/a/aqirI0jUgT5jfHHe,4,0,48,Жители Свирска пожаловались на дефицит врачей представителям Законодательного Собрания Иркутской области. Об этом сообщает пресс-служба парламента. На личном приёме у спикера парламента Александра Вед
nts,2026-09-15 01:50,article,"В Иркутском округе вакцинировали от узелкового дерматита более 16,5 тысяч голов скота",https://dzen.ru/a/aqikxN8hLg35icXO,7,0,49,"На территории Иркутского округа завершается вакцинация сельскохозяйственных животных против заразного узелкового дерматита. Специалисты привили 10,6 тысяч голов крупного рогатого скота и чуть более 6 "
nts,2026-09-15 01:22,article,Школьников Нижнеудинского района переведут на дистант из-за медведей,https://dzen.ru/a/aqifGE5PhhqP1Udl,4,0,47,"Режим повышенной готовности ввели в Нижнеудинском районе в связи с участившимися случаями выхода медведей к населённым пунктам. Решение было принято на уже третьем за последнее время заседании КЧС, по"
nts,2026-09-14 23:58,video_long,"В Иркутской области во время экологической акции «360» собрали 16,5 тонн мусора",https://dzen.ru/video/watch/6aa82b51ac19de3447b26a77,9,0,122,
nts,2026-09-14 23:58,article,"В Иркутской области во время экологической акции «360» собрали 16,5 тонн мусора",https://dzen.ru/a/aqi87t8hLg35ikkn,2,1,14,"Мусор у воды собирали в эти выходные добровольцы в Иркутске. В областном центре прошла традиционная акция ""360"", но в этом году впервые в статусе Межрегионального проекта. В этот раз волонтёры собрали"
nts,2026-09-14 23:51,video_long,При проектировании школы в Нижней Лисихе Иркутска возникли проблемы с размером участка,https://dzen.ru/video/watch/6aa82ab9d576db122cfb88c5,10,0,72,
nts,2026-09-14 23:50,article,При проектировании школы в Нижней Лисихе Иркутска возникли проблемы с размером участка,https://dzen.ru/a/aqi88E5PhhqP1ZUe,3,0,15,Высокая конкуренция в Иркутске есть и на места в школах. В микрорайоне Нижняя Лисиха здание общеобразовательного учреждения ждут с 2021 года. Проект должны были подготовить к середине лета в этом году
nts,2026-09-14 23:42,video_long,Иркутская область вошла в число регионов с зарплатой в 100 тысяч рублей и выше,https://dzen.ru/video/watch/6aa82a382a1fa239cbf8f4aa,37,0,194,
nts,2026-09-14 23:42,article,Иркутская область вошла в число регионов с зарплатой в 100 тысяч рублей и выше,https://dzen.ru/a/aqi8Od8hLg35ikUw,0,0,19,"Ощущение безопасности и стабильности человеку может дать стабильный и высокий заработок. А Иркутская область как раз попала в число регионов страны, где летом доход жителей был выше 100 тысячи рублей."
nts,2026-09-14 23:35,video_long,В 8 месяцев в Иркутской области произошло 312 ДТП с пешеходами,https://dzen.ru/video/watch/6aa829c42a1fa239cbf7ef19,141,0,112,
nts,2026-09-14 23:35,article,В 8 месяцев в Иркутской области произошло 312 ДТП с пешеходами,https://dzen.ru/a/aqi8OUjUgT5jfM9S,0,0,60,"На дорогах Иркутской области особенно опасно становится осенью и зимой. Именно с сентября по ноябрь возрастает количество ДТП. В том числе из-за того, что на улице раньше темнеет. Для снижения числа а"
nts,2026-09-14 23:28,video_long,Жители Иркутска жалуются на отсутствие вакцины против гриппа в медучреждениях,https://dzen.ru/video/watch/6aa8259beea54872b0af38fb,29,0,128,
nts,2026-09-14 23:28,article,Жители Иркутска жалуются на отсутствие вакцины против гриппа в медучреждениях,https://dzen.ru/a/aqi7hEjUgT5jfMtc,0,0,13,Жители Иркутска жалуются на отсутствие вакцины против гриппа в медучреждениях. Обращения по этому поводу поступили и в нашу редакцию. Сэлмэг Раднаева проверила наличие препарата в государственных поли
nts,2026-09-14 10:17,article,Учёные Иркутска объяснили причину рекордной жары и мощных ливней в сентябре,https://dzen.ru/a/aqfLNt8hLg35hRM4,6,0,93,Сентябрь 2026 года в Иркутской области начался с погодных рекордов. В начале месяца тёплый влажный воздух с Атлантики и жаркий субтропический воздух с Чёрного и Каспийского морей принесли в регион рек
nts,2026-09-14 09:47,article,В Иркутске завершается подготовка водопроводных сетей к зиме,https://dzen.ru/a/aqfDsd8hLg35hOYB,0,0,54,Подготовка водопроводных сетей в Иркутске к осенне-зимнему периоду идёт в соответствии с графиком. Об этом заявил зам. директора «Водоканала». К началу сентября на сетях водопровода установили более 5
nts,2026-09-14 09:25,article,Сказочные герои поселились в Иркутске на фасадах домов,https://dzen.ru/a/aqe-tt8hLg35hMZE,0,0,31,"В историческом центре Иркутска на стенах зданий появились необычные персонажи. Автором работ выступила местная художница, работающая под творческим псевдонимом mod. Она вылепила из глины миниатюрные ф"
nts,2026-09-14 08:45,article,В Баяндае экс-работник энергосбытовой компании незаконно добывал криптовалюту,https://dzen.ru/a/aqe1Ex3cWgqrJfUh,3,0,52,В Баяндаевском районе осудили 40-летнего жителя Иркутска. Мужчина работал начальником производственного участка энергосбытовой компании и разбирался в электроэнергетике. Он разместил в помещении бывше
nts,2026-09-14 08:01,article,В Эхирит-Булагатском районе пьяный подросток опрокинул машину с двумя детьми,https://dzen.ru/a/aqerJd8hLg35hE5a,0,0,35,ДТП произошло вечером 13 сентября на 6-м километре автодороги «Усть-Ордынский — Оса» возле села Кулункун Эхирит-Булагатского района. 15-летний школьник за рулём «Тойоты Короллы» не справился с управле
nts,2026-09-14 07:43,article,В Иркутском округе карантин из-за узелкового дерматита ввели ещё в четырёх хозяйствах,https://dzen.ru/a/aqem3k5PhhqP0qfs,7,0,28,В Иркутском округе продолжают бороться со вспышкой узелкового дерматита. Губернатор региона подписал постановление о введении карантина в новых очагах заболевания. Две вспышки выявили в деревне Бутырк
nts,2026-09-14 07:23,article,"В Нижнеудинске уже два года обновляют центральную библиотеку за 72,2 млн рублей",https://dzen.ru/a/aqeh6kjUgT5jds_X,0,0,82,"В Нижнеудинске продолжается капитальный ремонт Межпоселенческой центральной библиотеки. На работы направили 72,2 миллиона рублей. Здание недавно передали в собственность муниципалитета, и в нём решили"
nts,2026-09-14 07:06,article,Цветущий экоподарок получил Усть-Кут в честь Дня нефтяника,https://dzen.ru/a/aqedqk5PhhqP0pBt,1,0,26,Живая изгородь из декоративных кустарников украсила одну из центральных площадей Усть-Кута. В городе у Дворца культуры «Речники» высадили саженцы японской спиреи. Они полностью адаптированы к климатич
nts,2026-09-14 06:55,article,Серебряным призёром стала ангарская команда на спортивном турнире в Москве,https://dzen.ru/a/aqebgt8hLg35g_hu,0,0,27,"Сборная из Ангарска завоевала второе место в крупных корпоративных соревнованиях в Москве. За победу боролись 20 команд из разных городов страны. Мероприятие объединило почти 2,5 тысячи сотрудников пр"
nts,2026-09-14 06:40,article,Внедрять нейросети в свою работу учились волонтёры в Иркутской области,https://dzen.ru/a/aqeX9EjUgT5jdpvN,0,0,26,Форум волонтёров состоялся в Иркутской области. Он объединил около 50 добровольцев из Прибайкалья и Бурятии. Все участники – железнодорожники. В течение трёх дней они проходили образовательные и коман
nts,2026-09-14 06:29,article,Дождались! 39 детей-сирот из Иркутской области получили новые квартиры,https://dzen.ru/a/aqeVG98hLg35g9bM,0,0,32,"Дети-сироты и дети, оставшихся без попечения родителей, получили жильё в Иркутской области. 14 квартир предоставили в жилом комплексе «Тополя» в Ангарске, ещё 25 — в жилом комплексе «Возрождение» в Ир"
nts,2026-09-14 06:11,article,Успели сделать 18 тайников: под Иркутском задержали двух предполагаемых закладчиков,https://dzen.ru/a/aqeRL98hLg35g8AO,0,0,38,Сотрудники МУ МВД России «Иркутское» обратили внимание на двух молодых людей в микрорайоне Зелёный берег. Парни раскладывали в разных местах подозрительные свёртки. На место сразу вызвали следственно-
nts,2026-09-14 05:49,article,В Заларинском районе 33 работникам предприятия не платили за вредные условия труда,https://dzen.ru/a/aqeML98hLg35g6RX,0,0,25,33 сотрудникам заларинского филиала коммерческого предприятия не начисляли и не выплачивали доплату за вредные условия труда. По результатам проверки прокуратура внесла представление генеральному дире
nts,2026-09-14 05:25,article,Иркутская область вошла в тройку лидеров Сибири по числу вакансий,https://dzen.ru/a/aqeGf0jUgT5jdj9z,3,0,68,"Иркутская область заняла третье место в Сибирском федеральном округе по количеству вакансий. В августе в Приангарье открыли и обновили 14,6 тысяч объявлений о работе. Это 15% от всех предложений в Сиб"
nts,2026-09-14 05:09,article,В Киренском районе медведь убил грибника,https://dzen.ru/a/aqeCLkjUgT5jdimU,9,0,35,"Трагедия произошла в субботу в Киренском районе. Пожилой житель села Алымовка отправился в лес за грибами, но вовремя не вернулся домой. Родные вместе с охотниками отправились на поиски и нашли его мо"
nts,2026-09-14 04:36,article,Из-за выходов медведей к людям Минприроды РФ изменит правила регулирования их численности,https://dzen.ru/a/aqd7E0jUgT5jdgWP,1,0,34,Минприроды России собирает от регионов предложения по совершенствованию законодательства в сфере регулирования численности бурого медведя. Об этом сообщают РИА Новости со ссылкой на министерство. Пово
nts,2026-09-14 04:25,article,С директора иркутской фирмы взыскали более 54 илн рублей за контрабанду леса,https://dzen.ru/a/aqd4Pt8hLg35gzsu,3,0,26,Директор одной из иркутских фирм с 2014 по 2018 год оформлял поддельные документы на лесопродукцию. По ним лесоматериалы вывозили за границу через таможенный пункт в соседнем регионе. Всего контрабанд
nts,2026-09-14 03:30,article,Ушёл из жизни голос парадов Победы Иркутска Александр Белотелов,https://dzen.ru/a/aqdrDEjUgT5jdbQe,5,0,33,"Ушёл из жизни Александр Белотелов — ветеран Иркутского областного радио, член Союза журналистов России. В ГТРК «Иркутск» он работал диктором, корреспондентом и радиоведущим, посвятив эфиру всю свою жи"
nts,2026-09-14 03:12,article,За неделю в Приангарье в ДТП погибли 7 взрослых и один ребёнок,https://dzen.ru/a/aqdmyk5PhhqP0gTw,2,0,33,"С 7 по 11 сентября на дорогах Иркутской области произошло 57 аварий. В них пострадали 66 человек, из которых 17 — несовершеннолетние. В ДТП погибли семь взрослых и один ребёнок. Повреждения получил 81"
nts,2026-09-14 02:50,article,За неделю в Братске и районе ликвидировали 12 вышедших к людям медведей,https://dzen.ru/a/aqdhD98hLg35gspF,7,1,34,"В Братске и Братском районе продолжают ликвидировать медведей, которые выходят к людям. За минувшую неделю мобильные группы, сформированные из сотрудников службы по охране и использованию объектов жив"
nts,2026-09-14 02:21,article,В Иркутске нашли троих нарушителей-мигрантов,https://dzen.ru/a/aqda-0jUgT5jdWlP,2,0,18,В Иркутске прошёл рейд по соблюдению миграционного законодательства. Сотрудники МВД и Росгвардии проверили плодоовощную базу и несколько городских кафе. Во время проверок нашли троих нарушителей. Они 
nts,2026-09-13 09:42,article,Мужчина нашёл тела двух медведей в Нижнеудинском районе,https://dzen.ru/a/aqZw7t8hLg35foqE,49,2,19,"Останки двух медведей нашли возле Коблука в Нижнеудинском районе. Их нашли в лесу. Тело одного на земле, неподалёку был закопан второй. По словам очевидца, один зверь мог напасть на сородича, начать е"
nts,2026-09-13 08:35,article,В Шерагуле начали возводить опоры нового путепровода,https://dzen.ru/a/aqZh7EjUgT5jcRHU,1,0,39,"В селе Шерагул Тулунского района начали строить опоры путепровода над железной дорогой. На них позже установят конструкции, по которым пройдёт автомобильная дорога. Путепровод станет частью нового обх"
nts,2026-09-13 06:41,article,Шесть бойцов спецназа ФСИН получили краповые береты после испытаний под Иркутском,https://dzen.ru/a/aqZGfB3cWgqrImHf,10,0,49,На базе ГУФСИН России по Иркутской области в девятый раз прошли квалификационные испытания на право ношения крапового берета. В финальный день на старт вышли 51 сотрудник из 23 территориальных органов
nts,2026-09-13 06:18,article,С помощью беспилотников в Тулунском районе нашли почти 40 гектаров заросших сельхозземель,https://dzen.ru/a/aqZBG3OQWXLZoYK7,4,0,33,"В Тулуне и Тулунском районе наказали правообладателей сельхозземель, которые не выполнили требования Россельхознадзора. Об этом сообщили в управлении ведомства. Ещё в ноябре 2025 года специалисты выяв"
nts,2026-09-13 06:09,article,Клещи в Приангарье не сбавляют активности: за неделю покусали больше ста человек,https://dzen.ru/a/aqY-RIDLTiGUIYdt,2,0,25,"В Иркутской области клещи даже с приходом осени продолжают кусать людей. За прошедшую неделю к медикам обратились 104 человека, из них 29 детей. Всего с начала эпидсезона зарегистрировано 21 324 обращ"
nts,2026-09-13 05:21,article,Мотоциклист погиб при перестроении кроссовера на трассе «Сибирь» в Ангарске,https://dzen.ru/a/aqY0RB3cWgqrIgqy,6,0,20,"12 сентября около пяти часов вечера на 1846-м километре автодороги Р-255 «Сибирь» столкнулись кроссовер и мотоцикл. По предварительным данным, 51-летний водитель автомобиля перестраивался и не заметил"
nts,2026-09-13 05:10,article,В Аларском районе водитель сбил двух подростков и скрылся,https://dzen.ru/a/aqYwq3OQWXLZoTNq,1,0,31,"В Аларском районе разыскивают водителя, который сбил двух подростков - 15 и 17 лет - и скрылся. Авария произошла вечером на дороге «Кутулик - Бахтай - Хадахан». По предварительной информации, неизвест"
nts,2026-09-13 04:52,article,В Бохане женщина погибла на пожаре в двухэтажном доме,https://dzen.ru/a/aqYtHB3cWgqrIeaD,2,0,35,"Во время пожара в двухэтажном доме в посёлке Бохан погибла женщина. Возгорание началось ночью на лестничной клетке, после чего огонь перекинулся на квартиру, где жила семья из четырех человек. Проснув"
nts,2026-09-13 04:29,article,Глава СК взял на контроль проверку ДТП со скорой в Тайшете,https://dzen.ru/a/aqYnbnOQWXLZoQdG,1,0,32,Глава Следственного комитета России поручил доложить о результатах проверки ДТП с участием скорой помощи в Тайшете. Авария произошла 11 сентября на перекрёстке улиц Ленина и Пушкина. По предварительны
nts,2026-09-13 03:57,article,«КрайсНефть» в Иркутске открыла продажу бензина в канистры,https://dzen.ru/a/aqYgUIDLTiGUIUKn,0,0,20,В Иркутске сеть АЗС «КрайсНефть» снова разрешила продавать бензин в канистры - до 30 литров на один автомобиль. Дизельное топливо отпускают без ограничений. Ограничения действовали с 14 августа из-за 
nts,2026-09-12 11:38,article,Власти Приангарья утвердили механизм выплаты в 15 тысяч рублей владельцам усыплённого скота,https://dzen.ru/a/aqU7JWFhSwy0xTng,41,0,84,"Власти Иркутской области официально подписали указ и прописали механизм дополнительной выплаты владельцам скота, который изъяли и усыпили из-за вспышки узелкового дерматита в Оёкском округе. Указ губе"
nts,2026-09-12 11:18,article,Иркутское УФАС оштрафовало три фирмы на 600 тысяч за сговор на торгах,https://dzen.ru/a/aqU2EmFhSwy0xSDi,0,0,28,Три компании из Иркутской области признаны виновными в антиконкурентном соглашении на торгах. Об этом сообщило Иркутское УФАС. Фирмы делили между собой право на размещение 22 нестационарных торговых о
nts,2026-09-12 10:54,article,Двое погибли в лобовом ДТП с фурой на трассе «Вилюй» под Братском,https://dzen.ru/a/aqUwWRiP9hd_IvkZ,2,0,40,"Смертельная авария произошла сегодня утром на 284-м километре автодороги А-331 «Вилюй», недалеко от поворота на посёлок Зяба. По предварительным данным, грузовик с полуприцепом ехал со стороны Братска"
nts,2026-09-12 08:11,article,Иркутянин вошел в ТОП-10 лучших авиапожарных России и Беларуси,https://dzen.ru/a/aqULR3OQWXLZm2FU,0,0,64,Иркутянин Иван Куприянов вошёл в ТОП-10 Лучших лесных пожарных-2026. Профессиональное мастерство этих специалистов проверяли на единственном в России и Беларуси конкурсе Авиалесоохраны и наземных лесо
nts,2026-09-12 08:09,article,Лучший эндокринолог России работает в Иркутске,https://dzen.ru/a/aqUJ3HOQWXLZm1oB,0,0,18,"Наше здоровье зависит не только от нас самих, но и от специалистов, которым мы его доверяем. Медицина постоянно развивается, и врачи должны регулярно изучать новые данные и исследования. Такого принци"
nts,2026-09-12 08:07,article,Счета за коммунальные услуги могут вырасти у предпринимателей Иркутской области,https://dzen.ru/a/aqUJ3XOQWXLZm1oE,0,0,12,Счета за коммунальные услуги могут вырасти у предпринимателей Иркутской области. И дело не в индексации. Новая нагрузка грозит бизнесменам региона из-за особенностей системы тарифного регулирования ме
nts,2026-09-12 08:06,article,В первой декаде сентября в Иркутской области было на 4 градуса теплее обычного,https://dzen.ru/a/aqUJKoDLTiGUHnny,2,0,41,Тепло из Иркутской области не уходит. В среднем температура в регионе в первой декаде сентября была выше нормы на четыре градуса. Особенно это ощутили жители юга Прибайкалья. Там воздух прогревался до
nts,2026-09-12 08:02,article,Три года потратили учёные из Иркутска для исследования состояния воздуха над Байкалом,https://dzen.ru/a/aqUIdWFhSwy0xCyq,1,0,10,"Ни час, ни день и ни месяц изучали атмосферу над Байкалом учёные. На исследования ушло три года. И оказалось, что воздух у озера не такой уж и кристально чистый. Подробности – в материале Олега Фёдоро"
nts,2026-09-12 07:28,article,Авиакомпанию оштрафовали на 30 тысяч за овербукинг на рейсе Иркутск — Сочи,https://dzen.ru/a/aqT_vWFhSwy0w_sv,4,0,27,"Авиакомпанию из Новосибирска оштрафовали за то, что она продала слишком много билетов на рейс из Иркутска в Сочи и случился овербукинг. То есть число проданных билетов превышало количество мест на бор"
nts,2026-09-12 07:05,article,Медработники пострадали в ДТП со скорой в Тайшете,https://dzen.ru/a/aqT6xRiP9hd_ImTo,0,0,28,"Иномарка и машина скорой помощи столкнулись в Тайшете. Авария произошла на пересечении улиц Ленина и Пушкина, сообщает Госавтоинспекция региона. По предварительным данным, 43-летний водитель кроссовер"
nts,2026-09-12 07:00,video_long,Иркутянин вошел в ТОП-10 лучших авиапожарных России и Беларуси,https://dzen.ru/video/watch/6aa4f839ac4d107082bd33ea,1,0,90,
nts,2026-09-12 06:58,video_long,Лучший эндокринолог России работает в Иркутске,https://dzen.ru/video/watch/6aa4f7ca917bdc68259d804f,21,0,106,
nts,2026-09-12 06:56,video_long,Счета за коммунальные услуги могут вырасти у предпринимателей Иркутской области,https://dzen.ru/video/watch/6aa4f75ab6afd8381128d0ce,8,0,118,
nts,2026-09-12 06:54,video_long,В первой декаде сентября в Иркутской области было на 4 градуса теплее обычного,https://dzen.ru/video/watch/6aa4f6a99f4ddc24d237ad32,7,0,58,
nts,2026-09-12 06:51,video_long,Три года потратили учёные из Иркутска для исследования состояния воздуха над Байкалом,https://dzen.ru/video/watch/6aa4f6455a6ccf24b5176eff,24,0,139,
nts,2026-09-11 10:45,article,Спасатели отработали аварийную посадку самолёта в аэропорту Иркутска,https://dzen.ru/a/aqPdPXOQWXLZlNWX,3,0,68,"Готовы ко всем непредвиденным ситуациям. Сотрудники Иркутского аэропорта провели полномасштабные учения на случай пожара. По легенде, в самолёте при посадке обнаружили серьёзную неисправность шасси, к"
nts,2026-09-11 10:43,article,Летний сезон на Байкале сместился из-за дождей и дефицита бензина,https://dzen.ru/a/aqPch2FhSwy0va7a,3,0,77,"Глубина и чистота Байкала — то, что привлекает к берегам озера сотни тысяч путешественников. Однако туристическая сфера в Иркутской области по сравнению с прошлым годом переживает спад турпотока. С ок"
nts,2026-09-11 10:02,article,Шелеховчанина будут судить за создание криминального сообщества в Иркутской области,https://dzen.ru/a/aqPSenOQWXLZlJp_,8,0,44,В Иркутске направлено в суд уголовное дело в отношении 40-летнего жителя Шелехова. Его обвиняют в организации деятельности экстремистской организации и занятии высшего положения в преступной иерархии.
nts,2026-09-11 09:29,article,Иркутская область заняла 28-е место в рейтинге регионов по перспективности трудоустройства,https://dzen.ru/a/aqPch2FhSwy0va7T,11,0,113,Выбирать между регионами приходится иногда людям при поиске лучшего места работы. Иркутская область попала в тридцатку субъектов страны по перспективности по трудоустройству. Откуда к нам едут потенци
nts,2026-09-11 09:24,article,"35 хозяйств пострадали от узелкового дерматита в Бутырках, Котах и Турской",https://dzen.ru/a/aqPLU3OQWXLZlHL2,0,0,71,"В Иркутском округе продолжается борьба с узелковым дерматитом. В очагах начали вакцинацию здорового скота и истребление больных животных. Прививают всех восприимчивых к вирусу животных. Напомним, в на"
nts,2026-09-11 08:35,article,Без предупреждения обрабатывало поля пестицидами предприятие под Иркутском,https://dzen.ru/a/aqO-h3OQWXLZlCyt,11,0,48,"Россельхознадзор наказал должностное лицо сельхозпредприятия в Иркутском округе за нарушения при обработке полей пестицидами. Проверка показала, что предприятие применяло препараты с нарушениями регла"
nts,2026-09-11 07:05,article,Женщина отравилась угарным газом на пожаре в Ангарске,https://dzen.ru/a/aqOo88SWjwEs1PZb,0,0,21,"11 сентября ночью в Ангарске произошёл пожар в квартире на четвертом этаже. До приезда пожарных из дома самостоятельно выбрались восемь жителей. Ещё шестерых, среди которых был подросток, эвакуировали"
nts,2026-09-11 06:02,article,Украл 3 млн рублей в автобусе и угодил в колонию карманник из Иркутска,https://dzen.ru/a/aqOaq8SWjwEs1M6k,5,0,25,"В Иркутске вынесен приговор карманнику, который похитил у местной жительницы 3 миллиона рублей в автобусе Мужчина вытащил крупную сумму в переполненном автобусе, когда потерпевшая ехала к банкомату. Е"
nts,2026-09-11 05:56,video_long,Летний сезон на Байкале сместился из-за дождей и дефицита бензина,https://dzen.ru/video/watch/6aa39548413cf90903544955,57,0,96,
nts,2026-09-11 05:49,article,Пенсионер из Нижнеудинского района отдал мошенникам 10 миллионов рублей,https://dzen.ru/a/aqOXzqKBtmtjPWgD,8,0,36,"В полицию Иркутска обратился 66-летний житель города Алзамай Нижнеудинского района. Он рассказал, что мошенники выманили у него 10 миллионов рублей. Об этом сообщает МАХ-канал «Вас обманывают». Сначал"
nts,2026-09-11 05:43,video_long,Спасатели отработали аварийную посадку самолёта в аэропорту Иркутска,https://dzen.ru/video/watch/6aa394c33dfd686099ebb29c,26,0,80,
nts,2026-09-11 05:41,video_long,Иркутская область заняла 28-е место в рейтинге регионов по перспективности трудоустройства,https://dzen.ru/video/watch/6aa39449968d107f0eeea2b2,7,0,132,
nts,2026-09-11 05:39,video_long,"35 хозяйств пострадали от узелкового дерматита в Бутырках, Котах и Турской",https://dzen.ru/video/watch/6aa393efe030cb2fbaa29980,28,0,81,
nts,2026-09-11 05:35,article,Иркутский зоосад принимает овощи для животных,https://dzen.ru/a/aqOUN6KBtmtjPVUy,2,0,28,Жители Приангарья могут принести свой урожай и помочь животным Иркутского зоосада подготовиться к зимним морозам.Традиционная акция по сбору овощей поможет заготовить витаминные запасы для пушистых об
nts,2026-09-11 04:43,article,Пятилетний мальчик погиб под колёсами кроссовера в Ангарске,https://dzen.ru/a/aqOI08WGh2NiGDsY,9,0,28,В Ангарске возбудили уголовное дело после смертельного ДТП с детьми. Вечером 10 сентября в районе дома №7 в 73 квартале 63-летняя женщина за рулём кроссовера сбила двоих детей на нерегулируемом пешехо
nts,2026-09-11 03:24,article,Из-за шалости троих подростков в Тулуне пострадал человек на пожаре,https://dzen.ru/a/aqN1Tu6e4WkGCgd4,3,0,36,"Вечером в посёлке Стекольный Тулуна трое подростков 11–13 лет устроили пожар в подъезде пятиэтажки. Они поджигали бумагу и бросали её на диван на последнем этаже. Когда огонь быстро пошёл по обивке, ш"
nts,2026-09-11 03:09,article,В Братске отопительный сезон начнётся 17 сентября,https://dzen.ru/a/aqNxoMSWjwEs1FwR,0,0,30,"Мэр Братска подписал постановление о старте отопительного сезона. Тепло в городе включат в четверг, 17 сентября. Первыми подключат социальные объекты — детские сады, школы и больницы. После этого тепл"
nts,2026-09-11 01:50,article,Из-за медведей в Ангарске ввели режим повышенной готовности,https://dzen.ru/a/aqNe36KBtmtjPD5A,35,0,51,В Ангарском округе введён режим повышенной готовности. Причина — участившиеся выходы медведей в город. Решение приняли по итогам заседания рабочей группы КЧС. Экстренные службы и полиция перешли на ус
nts,2026-09-10 13:15,article,Тарифное соглашение в Тыве грозит иркутскому бизнесу новыми расходами,https://dzen.ru/a/aqKuZe6e4WkGCALn,24,0,191,"Показатели в платёжках жителей и бизнесменов Прибайкалья, по традиции, могут вырасти осенью из-за индексации тарифов. Но нагрузка на потребителей может вырасти и по другой причине. Мы продолжаем разби"
nts,2026-09-10 09:41,article,Сообщение о минировании поступило в школу №39 Иркутска,https://dzen.ru/a/aqJ8p6KBtmtjNxeS,17,0,19,Сообщение о минировании поступило в школу №39 Иркутска. Об этом НТС рассказали очевидцы. Родителям школьников позвонили сотрудники образовательного учреждения и попросили забрать детей. Детей вывели н
nts,2026-09-10 09:28,article,В Иркутской области только в одном муниципалитете начался отопительный сезон,https://dzen.ru/a/aqJ4--6e4WkGB0NJ,4,0,66,"По состоянию на 11 сентября в Иркутской области отопительный период начат только в Катангском районе. Запущено пять котельных, подключено 15 социальных объектов. Об этом глава региона Игорь Кобзев соо"
nts,2026-09-10 08:48,article,Погибла в мучениях: в Боханском районе пенсионерка отравила собаку,https://dzen.ru/a/aqJwZxwIljOW487m,6,0,34,"В Боханском районе перед судом предстанет местная жительница, отравившая бездомную собаку. Дознаватели МВД завершили расследование уголовного дела, фигуранткой которого стала 82-летняя местная жительн"
nts,2026-09-10 08:00,article,В Иркутске микроавтобус протаранил легковушку: пять человек пострадали,https://dzen.ru/a/aqJlJaKBtmtjNmEV,1,0,31,В Иркутске полицейские разбираются в обстоятельствах ДТП с участием микроавтобуса. Сообщение об аварии на улице Байкальской поступило 10 сентября в 11 часов 45 минут. Прибывшими на место аварии автоин
nts,2026-09-10 07:08,video_long,Первые матчевые гонки на спортивных яхтах пройдут на Байкале,https://dzen.ru/video/watch/6aa25760fc0b6d46b8a90da0,33,0,78,
nts,2026-09-10 07:07,video_long,«Посёлок невезения» под Усольем живёт без интернета и автобусов,https://dzen.ru/video/watch/6aa256faa6a28e73c1d9d1f6,30,0,131,
nts,2026-09-10 07:05,video_long,СМИ: тарифы на электроэнергию для бизнеса Прибайкалья могут вырасти из-за обязательств перед Тывой,https://dzen.ru/video/watch/6aa2569cc5620a3f6e3eae6b,45,0,206,
nts,2026-09-10 06:59,article,Нарушения в пищеблоках нашли в детских лагерях этим летом в Иркутской области,https://dzen.ru/a/aqJW16KBtmtjNfh_,5,0,61,"Роспотребнадзор Иркутской области озвучил итоги летней оздоровительной кампании в Иркутской области. Всего на контроле ведомства находились 795 организаций отдыха и оздоровления, где отдохнули почти 7"
nts,2026-09-10 06:32,article,Потерявшим скот фермерам из Иркутского округа начали выплачивать компенсации,https://dzen.ru/a/aqJQWxwIljOW4uGX,6,0,41,"В Иркутске прошло совещание по эпизоотической ситуации на территории региона. В нём приняли участие представители областного министерства сельского хозяйства, правительства региона, ветеринарной и при"
nts,2026-09-10 05:55,article,"Более 1,5 млн тонн угля доставят на котельные Приангарья по железной дороге",https://dzen.ru/a/aqJHJBwIljOW4p_L,0,0,28,"Почти 775 тысяч тонн угля к зиме уже доставили поездами на предприятия ЖКХ Иркутской области. Всего по железной дороге предстоит завести более 1,5 миллионов тонн твёрдого топлива. При этом в отдалённы"
nts,2026-09-10 05:49,article,Иркутская область вошла в тридцатку самых перспективных регионов для работы,https://dzen.ru/a/aqJFlaKBtmtjNYFW,1,0,44,Иркутская область заняла 28-е место в рейтинге наиболее перспективных регионов России для трудоустройства по итогам первого полугодия 2026 года. Такие данные приводит hh.ru. Лидерами рейтинга стали Ре
nts,2026-09-10 05:05,article,В Иркутске задержали курьера представлявшихся губернатором региона мошенников,https://dzen.ru/a/aqI7ne6e4WkGBmpi,44,0,73,"Полицейские задержали курьер телефонных мошенников, представлявшихся главой Иркутской области. Подозреваемого нашли при содействии сотрудников полиции из других регионов. На данный момент предваритель"
nts,2026-09-10 03:26,article,Лесозаготовителя в Качугском районе заставили возместить ущерб животному миру на 900 тысяч,https://dzen.ru/a/aqIkt6KBtmtjNJqZ,1,0,30,"Прокуратура Качугского района проверила, как соблюдается законодательство о животном мире. Выяснилось: лесные участки здесь арендуют для заготовки древесины, а рубки влияют на среду обитания диких жив"
nts,2026-09-10 03:11,article,Три часа искали спасатели заблудившегося в лесу под Иркутском 83-летнего грибника,https://dzen.ru/a/aqIhJKKBtmtjNIUi,4,0,37,"В Иркутском районе недалеко от посёлка Падь Мельничная потерялся 83-летний мужчина. Он ушёл в лес за дикоросами и не смог найти обратную дорогу. Днём пенсионер несколько раз звонил жене, но ближе к по"
nts,2026-09-10 03:04,article,Отравившегося мухомором котёнка спасли ветеринары в Киренске,https://dzen.ru/a/aqIfP8SWjwEs0GF8,8,0,40,"Котёнок из Киренска едва не погиб после обычного похода хозяина в лес. Владелец вернулся с грибами и принёс домой мухомор, чтобы показать детям. А любопытный питомец увидел в нём новую игрушку — стал "
nts,2026-09-10 01:44,article,Первые матчевые гонки на спортивных яхтах пройдут на Байкале,https://dzen.ru/a/aqIOoKKBtmtjNA79,1,0,67,"Испытание водой, ветром и скоростью пройдут яхтсмены со всей страны на Байкале. Там впервые состоятся матчевые гонки на спортивных яхтах. Старты пройдут с 11 по 13 сентября в посёлке Никола — на участ"
nts,2026-09-10 01:11,article,«Посёлок невезения» под Усольем живёт без интернета и автобусов,https://dzen.ru/a/aqIE2hwIljOW4OWB,5,0,103,"Место, богатое природой, но не современными технологиями. Жители посёлка Тюменск под Усольем уже который год остаются за бортом прогресса. Люди обращались во все инстанции. И вот к ним на встречу приш"
nts,2026-09-09 15:04,article,СМИ: тарифы на электроэнергию для бизнеса Прибайкалья могут вырасти из-за обязательств перед Тывой,https://dzen.ru/a/aqF24RwIljOW3S9o,9,0,192,"Множество испытаний преодолевают бизнесмены Иркутской области. Ведь экономическая ситуация непростая, нагрузка на бизнес тоже растёт, а доходы падают. С начала года одно за другим закрываются разные з"
nts,2026-09-09 10:14,article,В лесу возле посёлка Усть-Балей убрали больше 20 кубометров мусора,https://dzen.ru/a/aqEy9MSWjwEsy3-A,3,0,22,Сотрудники министерства лесного комплекса Иркутской области провели субботник возле посёлка Усть-Балей. Вместе с представителями подведомственных учреждений они очистили лес от бытового мусора и остат
nts,2026-09-09 10:08,article,11 сентября в Иркутской области ограничат продажу алкоголя,https://dzen.ru/a/aqEwsqKBtmtjLZLE,3,0,31,"В Иркутской области 11 сентября временно запретят розничную продажу алкоголя. Ограничение будет действовать с 8:00 до 23:00 в рамках Всероссийского дня трезвости. Запрет не коснётся кафе, ресторанов и"
nts,2026-09-09 10:02,article,В Братске 207 домов перешли с угля и дров на газ,https://dzen.ru/a/aqEv_KKBtmtjLYsr,2,0,36,В Правобережном районе Братска 207 частных домов перешли на газ с дров и угля. Ещё в 177 зданиях установили отопительные системы и внутридомовое газовое оборудование. В 149 домах работы продолжаются. 
nts,2026-09-09 08:46,article,Педагог из Казачинско-Ленского района поборется за титул лучшего учителя России,https://dzen.ru/a/aqEdiMSWjwEsyqsV,2,0,30,"Учитель русского языка и литературы Магистральнинской школы № 2 Анастасия Леончик вышла в финал Всероссийского конкурса ""Учитель года России - 2026"". Педагог из Казачинско-Ленского района стала призёр"
nts,2026-09-09 08:31,article,В Усть-Илимске ввели режим повышенной готовности из-за участившихся выходов медведей к людям,https://dzen.ru/a/aqEaA8SWjwEsyoT0,3,0,36,"В Усть-Илимске ввели режим повышенной готовности из-за выхода медведей к городу и населённым пунктам. Такое решение приняли на заседании комиссии по чрезвычайным ситуациям, сообщает администрация горо"
nts,2026-09-09 07:52,article,В Тайшете полицейские задержали укравшего телевизор у пенсионерки,https://dzen.ru/a/aqERhqKBtmtjLFSa,0,0,26,"В Тайшете полицейские раскрыли квартирную кражу у 85-летней пенсионерки. Женщина сообщила полицейским, что из ее комнаты в общежитии пропал телевизор. Вором оказался ранее судимый 36-летний местный жи"
nts,2026-09-09 07:34,article,В Саянск стало удобнее добираться: подъездную дорогу в город отремонтировали,https://dzen.ru/a/aqENNqKBtmtjLCxC,1,0,29,"В Саянске завершили ремонт подъездной дороги, которая соединяет город с федеральной трассой и соседними населёнными пунктами. Рабочие обновили участок от моста через реку Оку до въезда в город - с 3-г"
nts,2026-09-09 07:10,article,В Заларинском районе осудили жителя Томской области за поддельные водительские права,https://dzen.ru/a/aqEHjqKBtmtjK_Ni,3,0,48,"В Заларинском районе осудили 36-летнего жителя Томской области за езду с поддельными водительскими правами. В марте 2026 года сотрудники ГИБДД остановили его на федеральной трассе Р-255 ""Сибирь"". Мужч"
nts,2026-09-09 06:57,article,15 работ импрессионистов из Пушкинского музея привезли в Иркутск,https://dzen.ru/a/aqEFbMSWjwEsybUh,2,0,138,Иркутск станет центром мира живописи. 15 сентября в столице Восточной Сибири откроется выставка работ художников-импрессионистов. Чем уникальна экспозиция и насколько её сложно было доставить в наш го
nts,2026-09-09 06:54,article,Подпорная стенка обрушилась у АЗС на Академической в Иркутске,https://dzen.ru/a/aqED_8SWjwEsyaWk,7,0,61,"Энергетическая сфера, как и многие, зависит от бензина. Но на одной из автозаправочных станций Иркутска проблемы возникают вовсе не из-за поставок горючего. У здания АЗС на улице Академической обрушил"
nts,2026-09-09 06:52,article,Пьяный мужчина угнал фургон и устроил ДТП в Иркутске,https://dzen.ru/a/aqEDTKKBtmtjK804,0,0,20,"В Иркутске полицейские задержали 39-летнего мужчину, который угнал фургон. О инциденте в полицию сообщили очевидцы. Машина была открыта, а ключи находились в замке зажигания. Обвиняемый был пьян. Прое"
nts,2026-09-09 06:51,article,Дефицит энергии прогнозируют в Сибири и на Дальнем Востоке,https://dzen.ru/a/aqEEDMSWjwEsyaXz,5,0,100,"Будущее энергетики Сибири и Дальнего Востока как раз обсуждалось на Восточном экономическом форуме-2026. Промышленность в этих регионах бурно развивается, что может привести к дефициту энергии. Пока э"
nts,2026-09-09 06:47,article,"Жителям пригорода Иркутска объяснили, как подготовить дом к зиме",https://dzen.ru/a/aqECmMSWjwEsyZrn,0,0,146,"Как качественно подготовить к зиме свой дом, улучшить качество жизни и обезопасить себя при выборе жилья. На эти вопросы ответили эксперты в сфере строительства и юриспруденции в Урике. Ведь тема набо"
nts,2026-09-09 06:44,article,Медведь забрался на территорию детского сада в Ангарске,https://dzen.ru/a/aqEB4KKBtmtjK8Aa,201,0,157,"Скот — лёгкая добыча для медведя. Это, а также свалки и нехватка еды в самих лесах всё чаще ведут опасного хищника к людям. Так, в Ангарске зверь и вовсе забрёл на территорию детского сада. Как борютс"
nts,2026-09-09 06:36,video_long,15 работ импрессионистов из Пушкинского музея привезли в Иркутск,https://dzen.ru/video/watch/6aa0fe3e7feaab2cde3f2e0a,17,0,141,
nts,2026-09-09 06:34,video_long,Подпорная стенка обрушилась у АЗС на Академической в Иркутске,https://dzen.ru/video/watch/6aa0fde1273d255637e81fe8,9,0,79,
nts,2026-09-09 06:33,video_long,Дефицит энергии прогнозируют в Сибири и на Дальнем Востоке,https://dzen.ru/video/watch/6aa0fd86d5588f379a49ea15,11,0,147,
nts,2026-09-09 06:31,video_long,"Жителям пригорода Иркутска объяснили, как подготовить дом к зиме",https://dzen.ru/video/watch/6aa0fd3309d3240b27df4330,9,0,161,
nts,2026-09-09 06:30,video_long,Медведь забрался на территорию детского сада в Ангарске,https://dzen.ru/video/watch/6aa0fcde3a1df35750d60d5c,372,0,160,
nts,2026-09-09 06:29,video_long,Жители Котов и Бутырки добились повышения компенсации за уничтожение скота,https://dzen.ru/video/watch/6aa0fc8e7938a166dd7ce61e,73,0,211,
nts,2026-09-09 06:21,article,Меры безопасности усилят из-за подростков-нарушителей на железной дороге в Прибайкалье,https://dzen.ru/a/aqD8M8SWjwEsyV8g,0,0,29,"Из-за тревожной статистки в Прибайкалье усиливают меры борьбы с зацепингом. С начала года зафиксировано уже 6 случаев, когда подростки ехали с внешней стороны поездов. Все инциденты произошли на перег"
nts,2026-09-09 06:05,article,"""Суровые"" грибы в Иркутске проросли из под асфальта и приподняли дорожное полотно",https://dzen.ru/a/aqD38sSWjwEsyTTm,2,0,12,В Иркутске на улице Франк-Каменецкого грибы проросли из-под асфальта и немного приподняли дорожное покрытие. А несколько грибов пробились наружу и оказались у бордюра. Кадрами необычного повреждения д
nts,2026-09-09 05:42,article,Врача Маргариту Горяшину из Иркутска признали лучшим эндокринологом России,https://dzen.ru/a/aqDy_MSWjwEsyQQ4,30,0,20,"По итогам Всероссийского конкурса врачей и специалистов с высшим немедицинским образованием, Маргариту Горяшину из Иркутска признали лучшим эндокринологом России. Маргарита Горяшина работает врачом уж"
nts,2026-09-09 04:27,article,Кёрлингисты из Иркутской области одержали победу на Кубке России в Новосибирске,https://dzen.ru/a/aqDhPcSWjwEsyF-b,0,0,31,"Кёрлингисты команды ""Иркутская область - Комсомолл 1"" победили на Кубке России среди смешанных команд в Новосибирске. В состав команды вошли мастера спорта России и воспитанники областной спортивной ш"
nts,2026-09-09 04:10,article,Жители Котов и Бутырки добились повышения компенсации за уничтожение скота,https://dzen.ru/a/aqDdGqKBtmtjKmlv,4,0,186,В Иркутском округе продолжается борьба с распространением заразного узелкового дерматита у крупного рогатого скота. Власти региона увеличили компенсацию за ликвидацию животных. Подробности непростой о
nts,2026-09-09 03:59,article,График подачи тепла в дома Иркутска может быть сдвинут на более поздний срок,https://dzen.ru/a/aqDa48SWjwEsyCm4,7,0,41,"Мэр Иркутска Руслан Болотов провёл совещание о подготовке города к отопительному сезону. К началу подачи тепла уже готовы 250 школ, детских садов, учреждений культуры и спортивных объектов. Их подключ"
nts,2026-09-09 03:44,article,Троих человек спасли на пожаре в поселке Белореченский,https://dzen.ru/a/aqDXVMSWjwEsyAsJ,0,0,20,"Троих человек спасли из пожара в многоквартирном доме в посёлке Белореченский Усольского района. Предположительно, кто-то поджег квартиру на четвёртом этаже. Виновное лицо и ущерб на данный момент уст"
nts,2026-09-09 03:22,article,"Охотник, на которого напал медведь в Братске, идёт на поправку",https://dzen.ru/a/aqDRncSWjwEsx8wS,1,0,61,"Охотник на которого напал медведь в Братске идёт на поправку в больнице. Его прооперировали и сейчас мужчина чувствует себя лучше. Медведь напал на охотника, когда тот вместе с коллегами выслеживал хи"
nts,2026-09-09 02:45,article,"Оригинал ""Осеннего утра в Эраньи"" Камиля Писсарро привезли в Иркутск: и еще 14 работ художников импрессионистов из коллекции Пушкинского музея",https://dzen.ru/a/aqDJ1MSWjwEsx4bv,6,0,49,Шедевры зарубежных импрессионистов приехали в Иркутск. Всего 15 подлинных картин импрессионистов и постимпрессионистов из Государственного музей изобразительных искусств имени А. С. Пушкина. Доставили
nts,2026-09-09 02:35,article,Подростка из Шелехова приговорили к 8 годам лишения свободы за двойное убийство,https://dzen.ru/a/aqDG_qKBtmtjKZwJ,33,1,54,"В Шелехове 15-летнего подростка приговорили к 8 годам лишения свободы за двойное убийство. Напомним, трагедия произошла 12 октября 2025 года в подъезде жилого дома. Предположительно из-за ревности мал"
nts,2026-09-08 10:16,article,В посёлке Мама установили освещение на дорогах лишь после вмешательства прокуратуры,https://dzen.ru/a/ap_hsMSWjwEsvvm9,4,0,21,Жительница посёлка Мама на личном приёме первого зампрокурора Иркутской области по видеосвязи пожаловалась: по вечерам на двух улицах в посёлке темно. Проверка подтвердила — на Октябрьской и Связи нет
nts,2026-09-08 06:14,article,25 пациентов детской больницы в Ангарске получили сладкие презенты,https://dzen.ru/a/ap-o46KBtmtjH2bb,4,1,23,Сладкие подарки получили пациенты ангарской детской больницы. Так проходящих лечение ребят решили поддержать волонтёры в начале учебного года. Благотворительную акцию организовали сотрудники Ангарской
nts,2026-09-08 05:59,article,"Новый образовательный кластер про проекту ""Профессионалитет"" создан в Приангарье",https://dzen.ru/a/ap-lWcSWjwEsvR5Z,0,0,29,Новый образовательный кластер нефтехимической направленности запущен в Прибайкалье. Сделано это по федеральной программе «Профессионалитет». В частности Центр подготовки специалистов организован на ба
nts,2026-09-08 05:52,article,Экобудущее начинается сегодня: юбилейная «ЭкоМолодёжь-2026» стартует в Иркутске,https://dzen.ru/a/ap-nhcSWjwEsvS9T,0,0,44,27 сентября станет молодёжным днём большого Байкальского международного экологического конгресса. В этот день в Иркутске откроется V Международный молодёжный экологический форум «ЭкоМолодёжь-2026». Со
nts,2026-09-08 03:43,article,Нерпа онлайн и квартира с 50 ошибками: выставка «зелёных» технологий в Иркутске,https://dzen.ru/a/ap-GN8SWjwEsvCMr,0,0,59,"24 и 25 сентября Иркутск станет столицей экоинноваций: свыше 100 экспонентов представят экологические проекты в «СибЭкспоЦентре», на выставке в рамках Байкальского экологического конгресса. Мероприяти"
nts,2026-09-07 16:48,video_long,2648 человек посетили фестиваль в День Байкала в Иркутске,https://dzen.ru/video/watch/6a9eeab65a5f3b45d5a66b4d,14,0,161,
nts,2026-09-07 16:46,video_long,Международный фестиваль «Звёзды на Байкале» открылся в Иркутске в 21-й раз,https://dzen.ru/video/watch/6a9eea5bb931c1596cfc5727,8,0,128,
nts,2026-09-07 16:45,video_long,Первый фестиваль русского хоккея «Единство нации» завершился в Иркутске,https://dzen.ru/video/watch/6a9eea008869b7562ce6cc85,10,0,184,
nts,2026-09-07 16:44,video_long,Набережную у реки Куда благоустроили в Хомутове по нацпроекту,https://dzen.ru/video/watch/6a9ee9ad261888006e4deb2c,3,0,139,
nts,2026-09-07 16:42,video_long,Подстанцию в Хомутово усилили перед отопительным сезоном,https://dzen.ru/video/watch/6a9ee946da78be5049b4186d,12,0,123,
nts,2026-09-07 16:40,video_long,Больше 15 тысяч человек прошли крестным ходом по центру Иркутска,https://dzen.ru/video/watch/6a9ee8e268e34c3b5f5ee4fc,9,0,159,
nts,2026-09-07 16:38,video_long,Иркутская станция переливания всё чаще сталкивается с «бракованной» кровью,https://dzen.ru/video/watch/6a9ee8605882d566eb8d0ab7,3,0,138,
nts,2026-09-07 16:37,video_long,Жители деревни Бутырки требуют анализы перед усыплением заражённого скота,https://dzen.ru/video/watch/6a9ee7dba473f256e75ada8e,596,3,176,
nts,2026-09-07 15:44,article,2648 человек посетили фестиваль в День Байкала в Иркутске,https://dzen.ru/a/ap7cw6KBtmtjGPzj,4,0,132,"Когда приходят браконьеры для того, чтобы проверить свою сеть — они подтверждают миф о том, что байкальская нерпа питается байкальским омулем Хотя в рационе нерпы омуль — далеко не на первом месте. По"
nts,2026-09-07 15:35,article,Набережную у реки Куда благоустроили в Хомутове по нацпроекту,https://dzen.ru/a/ap7ajsSWjwEstskz,0,0,122,"Нуждается в инфраструктуре и общественных пространствах Иркутский округ. Ведь он активно застраивается. Так, в Хомутово открылась долгожданная набережная у реки Куда. О новой точке притяжения расскаже"
nts,2026-09-07 15:27,article,Подстанцию в Хомутово усилили перед отопительным сезоном,https://dzen.ru/a/ap7ZI8SWjwEstrmY,0,0,113,"Повседневная жизнь и работа жителей Хомутово, как и других поселений, напрямую зависит от стабильного электроснабжения. Перед началом отопительного сезона на подстанции обновляют оборудование. Что изм"
nts,2026-09-07 15:05,article,Международный фестиваль «Звёзды на Байкале» открылся в Иркутске в 21-й раз,https://dzen.ru/a/ap7TecSWjwEstoe1,5,0,105,"В Иркутске открылся XXI Международный фестиваль академической музыки «Звёзды на Байкале». Он проводится с 2004 года и собирает на сценах города ведущих музыкантов, оркестры и молодых звёзд. Основные в"
nts,2026-09-07 14:55,article,Первый фестиваль русского хоккея «Единство нации» завершился в Иркутске,https://dzen.ru/a/ap7RW8SWjwEstnSn,0,0,161,Первый фестиваль русского хоккея «Единство нации» завершился в Иркутске. Команда «Байкальские Соколы» в обновлённом составе прошла боевое крещение перед Суперлигой. Как прошёл финальный матч и кто ста
nts,2026-09-07 14:39,article,Иркутская станция переливания всё чаще сталкивается с «бракованной» кровью,https://dzen.ru/a/ap7N0qKBtmtjGHh5,7,0,134,"Не только после происшествий, но и при ряде заболеваний пациентам требуется переливание крови. Либо её компонентов. Однако в Иркутске станция всё чаще сталкивается со сдачей некачественных биоматериал"
nts,2026-09-07 13:43,article,Больше 15 тысяч человек прошли крестным ходом по центру Иркутска,https://dzen.ru/a/ap7AVsSWjwEsteAL,0,0,138,"Больше пятнадцати тысяч человек прошли крестным ходом по центру Иркутска. В выходные в областном центре провели масштабную службу и шествие. Священники и прихожане пронесли две святыни, одна из которы"
nts,2026-09-07 13:15,article,Жители деревни Бутырки требуют анализы перед усыплением заражённого скота,https://dzen.ru/a/ap658sSWjwEstaYH,139,0,163,В Прибайкалье вновь зарегистрирована вспышка узелкового дерматита. В феврале 2024 заболевание регистрировали в пяти районах. В этом году пока что только в Иркутском округе. Однако жители деревни Бутыр
nts,2026-09-07 12:49,article,Более 400 жителей Иркутска получили новое жильё взамен аварийного,https://dzen.ru/a/ap658sSWjwEstaYI,0,0,49,"В Иркутске продолжается реализация программы комплексного развития территорий. С 2024 года заключено 10 договоров, общая площадь вовлечённых земель — около 62 гектаров. Главная задача — расселение и с"
nts,2026-09-07 11:35,article,В Киренском районе 17-летняя девушка стала помощницей мошенников за 2% от сделок,https://dzen.ru/a/ap6ik6KBtmtjFu2B,2,0,43,17-летняя жительница Киренска согласилась получать на свою банковскую карту неизвестные переводы и пересылать их. За такие операции девушке пообещали 2% от сделок. Такой заработок она нашла в мессендж
nts,2026-09-07 10:56,article,В Слюдянском районе двое пьяных парней угнали автомобиль,https://dzen.ru/a/ap6ZVsSWjwEstIJQ,2,0,52,"Слюдянский районный суд вынес приговор двум жителям посёлка Култук. В конце мая они ночью вместе выпивали в Слюдянке, а после вышли на улицу и заметили припаркованный у многоэтажного дома «ВАЗ 21070»."
nts,2026-09-07 10:53,article,В Слюдянском районе двое пьяных парней угнали автомобиль,https://dzen.ru/a/ap6YmqKBtmtjFpuX,0,0,52,"Слюдянский районный суд вынес приговор двум жителям посёлка Култук. В конце мая они ночью вместе выпивали в Слюдянке, а после вышли на улицу и заметили припаркованный у многоэтажного дома «ВАЗ 21070»."
nts,2026-09-07 09:39,article,Раненый медведь напал на охотника во время засады в Братске,https://dzen.ru/a/ap6HZ8SWjwEss-QX,28,0,40,В Братске за выходные ликвидировали трёх медведей. Один из них напал на охотника. Зверь несколько дней ходил к Храму Всех Святых и спускался до улицы Муханова. Мобильная группа устраивала ночные засад
nts,2026-09-07 09:35,article,В Братске водитель сбил троих школьников на переходе и скрылся,https://dzen.ru/a/ap6GsKKBtmtjFfwT,3,0,37,"В Братске задержали водителя, который сбил троих несовершеннолетних и скрылся. Авария произошла в субботу около шести вечера на улице Енисейской в жилом районе Гидростроитель. Трое подростков 13–14 ле"
nts,2026-09-07 04:03,article,Аэропорт Усть-Кута впервые принял современный среднемагистральный самолёт,https://dzen.ru/a/ap44TcSWjwEssQu4,15,0,28,Важный тест прошёл обновлённый аэропорт Усть-Кута. Он успешно принял современный магистральный самолёт Embraer 170. Для воздушной гавани это был первый опыт обслуживания лайнера с низко расположенными
nts,2026-09-07 03:46,article,В Анграске почти 250 специалистов получили награды в честь Дня нефтяника,https://dzen.ru/a/ap40s8SWjwEssOfj,0,0,23,День работников нефтяной и газовой промышленности отметили в Ангарске. В городе в честь специалистов этой отрасли состоялся торжественный вечер. Главными гостями праздника стали сотрудники Ангарской н
nts,2026-09-07 03:30,article,В Приангарье справочные терминалы пользуются популярностью у пассажиров поездов,https://dzen.ru/a/ap4wi8SWjwEssMZy,0,0,28,Видеоконстультации по поводу работы железнодорожного транспорта в Иркутске больше всего востребованы у китайских туристов. С начала года от этой категории приезжих поступило 490 таких обращений через 
nts,2026-09-06 05:37,article,Гостиницу «Метрополь» в Иркутске обновляют почти 20 лет,https://dzen.ru/a/apz-HcSWjwEspvqa,15,0,119,Исторический объект приводят в порядок в Иркутске. Комплекс зданий и гостиниц «Метрополь» реставрируют уже почти 20 лет. Какую историю пережил дом и когда планируют завершить обновление — узнаете из с
nts,2026-09-06 05:32,article,Жители Биликтуя боятся остаться без единственного автобуса до Ангарска,https://dzen.ru/a/apz9ZMSWjwEspvQj,2,0,126,"К руководству области обращаются жители села Биликтуй, чтобы решить животрепещущую проблему. Больше года они живут с неизвестностью: удастся ли уехать на работу, учёбу, в поликлинику, а затем — вернут"
nts,2026-09-06 05:28,article,Ещё два туристических маршрута закрыли в Прибайкальском нацпарке из-за медведей,https://dzen.ru/a/apz7-cSWjwEspujE,8,0,59,Из-за большой активности медведей в Прибайкальском национальном парке закрыли ещё два туристических маршрута. Это «Большая Байкальская тропа» и «Бакланий камень — Бугульдейка». Всего сейчас закрыто дл
nts,2026-09-06 05:15,article,В Иркутской области начали маркировать домашнюю птицу в крупных подворьях,https://dzen.ru/a/apz6j6KBtmtjCMXW,12,0,62,"Чтобы предотвратить эпидемию, весь домашний скот ставят на учёт. В этот раз очередь дошла и до пернатых представителей подворья. Какие нюансы следует учесть фермерам и стоит ли выгуливать «несушек» до"
nts,2026-09-06 05:13,article,«Байкальские Соколы» прошли боевое крещение матчем со сборной России по бенди,https://dzen.ru/a/apz4bcSWjwEsps2I,1,0,103,"Дождались и на своей улице праздника хоккейные болельщики. В Иркутске стартовал необычный турнир по бенди. Вдвойне приятнее, что на лёд вышла и команда из Иркутска в обновлённом составе и с новым имен"
nts,2026-09-06 04:17,video_long,Гостиницу «Метрополь» в Иркутске обновляют почти 20 лет,https://dzen.ru/video/watch/6a9ce9464f7d0165e253c4e6,17,0,119,
nts,2026-09-06 04:16,video_long,Жители Биликтуя боятся остаться без единственного автобуса до Ангарска,https://dzen.ru/video/watch/6a9ce8da4b42402124ef6492,5,0,149,
nts,2026-09-06 04:14,video_long,Ещё два туристических маршрута закрыли в Прибайкальском нацпарке из-за медведей,https://dzen.ru/video/watch/6a9ce8728abea318799c7c90,57,0,74,
nts,2026-09-06 04:12,video_long,В Иркутской области начали маркировать домашнюю птицу в крупных подворьях,https://dzen.ru/video/watch/6a9ce8120920b655b662e610,75,0,63,
nts,2026-09-06 04:11,video_long,«Байкальские Соколы» прошли боевое крещение матчем со сборной России по бенди,https://dzen.ru/video/watch/6a9ce7b1b931c1596c63ba5a,37,0,116,
nts,2026-09-06 04:04,article,Как «Байкальские Соколы» сыграли первый матч против элиты русского хоккея?,https://dzen.ru/a/apznYcSWjwEspkfV,6,0,16,"Близится финал фестиваля русского хоккея ""Единство наций"", где иркутская команда дебютировала с новым названием ""Байкальские Соколы"" и с обновлённым составом. В преддверии решающих игр предлагаем осве"
nts,2026-09-05 12:27,article,Найденного в лесу африканского ежа спасают в Иркутской зоогалерее,https://dzen.ru/a/apwLasSWjwEsnyWL,14,2,35,"В Иркутскую зоогалерею попал необычный пациент — африканский карликовый ёж, которого нашли в лесу под Иркутском. Он грязный, истощённый, с серьёзным расстройством кишечника, но живой. Судя по всему, ё"
nts,2026-09-05 11:49,article,Пожар в психоневрологическом отделении унёс жизнь пациента в Железногорске-Илимском,https://dzen.ru/a/apwC46KBtmtjAMQ9,19,0,31,В Железногорске-Илимском 5 сентября загорелся изолятор психоневрологического отделения районной больницы. Погиб 54-летний пациент. Об этом сообщили в СУ СК России по Иркутской области. В ГУ МЧС России
nts,2026-09-05 11:13,article,Из-за долгов теплоснабжающие организации в Иркутском округе не могут закупить уголь к зиме,https://dzen.ru/a/apv6Z6KBtmtjAIYB,16,0,57,Две теплоснабжающие организации Иркутского округа — «Южнобайкальское» и «Ушаковское» — оказались в сложной ситуации перед отопительным сезоном. У предприятий миллионные долги за топливо и электроэнерг
nts,2026-09-05 10:54,article,Укушенную гадюкой корову спасли ветеринары в Тайшете,https://dzen.ru/a/apv2G8SWjwEsnnfi,5,1,35,"В Тайшете ветеринары спасли корову, которую на пастбище укусила гадюка. Хозяин вызвал специалистов, когда заметил, что животное стало вести себя необычно. К приезду ветеринаров вымя сильно отекло, нач"
nts,2026-09-05 10:29,article,В Балаганском районе 81-летняя женщина оформила квартиру лишь после 30 лет жизни в ней,https://dzen.ru/a/apvvscSWjwEsnkX6,27,0,30,"В Балаганском районе прокуратура защитила жилищные права 81-летней местной жительницы. Женщина с 1989 года жила в квартире, часть которой ей передали по ордеру, а вторую предоставили позже для улучшен"
nts,2026-09-05 09:25,article,«Байкальские Соколы» прошли боевое крещение матчем со сборной России по бенди,https://dzen.ru/a/apvhCqKBtmtj_73J,8,0,103,"Дождались и на своей улице праздника хоккейные болельщики. В Иркутске стартовал необычный турнир по бенди. Вдвойне приятнее, что на лёд вышла и команда из Иркутска в обновлённом составе и с новым имен"
nts,2026-09-05 09:16,article,70-летняя женщина погибла на пожаре в садоводстве Усольского района,https://dzen.ru/a/apvfZqKBtmtj_7CW,4,0,23,"В Усольском районе вечером 4 сентября загорелся садовый дом в «Архиреевке-4». К приезду пожарных он был полностью охвачен огнём. Пламя успело перекинуться на соседний дом, но хозяйка успела эвакуирова"
nts,2026-09-05 07:50,article,Мощи святителя Спиридона Тримифунтского прибыли в Иркутск,https://dzen.ru/a/apvLHaKBtmtj_wMR,27,0,52,В Иркутск из греческого города Корфу прибыла святыня православного мира — мощи святителя Спиридона Тримифунтского. Последний раз священную реликвию привозили в Россию семь лет назад. В этом году торже
nts,2026-09-05 07:20,article,"""Резвый"" нелегал не смог умчаться от сотрудников транспортной прокуратуры",https://dzen.ru/a/apvDvcSWjwEsnNiR,2,0,34,"В акватории озера Байкал вблизи посёлка Листвянка пресечена незаконная перевозка пассажиров. Как сообщили в Байкало‑Ангарской транспортной прокуратуре, судно «Резвый» осуществляло перевозки без соотве"
nts,2026-09-05 07:13,article,Два человека погибли на золотодобывающем предприятии в Бодайбинском районе,https://dzen.ru/a/apvCSqKBtmtj_rKL,9,0,33,Двое человек погибли в результате несчастного случая на золотодобывающем предприятии в Бодайбинском районе. По данному факту региональный следственный комитет возбудил уголовное дело. По предварительн
nts,2026-09-05 06:56,article,Вспышку узелкового дерматита выявили в деревне Бутырки Иркутского округ,https://dzen.ru/a/apu-CKKBtmtj_orC,29,0,62,"Власти ввели режим повышенной готовности в Иркутском округе из-за вспышки узелкового дерматита у скота. Очаг заражения выявили в деревне Бутырке, которая находится в Оёкском округе. Это два личных под"
nts,2026-09-04 11:51,article,Владельца склада древесины в Зиминском районе наказали за опилки и кору,https://dzen.ru/a/apqxvsSWjwEsk4Uk,6,0,24,В Зиминском районе владельцу склада хранения и переработки древесины объявили предостережение сотрудники Россельхознадзора. Территория погрузочной площадки и места хранения подкарантинной продукции не
nts,2026-09-04 11:46,article,В Иркутске кондитеру выплатили 85 тысяч после незаконного увольнения,https://dzen.ru/a/apqw_6KBtmtj9S0J,6,0,21,"В Иркутске восстановили трудовые права 30-летней женщины-кондитера, которую незаконно уволили из кондитерского цеха. Работница обратилась в суд, и он встал на её сторону. С работодателя взыскали зарпл"
nts,2026-09-04 11:33,article,Активность клещей в Иркутской области пошла на спад,https://dzen.ru/a/apqtc8SWjwEsk13V,2,0,30,"В Иркутской области снижается активность клещей. За прошедшую неделю с укусами обратились 153 человека. Всего с начала эпидсезона зарегистрировано 21 220 обращений — это на 29,6% больше, чем за аналог"
nts,2026-09-04 08:30,article,"Омуль, хариус, щуку и налим на полмиллиона рублей выловили браконьеры в Ангаре",https://dzen.ru/a/apqCU8SWjwEskezb,12,0,38,Не все жители Иркутской области с должным уважением относятся к природным ресурсам своего края. Троих браконьеров задержали в акватории реки Ангары сотрудники транспортной полиции региона. Мужчины исп
nts,2026-09-04 08:00,article,Замгубернатора Приангарья берёт под личный контроль уничтожение очагов конопли,https://dzen.ru/a/app6_sSWjwEska-D,3,0,45,Дикорастущая конопля заполонила поля Приангарья. На заседании антинаркотической комиссии губернатор региона Игорь Кобзев поручил вице-премьеру Владимиру Читоркину лично проконтролировать уничтожение о
nts,2026-09-04 07:30,article,Отреставрированный собор в Верхоленске стал частью «Земли для туризма»,https://dzen.ru/a/app0m6KBtmtj8ygX,0,0,39,Недавно отреставрированный Воскресенский собор в селе Верхоленск включён в проект «Земля для туризма». Образец сибирского храмового зодчества начала XX века — теперь не просто памятник культуры федера
nts,2026-09-04 07:03,article,"Иностранку осудили в Иркутске за контрабанду драгоценностей на 6,3 миллиона рублей",https://dzen.ru/a/appuQqKBtmtj8vU6,3,0,21,"Иркутский суд вынес приговор иностранке, которая пыталась провезти через аэропорт драгоценности на 6,3 миллиона рублей. Женщину признали виновной в контрабанде стратегически важных товаров. В январе 2"
nts,2026-09-04 06:19,article,Иркутские дети осваивают олимпийский хоккей на траве на школьном поле,https://dzen.ru/a/appk-6KBtmtj8qiV,0,0,136,"Ещё один олимпийский вид спорта появился в Иркутской области. Уже два года в Иркутске развивается хоккей на траве. Правда, пока что им занимаются два десятка детей и многое держится на инициативе трен"
nts,2026-09-04 06:13,article,Короткометражку о семейной драме с мистическими нотками снимают в пригороде Иркутска,https://dzen.ru/a/appkQcSWjwEskQHI,3,1,140,Материнство — важная часть в жизни женщины. Но появление ребёнка порой приходится ждать очень долго или прибегать ради этой цели к разным нетрадиционным методам. Одна из иркутянок так задумалась над э
nts,2026-09-04 06:10,article,Выпускники региона всё чаще выбирают технические специальности,https://dzen.ru/a/appi1qKBtmtj8pjR,2,0,110,Выпускники иркутских школ всё чаще присматриваются к техническим специальностям. А это не только авиация. Во многом это происходит как раз благодаря грамотной профориентационной работе со школьной ска
nts,2026-09-04 06:03,article,Будущих пилотов и инженеров в Иркутске растят со школьной скамьи,https://dzen.ru/a/apphZ6KBtmtj8o6y,23,0,155,"Без прогноза погоды не обойтись в авиаперевозках. Осадки, направление ветра — всё это нужно учесть пилотам. В том числе будущим. Как таких специалистов начинают готовить ещё со школьной скамьи, разбир"
nts,2026-09-04 06:00,article,Первые заморозки и мокрый снег придут в Иркутскую область 3 и 4 сентября,https://dzen.ru/a/appf_cSWjwEskOAI,24,0,55,"В Иркутске устраняют последствия непогоды. На отдельных участках дороги буквально затопило. Это традиционно район Лисихи, улиц Розы Люксембург и Байкальской. Особенно контрастными ливни кажутся на фон"
nts,2026-09-04 05:54,article,Чаще всего в лесах Прибайкалья теряются мужчины среднего возраста,https://dzen.ru/a/appfYaKBtmtj8n1j,11,0,131,"Лес опасен не только встречами с медведями — в нём ещё и легко потеряться. Сейчас как раз начинается сезон сбора дикоросов, а вместе с ним и сезон поиска пропавших людей. Как подготовиться к походу в "
nts,2026-09-04 05:52,article,В Приангарье нашли следы незарегистрированных химикатов в растениях,https://dzen.ru/a/appd4cSWjwEskM9n,2,0,32,"Россельхознадзор с начала 2026 года провёл 294 проверки в сфере использования пестицидов и агрохимикатов в Иркутской области. И выявил ряд нарушений. Чаще всего аграрии использовали препараты, не разр"
nts,2026-09-04 05:45,video_long,Иркутские дети осваивают олимпийский хоккей на траве на школьном поле,https://dzen.ru/video/watch/6a9a5ab8b931c1596c789b8b,4,0,135,
nts,2026-09-04 05:43,video_long,Короткометражку о семейной драме с мистическими нотками снимают в пригороде Иркутска,https://dzen.ru/video/watch/6a9a5a5caf28500237cad6cf,5,0,166,
nts,2026-09-04 05:42,video_long,Выпускники региона всё чаще выбирают технические специальности,https://dzen.ru/video/watch/6a9a59fdf0af7e427f6dc27e,4,0,127,
nts,2026-09-04 05:40,video_long,Будущих пилотов и инженеров в Иркутске растят со школьной скамьи,https://dzen.ru/video/watch/6a9a59a13916b363b050a7b0,13,0,182,
nts,2026-09-04 05:38,video_long,Первые заморозки и мокрый снег придут в Иркутскую область 3 и 4 сентября,https://dzen.ru/video/watch/6a9a594ba6d93033996bbaff,6,0,67,
nts,2026-09-04 05:37,video_long,Чаще всего в лесах Прибайкалья теряются мужчины среднего возраста,https://dzen.ru/video/watch/6a9a58f4b9766f4fc75cdfaf,11,0,130,
nts,2026-09-04 02:35,article,Уроки по правилам безопасности на железной дороге проведут для школьников Приангарья,https://dzen.ru/a/apovE6KBtmtj8RIe,0,0,24,Акция «Уступи дорогу поездам» стартовала в Иркутской области. В течение месяца на железной дороге будут проходить различные профилактические мероприятия. Главная цель – предупреждение ЧП с детьми. Для
nts,2026-09-03 11:27,article,В Иркутске стартует фестиваль русского хоккея «Единство наций»,https://dzen.ru/a/aplayMSWjwEsiD6t,2,0,52,"В Иркутске сегодня, 3 сентября, стартует фестиваль русского хоккея «Единство наций». Он продлится до 6 сентября включительно. Матчи пройдут в крытом стадионе для классического хоккея с мячом — одном и"
nts,2026-09-03 10:01,article,Хоккейный клуб «Байкальские Соколы» представил новую форму и капитана перед стартом Суперлиги,https://dzen.ru/a/aplHmqKBtmtj6Se2,27,0,102,В предвкушении находятся фанаты русского хоккея в Иркутске. Ведь совсем скоро иркутской команде предстоят первые встречи. На льду она предстанет в новом образе и с новым составом. Все подробности ребр
nts,2026-09-03 09:58,article,Мощи святителя Спиридона Тримифунтского впервые привезут в Иркутск,https://dzen.ru/a/aplGL6KBtmtj6Rhj,10,0,72,"Ещё одно долгожданное событие для христиан намечено на 5 и 6 сентября. В областной центр впервые прибудет ковчег с мощами святителя Спиридона Тримифунтского. Иркутск стал одним из 13 городов России, в"
nts,2026-09-03 09:56,article,Участок тротуара провалился под воду на острове Юность в Иркутске,https://dzen.ru/a/aplFecSWjwEsh3gM,1,0,55,"Не выдержал натиска Ангары и ушёл под воду. На острове Юность в Иркутске провалился участок тротуара. Яма появилась после обильного дождя. Участок сразу огородили. В администрации нам сообщили, что о "
nts,2026-09-03 09:52,article,Историческую викторину провели у арт-окон на острове Конный в Иркутске,https://dzen.ru/a/aplFfKKBtmtj6REN,1,0,109,Пробудить интерес к истории родного края — задача нетрудная. Особенно если использовать нестандартные подходы к её изучению. С этим в Иркутске всё в порядке. Тон задаёт обилие старинных объектов. А те
nts,2026-09-03 09:48,video_long,Хоккейный клуб «Байкальские Соколы» представил новую форму и капитана перед стартом Суперлиги,https://dzen.ru/video/watch/6a99424da0818f1f0a9660d7,10,0,134,
nts,2026-09-03 09:47,video_long,Мощи святителя Спиридона Тримифунтского впервые привезут в Иркутск,https://dzen.ru/video/watch/6a9941e0a473f256e71ae3b7,28,0,88,
nts,2026-09-03 09:45,video_long,Участок тротуара провалился под воду на острове Юность в Иркутске,https://dzen.ru/video/watch/6a994177261888006e08e894,7,0,61,
nts,2026-09-03 09:43,video_long,Историческую викторину провели у арт-окон на острове Конный в Иркутске,https://dzen.ru/video/watch/6a99412d0920b655b6b60d22,2,0,112,
nts,2026-09-03 09:07,article,Электрички - в списке особо популярных летом видов транспорта в Иркутской области,https://dzen.ru/a/apoqG8SWjwEsj02_,2,0,29,Август для многих жителей региона прошёл под знаком железнодорожных путешествий. Особенно востребованы у прибайкальцев в финальном месяце лета были электрички. Пригородные поезда для сибиряков часто с
nts,2026-09-03 03:26,article,Землю под Ангарском очистили от зарослей после предписания Россельхознадзора,https://dzen.ru/a/apjp7MSWjwEshBOE,2,0,22,"В Ангарском округе собственник земельного участка устранил нарушения после вмешательства Россельхознадзора. Ранее в марте этого года проверка показала, что территория площадью 26,5 тысяч квадратных ме"
nts,2026-09-03 01:40,article,Стали известны результаты обследования пчёл после их массовой гибели в Приангарье,https://dzen.ru/a/apjRLKKBtmtj5N3A,19,0,44,"В Иркутской области продолжают разбираться в причинах массовой гибели пчёл в посёлке Харик Куйтунского района. Служба ветеринарии отобрала пробы — трупы пчёл, мёд и пергу — и проверила их на основные "
nts,2026-09-03 01:18,article,Сельхозземли в Иркутском районе заросли берёзами и иван-чаем,https://dzen.ru/a/apjMHaKBtmtj5LVA,8,0,22,В Иркутском районе с помощью беспилотника проверили земельные участки сельхозназначения площадью 3173 квадратных метра. Осмотр показал: вся территория заросла древесной и сорной растительностью — берё
nts,2026-09-02 08:40,article,Второй серийный МС‑21‑310 передан на испытания,https://dzen.ru/a/apfh71E6NU7DdgEV,27,0,80,Иркутский авиационный завод передал из цеха окончательной сборки в лётно‑испытательное подразделение второй серийный пассажирский лайнер МС‑21‑310 с заводским номером МС.0015. Воздушное судно предназн
nts,2026-09-02 08:21,article,Новый вид спорта придумали в Иркутске,https://dzen.ru/a/apfeMcpJF0LmIqIA,12,0,145,"Дарят яркие эмоции и участникам, и болельщикам любимые виды спорта. В современном мире их количество исчисляется сотнями. И постоянно появляются новые виды, которые со временем становятся официальными"
nts,2026-09-02 08:18,article,Около 327 тысяч детей сели за парты в Иркутской области в новом учебном году,https://dzen.ru/a/apfdg1E6NU7DddTG,3,0,136,Всего в новом учебном году за парты сели около 327 тысяч детей из Иркутской области. Первого сентября в учебных заведениях состоялись традиционные торжественные линейки. В одной из них День знаний отм
nts,2026-09-02 08:16,article,Что изменится для иркутян и остальных россиян с 1 сентября: главные нововведения,https://dzen.ru/a/apfcxspJF0LmIpI0,11,0,62,Не до развлечений в этом году было законотворцам. Поэтому целый ворох новых законов и правил ждёт россиян с 1 дня осени. О наиболее значимых нововведениях поговорим в следующем материале. Новый учебны
nts,2026-09-02 08:14,article,"Бензин АИ-95 вернулся на заправки Бодайбо, но подорожал до 120 рублей за литр",https://dzen.ru/a/apfcxFE6NU7DdcuZ,4,0,79,"Тратить немало денег приходится автомобилистам Бодайбо в целом на то, чтобы перемещаться между отдалёнными поселениями. После месячного отсутствия на местные заправки в Бодайбо вернулся 95-й бензин. Н"
nts,2026-09-02 08:12,article,Лекцию о поведении медведей прочитают в Иркутске в День Байкала,https://dzen.ru/a/apfcEcpJF0LmIoha,5,0,79,Сообщения о выходе медведей к людям этой осенью стали частыми. Это тревожит жителей Прибайкалья. Ведь хозяин тайги обычно избегает встречи с человеком. Кто же кого боится больше: человек медведя или н
nts,2026-09-02 08:09,video_long,Новый вид спорта придумали в Иркутске,https://dzen.ru/video/watch/6a97d9a0b9766f4fc7787053,10,0,179,
nts,2026-09-02 08:08,video_long,Около 327 тысяч детей сели за парты в Иркутской области в новом учебном году,https://dzen.ru/video/watch/6a97d946b6339503daaec1e2,6,1,151,
nts,2026-09-02 08:06,video_long,Что изменится для иркутян и остальных россиян с 1 сентября: главные нововведения,https://dzen.ru/video/watch/6a97d8ec065af70a3363f31b,11,0,58,
nts,2026-09-02 08:05,video_long,"Бензин АИ-95 вернулся на заправки Бодайбо, но подорожал до 120 рублей за литр",https://dzen.ru/video/watch/6a97d89c68e34c3b5faaee76,117,0,104,
nts,2026-09-02 08:03,video_long,Лекцию о поведении медведей прочитают в Иркутске в День Байкала,https://dzen.ru/video/watch/6a97d814261888006e905a40,8,0,99,
nts,2026-09-02 07:20,article,57 школьников из Ангарска получили свои первые паспорта в День знаний,https://dzen.ru/a/apfPXcpJF0LmIgLi,3,0,40,"В Ангарске округе 1 сентября 2026 года стало не только Днём знаний, но и важной вехой для 57 юных жителей. В Музее Победы в присутствии родителей им торжественно вручили первые паспорта. Об этом сообщ"
nts,2026-09-02 07:00,article,Каждый четвёртый иркутянин хотел бы работать вместе со своей второй половинкой,https://dzen.ru/a/apfJmMpJF0LmIcdL,3,0,43,Только 23 % экономически активных жителей Иркутска хотели бы трудиться в одной компании со своей второй половиной. При этом 56 % респондентов считают оптимальным рабочим партнёром лучшего друга или по
nts,2026-09-02 06:55,article,Ранцы со школьными принадлежностями подарили детям из отдалённых посёлков Приангарья,https://dzen.ru/a/apfJmspJF0LmIcd5,2,0,26,Почти 330 тысяч детей сели за парты в этом учебном году в Иркутской области. Подготовить ребят к школе удалось в том числе и за счёт целого ряда социальных акций. В регионе прошли сразу несколько меро
nts,2026-09-02 06:34,article,В Усольском городском суде в должность вступил новый председатель,https://dzen.ru/a/apfEo8pJF0LmIZ-r,1,0,30,1 сентября 2026 года в Усольском городском суде прошла торжественная церемония вступления в должность председателя суда Надежды Валерьевны Крючковой. Она назначена Указом Президента РФ на шестилетний 
nts,2026-09-02 06:17,article,Больше половины пожаров в Приангарье произошли из-за неисправной техники,https://dzen.ru/a/apfAYlE6NU7DdLAe,3,0,53,Главное управление МЧС России по Иркутской области представило статистику по пожарной обстановке в регионе за август. За месяц на территории Приангарья ликвидировано 273 пожара. Наиболее распространён
nts,2026-09-02 05:27,article,В Братске полицейские установили участников конфликта между подростками,https://dzen.ru/a/ape1BMpJF0LmIRJW,6,0,44,"Участников конфикта между подростками установили в Братске. Как сообщает пресс-служба полиции Иркутской области, инцидент произошёл 31 августа на Бульваре Победы в Братске. В конфликте участвовали мол"
nts,2026-09-02 05:20,article,66 школьников получат премию губернатора Иркутской области,https://dzen.ru/a/apey5FE6NU7DdDPc,2,0,78,В 2026 году победители и призёры Всероссийской олимпиады школьников из Приангарья получат премии Губернатора региона. Соответствующее распоряжение подписал глава Иркутской области Игорь Кобзев. Премии
nts,2026-09-02 05:07,article,За август в Иркутской области выявили 6 нарушений при продаже алкогольной продукции,https://dzen.ru/a/apewLspJF0LmIORg,3,0,69,Служба потребительского рынка и лицензирования Иркутской области представила итоги контрольных (надзорных) мероприятий за август текущего года. В ходе проверок зафиксировано 6 фактов нарушений обязате
nts,2026-09-02 05:00,article,Два человека погибли в ДТП на трассе «Вилюй» в Братске,https://dzen.ru/a/apeuoMpJF0LmINiy,23,0,40,"В Братске на 227‑м километре федеральной автодороги «Вилюй» произошло смертельное ДТП. Погибло двое человек. Как сообщает пресс-служба Госавтоинпекции региона, 37‑летний водитель автомобиля «Киа‑Форте"
nts,2026-09-02 04:40,article,В Приангарье сняли карантин по пастереллезу скота,https://dzen.ru/a/apeo-MpJF0LmIKZs,3,0,62,Россельхознадзор присвоил Иркутской области благополучный статус по пастереллезу крупного рогатого скота. Об этом сообщил руководитель службы ветеринарии региона Андрей Лим. Приангарье утратило этот с
nts,2026-09-02 03:35,article,В Иркутске могут открыть офис Почётного консула Республики Казахстана,https://dzen.ru/a/apeax8pJF0LmIDTx,4,0,130,В Иркутске состоялась рабочая встреча губернатора Иркутской области Игоря Кобзева и Генерального консула Республики Казахстан в городе Омске Керима Кожамбердиева. В центре внимания — расширение эконом
nts,2026-09-02 03:27,article,Больше полугода семь сотрудников управляющей компании в Бодайбо жили без зарплаты,https://dzen.ru/a/apelaspJF0LmIIum,11,0,54,"Прокуратура города Бодайбо утвердила обвинительное заключение и направила в суд уголовное дело в отношении 49‑летнего местного жителя — руководителя управляющей компании, работающей на территории горо"
nts,2026-09-02 02:05,article,В Тулуне инспекторы ДПС исполнили мечту школьника,https://dzen.ru/a/apeFI8pJF0LmH5R-,10,0,55,"Накануне Дня знаний в Тулуне произошёл тёплый и запоминающийся эпизод. Инспекторы ДПС осуществили мечту местного школьника. В микрорайоне Угольщиков экипаж ДПС заметил мальчика, который с интересом на"
nts,2026-09-01 14:00,short,🎓 День знаний подходит к концу. Завтра ребята сядут за парты и начнут свой путь к мечте. А о чём в детстве мечтали наши коллеги? Узнаете из видео Делитесь и своими детскими мечтами в комментариях💭,https://dzen.ru/shorts/6a96d924c2ae526767e9e8be,39539,2,29,
nts,2026-09-01 13:46,article,Футзальный клуб «ИрАэро» дважды уступил тульскому ТЗМС на старте нового чемпионата России,https://dzen.ru/a/apbYTVE6NU7DbShl,3,0,50,Футзальный клуб «ИрАэро» провёл первые матчи нового сезона чемпионата России на домашней арене. В Иркутске команда дважды встретилась с дебютантом Суперлиги — тульским ТЗМС — и оба раза уступила. Перв
nts,2026-09-01 10:31,article,Школа из Иркутска поможет сельским педагогам с наставничеством - инициативу поддержал Владимир Путин,https://dzen.ru/a/apaq3vWX808cAroi,2,0,33,"Представитель Иркутской области выступил на встрече педагогов и студентов с Владимиром Путиным. Директор и учитель географии образовательного комплекса ""Точки будущего"" Максим Астраханцев предложил по"
nts,2026-09-01 09:42,article,Госинспекция труда подтвердила информацию о взрыве на Ковыктинском месторождении,https://dzen.ru/a/apeeXVE6NU7Dc4Zl,6,0,18,"Государственная инспекция труда по Иркутской области подтвердила корреспонденту НТС, что в ведомство поступила информация о взрыве на Ковыктинском месторождении. Напомним, ранее СМИ сообщили о том, чт"
nts,2026-09-01 09:33,short,"🎒 Сегодня 1 сентября — школьные линейки уже прошли по всей области Родители, ученики и студенты, как ваши впечатления? Как начался учебный год? 📹Атмосферное видео от Алексея Елагина.",https://dzen.ru/shorts/6a96987ca5b7782d4aa709c9,151,0,55,
nts,2026-09-01 09:08,article,В Братске полицейские разыскивают участников и свидетелей драки школьников,https://dzen.ru/a/apaXAPWX808cAgkV,5,0,21,"В Братске полицейские ищут участников и свидетелей драки подростков. Информация о потасовке появилась в социальных сетях. ""Бойцовский клуб"" за кустами заметили жильцы соседних домов на Бульваре победы"
nts,2026-09-01 07:14,article,Иркутские заказники закрыли для посещения до ноября под угрозой санкций,https://dzen.ru/a/apZ8FCWD6W9q5rnv,7,0,33,"В Иркутской области временно запретили посещение региональных заказников. Под ограничения попали 13 территорий, и действовать будут до 1 ноября. В Дирекции по особо охраняемым природным территориям об"
nts,2026-09-01 05:57,article,Почти каждый день в Братске ликвидируют по 3-4 медведя,https://dzen.ru/a/apZqQyWD6W9q5iUq,18,0,31,"Медведи продолжают выходить к Братску. Только за последние сутки охотники ликвидировали ещё четырёх хищников. Их заметили в районе Галачинских коттеджей, КБЖБ, СЭС, Ангарской деревни и возле Падунског"
nts,2026-09-01 05:56,article,Иркутянин во второй раз сел за руль нетрезвым - и теперь отправится за решётку,https://dzen.ru/a/apZqQ_WX808cAJYc,3,1,47,"В Иркутске суд вынес приговор 45-летнему иркутянину за управление автомобилем в состоянии алкогольного опьянения. В деле установлено, что 12 сентября 2025-го года мужчину остановили в районе улицы Лер"
nts,2026-09-01 05:44,article,43 яхты станцевали вальс на иркутском водохранилище в финале фестиваля «Алые паруса»,https://dzen.ru/a/apZoHiWD6W9q5hGw,5,0,201,Даже этот ярко-оранжевый буй в темноте едва ли будет заметным. Поэтому на нём есть яркая лампочка. Между двумя такими огнями находится стартовая линия. Именно отсюда отправятся первые корабли фестивал
nts,2026-09-01 05:41,article,Более 200 специалистов собрались на форуме по противодействию ВИЧ в Иркутске,https://dzen.ru/a/apZnaSWD6W9q5gpp,10,1,110,Десятки обойм с искусственно созданными антителами тестируют специалисты в поисках панацеи от множества смертельных вирусов. В том числе благодаря этому заболеваемость ВИЧ-инфекцией в Иркутской област
nts,2026-09-01 05:39,article,«Трезвые сёла» появятся в Иркутской области с 1 сентября,https://dzen.ru/a/apZmuyWD6W9q5gIL,7,1,84,С 1 сентября в Иркутской области появятся «трезвые сёла». В шести населённых пунктах полностью запретят розничную продажу алкоголя. Большинство жителей в этих поселениях поддержали ограничения. Решени
nts,2026-09-01 05:34,article,В Иркутске отработали укрытие жителей в подвале на случай чрезвычайной ситуации,https://dzen.ru/a/apZlR_WX808cAGYn,18,0,157,"Переждать опасность в подвале и только после разрешения вернуться домой. Такой сценарий отработали в Иркутске во время учений. В доме на улице Багратиона проверили, как жителей будут укрывать в случае"
nts,2026-09-01 05:30,article,Медведя заметили возле посёлка под Иркутском,https://dzen.ru/a/apZlRiWD6W9q5fVp,202,1,99,"Ночь у жителей пригорода выдалась будоражащей. Хозяина тайги заметили всего в нескольких километрах от областного центра. Зверь бежал по дороге, а потом скрылся в зарослях. Вот он след медведя, вот он"
nts,2026-09-01 05:25,video_long,43 яхты станцевали вальс на иркутском водохранилище в финале фестиваля «Алые паруса»,https://dzen.ru/video/watch/6a9661a18cc7991f42ea764b,87,0,245,
nts,2026-09-01 05:24,video_long,Более 200 специалистов собрались на форуме по противодействию ВИЧ в Иркутске,https://dzen.ru/video/watch/6a96614a871ff266915c0e67,22,0,126,
nts,2026-09-01 05:22,video_long,«Трезвые сёла» появятся в Иркутской области с 1 сентября,https://dzen.ru/video/watch/6a9660e76343b765fee60390,24,0,109,
nts,2026-09-01 05:20,video_long,В Иркутске отработали укрытие жителей в подвале на случай чрезвычайной ситуации,https://dzen.ru/video/watch/6a966081506b0a2bee1e658e,21,0,167,
nts,2026-09-01 05:19,video_long,Медведя заметили возле посёлка под Иркутском,https://dzen.ru/video/watch/6a96602691ecd07df03be521,330,0,138,
nts,2026-09-01 05:00,article,Аэропорт Усть-Кута возобновил полёты после капитального ремонта,https://dzen.ru/a/apZcwfWX808cAB4a,2,0,20,Аэропорт Усть-Кута возобновил приём самолетов после первого этапа капитального ремонта. Воздушная гавань была закрыта с 1 июня. За последние три месяца подрядчики полностью заменили взлетно-посадочную
nts,2026-09-01 04:45,article,Предприятие из Боханского района оштрафовали за игнорирование требований к работе с пестицидами,https://dzen.ru/a/apZZMfWX808cAAQZ,4,0,30,"Мировой суд привлёк к ответственности предприятие из Боханского района. Всё началось с плановой проверки, которую Россельхознадзор провёл весной 2026 года. Специалисты проверяли, как в организации соб"
nts,2026-09-01 04:30,article,Из-за медведей школьные линейки в Слюдянском районе пройдут в помещениях,https://dzen.ru/a/apZcxvWX808cAB5h,5,0,25,В Слюдянском районе проведение школьных линеек на открытом воздухе оказались под запретом. Все из-за участившихся случаев выхода медведей к людям. Как сообщает мэр Слюдянского муниципального района Ал
nts,2026-09-01 04:16,article,В Иркутском зоосаде скончалась верблюдица Земфира из-за болезни,https://dzen.ru/a/apZS0SWD6W9q5WJR,7,0,15,"""Несколько дней назад не стало нашей верблюдицы Земфиры"" - сообщается в официальной группе Иркутского зоосада во ВКонтакте. Земфира заболела. И все усиления специалистов не помогли, болезнь оказалась "
nts,2026-09-01 04:06,article,Около 100 человек стали участниками сап-фестиваля в Иркутском районе,https://dzen.ru/a/apZP9CWD6W9q5UyJ,3,0,25,Сап-фестиваль прошёл на Ангаре. На берегу в Иркутском районе собрались любители этого вида активного отдыха. Всего около 100 человек. Это сотрудники Ангарской нефтехимической компании и их семьи. Глав
nts,2026-09-01 03:52,article,27 тысяч первоклассников из Иркутской области сегодня впервые сядут за парты,https://dzen.ru/a/apZNHyWD6W9q5TXK,2,0,19,"На линейки в школах Иркутской области сегодня отправились 327 тысяч детей. Из них впервые сядут за парты - 27 тысяч первоклассников. Выпускников чуть меньше - 15,5 одиннадцатиклассников. Но на этом на"
nts,2026-09-01 03:39,article,В Усолье-Сибирском нашли зачинщика избиения школьников у гимназии,https://dzen.ru/a/apZKSiWD6W9q5R0g,8,0,43,"Полицейские установили участников конфликта, который произошёл вечером 28 августа на улице Толбухина в Усолье-Сибирском. В дежурную часть обратилась местная жительница и сообщила, что неизвестный удар"
nts,2026-09-01 03:24,article,Исправительную колонию в Саянске наказали из-за протокола Россельхознадзора,https://dzen.ru/a/apZGuvWX808c_3HE,7,0,25,"Подверглась административному наказанию исправительная колония №32 в Саянске. Суд в отношении учреждения состоялся из-за протокола Россельхознадзора, составленного в июне 25 июня 2026 года. Началось в"
nts,2026-09-01 02:41,article,СМИ: В Казачинско-Ленском районе погиб человек при разрыве газопровода,https://dzen.ru/a/apY8BvWX808c_xqz,6,0,14,"В Казачинско-Ленском районе на Ковыктинском газоконденсатном месторождении 31 августа погиб человек. Как сообщают ""Известия"" со ссылкой на свои источники, на месторождении во время испытаний произошел"
nts,2026-09-01 02:22,article,В Приангарье волонтёры собрали учебные наборы для нуждающихся школьников,https://dzen.ru/a/apY3wyWD6W9q5IWI,1,0,29,"Благотворительная акция «Собери ребёнка в школу» прошла в Иркутской области. Для нуждающихся семей и соцучреждений в регионе собирали необходимые учебные принадлежности – канцелярию, портфели, школьны"
nts,2026-08-31 09:22,article,В Усолье-Сибирском подростки жестоко избили школьников возле гимназии,https://dzen.ru/a/apVIkfWX808c9v5h,8,0,29,В Усолье-Сибирском трое парней избили группу детей от 14 до 15 лет. Нападавшим на вид от 17 до 19 лет. На школьников напали вечером 28 августа возле входа в гимназию №1 со стороны улицы Толбухина. Оди
nts,2026-08-31 06:51,article,Семь человек за семь дней погибли на дорогах Иркутской области,https://dzen.ru/a/apUlIq3UpQP2wS-g,29,0,36,"За неделю на дорогах Иркутской области погибли семь человек, в том числе 16-летний подросток. Об этом сообщает пресс-служба региональной Госавтоинспекции. Всего с 24 по 30 августа на территории регион"
nts,2026-08-31 06:25,article,Команда из Приангарья участвует во Всероссийском слёте «Пост № 1» в Москве,https://dzen.ru/a/apUfb2ni3D3wdZlr,1,0,29,В Москве с 27 по 31 августа проходит Всероссийский слёт «Пост № 1». Иркутскую область на нём представляет отряд юнармейцев «Щит Отечества» из Черемховского округа. Мероприятие организовано в рамках Вс
nts,2026-08-31 05:51,article,Пешеходов-нарушителей выявляют на железной дороге в Иркутской области,https://dzen.ru/a/apUXmq3UpQP2wObs,3,0,29,О правилах поведения на железной дороге напоминают пешеходам в Прибайкалье. Для этого организуют специальные рейды. В зоне особого внимания – места несанкционированных переходов магистрали. В августе 
nts,2026-08-31 05:34,article,Цифровой клон губернатора Приангарья выманивал деньги у народа,https://dzen.ru/a/apUTU1_t_ztBBZvo,6,0,65,"Губернатор Иркутской области Игорь Кобзев обратился к жителям региона с предупреждением о новой мошеннической схеме. Злоумышленники создают видеозвонки с использованием технологии дипфейк, которая ими"
nts,2026-08-31 05:31,article,Почти 900 лагерей и санаториев приняли этим летом детей в Иркутской области,https://dzen.ru/a/apUSmmni3D3wdXgQ,2,0,23,Летняя оздоровительная кампания завершилась в Иркутской области. Для отдыха детей в этом году задействовали около 900 учреждений по всему региону. В том числе ребят из разных городов и районов принима
nts,2026-08-30 06:58,article,Лесопитомник в Мегете увеличит выпуск сеянцев до 5 миллионов в год после модернизации,https://dzen.ru/a/apPVYWni3D3wcmrG,2,0,32,В Мегете продолжается модернизация лесопитомника. Сейчас специалисты заканчивают монтаж четырёх теплиц и подключают необходимое оборудование. Для питомника закупили полный комплект техники: установки 
nts,2026-08-30 05:52,article,В Хомутово 18-летняя пассажирка погибла после переворота машины,https://dzen.ru/a/apPFvF_t_ztB_AoM,22,0,20,"В Иркутском районе 30 августа около 10 часов утра произошло смертельное ДТП. 18-летняя пассажирка иномарки погибла на месте после переворота машины. По предварительным данным, 30-летний водитель автом"
nts,2026-08-30 05:20,article,В Байкальске медведь направился к жилым домам,https://dzen.ru/a/apO97K3UpQP2uk2R,17,1,25,В Байкальске местные жители заметили медведя в районе старого пирса. Сообщение о появлении хищника поступило в 07:04 29 августа. Животное двигалось в сторону микрорайона Гагарина. Об этом сообщила адм
nts,2026-08-29 09:38,article,47 муниципалитетов Прибайкалья передали сети на обслуживание системообразующей организации,https://dzen.ru/a/apKq9l_t_ztB87bl,1,0,133,"Религиозным, социальным и жилым объектам сложно обойтись без коммунальных благ. За одно из них — электричество — в регионе должна отвечать единая системообразующая территориальная сетевая организация."
nts,2026-08-29 09:30,article,"Рыбалка, Байкал, дача и лисички: иркутяне рассказали, как провели лето",https://dzen.ru/a/apKpia3UpQP2tNZa,5,0,10,"После каникул нередко школьники пишут сочинение «Как я провёл лето?». Погрузиться в воспоминания и рассказать, чем три прошедших месяца запомнились им больше всего, Алексей Елагин предложил прохожим в"
nts,2026-08-29 09:21,article,Полицейские Иркутска собрали ранцы и канцелярию для школьников в трудной жизненной ситуации,https://dzen.ru/a/apKnZl_t_ztB85nD,3,0,47,"Посещают музеи, ходят на спектакли и в библиотеки школьники, чтобы расширять свой кругозор. Но собрать ребёнка на учёбу — недешёвое удовольствие. И не всем родителям по карману. Многим семьям помогают"
nts,2026-08-29 09:18,article,Строительный забор в центре Иркутска превратили в панораму Байкала за три дня,https://dzen.ru/a/apKl_F_t_ztB85BC,11,0,115,"Порой желание сделать город краше и один клич в соцсетях могут сотворить удивительные метаморфозы. Так произошло и в Иркутске. Кто запустил цепочку событий, которая привела к появлению Байкала в центр"
nts,2026-08-29 09:11,video_long,47 муниципалитетов Прибайкалья передали сети на обслуживание системообразующей организации,https://dzen.ru/video/watch/6a92a1ad84ef574bc584b555,23,0,145,
nts,2026-08-29 09:08,video_long,"Рыбалка, Байкал, дача и лисички: иркутяне рассказали, как провели лето",https://dzen.ru/video/watch/6a92a12952c8fc13393b97ea,61,0,132,
nts,2026-08-29 09:05,video_long,Полицейские Иркутска собрали ранцы и канцелярию для школьников в трудной жизненной ситуации,https://dzen.ru/video/watch/6a92a0b552c8fc13393ad697,4,0,63,
nts,2026-08-29 09:03,video_long,Строительный забор в центре Иркутска превратили в панораму Байкала за три дня,https://dzen.ru/video/watch/6a929db1cdf69f4fbab594d3,49,0,122,
nts,2026-08-29 08:26,article,В Мегете строят физкультурно-оздоровительный комплекс и новый водовод,https://dzen.ru/a/apKYgGni3D3wbzaB,4,0,54,В поселке Мегет Ангарского городского округа региональные власти проверили ход строительства двух объектов - физкультурно-оздоровительный комплекс и магистральный водовод. ФОК возводят на месте бывшег
