published_at,type,title,url,views,comments,size_sec,lead
2026-09-19 05:00,article,Губернатор вручил ключи от микроавтобусов многодетным семьям Приангарья,https://dzen.ru/a/aq4XMkjUgT5jnSPv,0,0,68,"Губернатор Иркутской области Игорь Кобзев вручил ключи от новых микроавтобусов «Газель» победителям областного конкурса по предоставлению автотранспорта многодетным семьям, воспитывающим семь и более "
2026-09-19 04:18,article,Масштабный проект: стал известен облик нового аэропорта Иркутска,https://dzen.ru/a/aq4NRU5PhhqP5ZIH,2,0,66,Завершена разработка предпроектной документации для строительства нового аэропорта Иркутска. Документацию подготовил Государственный проектно-изыскательский и научно-исследовательский институт граждан
2026-09-19 02:43,article,Явка на выборах в Государственную Думу РФ в Братске 18 сентября,https://dzen.ru/a/aq34fk5PhhqP5Vpu,3,0,30,"В Братске завершился первый день голосования на выборах в Государственную думу РФ. По данным городской территориальной избирательной комиссии, в пятницу на участки пришли 18 154 тысячи горожан. Это 11"
2026-09-18 14:56,video_long,Братский драматический театр ставит «Чайку»: взгляд из Новосибирска и голос труппы,https://dzen.ru/video/watch/6aad4db6d11ac663baacac78,4,0,186,
2026-09-18 14:56,video_long,Выборы в Госдуму: первый день голосования в Братске,https://dzen.ru/video/watch/6aad4dc7c4970221d91c541d,11,0,161,
2026-09-18 14:55,video_long,Как компании Эн+ и РУСАЛ помогают воспитывать молодые кадры?,https://dzen.ru/video/watch/6aad4dd51f1129659fdecae6,6,0,256,
2026-09-18 14:53,video_long,Новый томограф за 68 миллионов: Иркутская областная клиническая больница усиливает диагностику,https://dzen.ru/video/watch/6aad4deeb4a30266181cd6b5,3,0,137,
2026-09-18 14:51,video_long,Председатель Законодательного собрания проголосовал на выборах депутата в Госдуму,https://dzen.ru/video/watch/6aad4dfba859423cd3027e25,0,0,57,
2026-09-18 14:51,video_long,Штрафовать за выпас скота на детских площадках и тротуарах предлагают в Приангарье,https://dzen.ru/video/watch/6aad4e03b9c2bb6dba6c1c64,7,0,93,
2026-09-18 14:45,video_long,"Шум, дым и септики: БСТ разбиралась в конфликте вокруг «Лесной гавани»",https://dzen.ru/video/watch/6aad4e0d4ef44400ec79dbfa,62,0,197,
2026-09-18 14:45,video_long,«От нас зависит судьба нашей России»: как Вихоревка выбирает депутатов Госдумы,https://dzen.ru/video/watch/6aad4da555d0c37ffa664620,6,0,132,
2026-09-18 13:27,article,Соревнования по трофи-ориентированию пройдут в Братске,https://dzen.ru/a/aq07bd8hLg35pYYC,4,0,52,Давно хотели попробовать себя в экстремальной езде на джипах? Тогда вам нужно приехать на учебно-тренировочные соревнования по трофи-ориентированию. Они пройдут 26 сентября на втором километре дороги 
2026-09-18 13:00,article,Гороскоп на 19 сентября: кому лучше не торопиться,https://dzen.ru/a/aq02nEjUgT5jl5um,115,0,43,"♈️ Овны, если нет возможности с кем-то встретиться, то хотя бы позвоните. ♉️ Тельцы, перенесите выяснение отношений с близкими на другой день. ♊️ Близнецы, у вас может появиться ощущение, что вы сдела"
2026-09-18 12:55,article,«Охота на дикарей»: очередная осенняя подборка,https://dzen.ru/a/aq05uk5PhhqP4vkG,2,0,14,Такое хамское поведение доставляет братчанам всё больше неудобств: каждый «удобный сантиметр» понемногу съедает общее пространство и делает город менее комфортным для всех. Стали свидетелями «дикарей»
2026-09-18 12:45,article,Председатель Законодательного собрания проголосовал на выборах депутата в Госдуму,https://dzen.ru/a/aq0ymd8hLg35pUih,0,0,42,"В первый день выборов депутата в Государственную Думу свои голоса отдавали не только жители, но и представители власти. В их числе председатель Законодательного собрания Александр Ведерников. Он посет"
2026-09-18 12:35,article,Как компании Эн+ и РУСАЛ помогают воспитывать молодые кадры?,https://dzen.ru/a/aq0wl0jUgT5jl3E-,0,0,166,"Андрей Тасенко – частый гость наших сюжетов и не понаслышке знает, как найти стабильную работу ещё до окончания учёбы. В Братский университет он поступил в 2018 году. Первое, что его впечатлило, – пре"
2026-09-18 12:00,article,«От нас зависит судьба нашей России»: как Вихоревка выбирает депутатов Госдумы,https://dzen.ru/a/aq0vLEjUgT5jl2W9,0,0,86,"Самая активная фаза первого дня голосования продолжалась примерно с 9 до 10 утра, но даже к обеду избиратели продолжали приходить на участки. Всего в Братском районе почти 39 тысяч избирателей, больше"
2026-09-18 11:00,article,Праздники и народные приметы 19 сентября,https://dzen.ru/a/aq0bP98hLg35pKOS,15,0,108,"Михайлов день. По православному календарю отмечается праздник архангела Михаила – одного из самых почитаемых библейских персонажей. Слово «архангел» переводится как «старший посланник», а имя Михаила "
2026-09-18 10:55,article,"МедиаКлуб БСТ: нейросети, видеосъёмка, СММ и радио для детей и взрослых",https://dzen.ru/a/aq0Zkh3cWgqrNZs2,0,0,75,"Первая встреча с участниками МедиаКлуба БСТ состоялась в теплой, дружеской атмосфере. Новички не просто заполнили анкеты, но лично познакомились с наставниками медиа курса и программой. Актёрское маст"
2026-09-18 10:15,article,Братский драматический театр ставит «Чайку»: взгляд из Новосибирска и голос труппы,https://dzen.ru/a/aq0Qdd8hLg35pFrU,3,0,103,«Чайка» Антона Чехова живёт больше века – и по‑прежнему не стареет. В Братском драматическом театре готовят встречу зрителя с этой историей. Над спектаклем работает режиссёр из Новосибирска Анастасия 
2026-09-18 10:05,article,Выборы в Госдуму: первый день голосования в Братске,https://dzen.ru/a/aq0Oc0jUgT5jlobc,1,0,115,"В Братске, как и по всей России, начались выборы. В этом году жители страны решают, кто будет представлять их интересы в Государственной Думе 9-го созыва. В пятницу в восемь утра открылись избирательн"
2026-09-18 09:25,article,Новый томограф за 68 миллионов: Иркутская областная клиническая больница усиливает диагностику,https://dzen.ru/a/aq0FpkjUgT5jlkwA,0,0,95,"Иркутская областная клиническая больница – крупнейшее медучреждение региона, где ежегодно помощь получают около 37 тысяч пациентов, а врачи проводяти порядка 18 тысяч операций. В стационаре развёрнуто"
2026-09-18 09:16,article,«Осенний трейл» в Братске отменили из‑за медведей,https://dzen.ru/a/aq0AWkjUgT5jlie-,4,0,25,"В Братске не состоится традиционный забег «Осенний трейл». Организаторы отменили соревнования, намеченные на 27 сентября, из‑за появления медведей в городской черте. Трейл должен был стать четвёртым п"
2026-09-18 09:05,article,"«О, кино!»: три телеистории для уютных осенних выходных с БСТ24",https://dzen.ru/a/aq0AWh3cWgqrNUNj,0,0,61,"Майор спецназа Илья готовится к свадьбе – он выбрал скромную девушку, дочь обеспеченных родителей. Кажется, впереди счастливая жизнь, но прошлое не отпускает. Его бывшая подруга Яна, которая никак не "
2026-09-18 08:45,article,Многодетный отец из Братска Олег Воробьёв удостоен почётного знака «Отцовская доблесть»,https://dzen.ru/a/aqz6e98hLg35o8GC,6,0,57,Житель Братска Олег Воробьёв стал одним из победителей конкурса на поощрение почётным знаком «Отцовская доблесть». Распоряжение о награждении подписал губернатор Иркутской области Игорь Кобзев. Об это
2026-09-18 08:05,article,"Шум, дым и септики: БСТ разбиралась в конфликте вокруг «Лесной гавани»",https://dzen.ru/a/aqzyPU5PhhqP4f4D,9,0,152,"Напомним, что дома для гостевого размещения рядом с заливом открылись для проживания в конце июня. Примерно через полтора месяца в одном из чатов города появилось сообщение о том, что владельцы якобы "
2026-09-18 07:35,article,Штрафовать за выпас скота на детских площадках и тротуарах предлагают в Приангарье,https://dzen.ru/a/aqzqUN8hLg35o1Dz,1,0,70,В Приангарье планируют ввести штрафы за выпас скота на общественных территориях и увеличить штрафы за нарушение общественного порядка. Эти вопросы рассмотрел комитет по государственному строительству 
2026-09-18 05:35,article,Погода в Братске 19–21 сентября,https://dzen.ru/a/aqzPSR3cWgqrNJ23,5,0,19,"В ночь на субботу +5°…+8°, днём +7°…+9°, малооблачно. Ветер северный, до 7,7 м/с. Атмосферное давление – 725 мм рт. ст. В ночь на воскресенье +4°…+6°, днём +8°…+11°, пасмурно. Ветер восточный, до 10,3"
2026-09-18 03:45,article,Более 5 млн рублей взыщут с арендаторов участков в Братском районе за вырубку леса в охотугодьях,https://dzen.ru/a/aqy1mN8hLg35ogJ3,16,0,54,Благодаря вмешательству прокуратуры с арендаторов лесных участков в Братском районе взыщут более 5 млн рублей за вырубку леса в охотугодьях. Средства поступят в казну Братского района в качестве компе
2026-09-18 02:03,article,Суд освободил из-под стражи водителей фур по делу об атаке дронов на аэродром под Усольем,https://dzen.ru/a/aqyci98hLg35oXxf,3,0,61,"Четверо дальнобойщиков, которых обвиняют в доставке дронов для удара по военной части в усольском поселке Среднем, вышли на свободу. Заместитель генпрокурора РФ Анатолий Разинкин отказался утверждать "
2026-09-18 01:25,article,Выборы депутатов Государственной думы начались в Иркутской области,https://dzen.ru/a/aqyTwk5PhhqP4Oui,7,0,91,"В Иркутской области начались выборы депутатов Государственной думы РФ. Ровно в 8:00 по всему региону открылись 1895 избирательных участков, 96 из них – в Братске. Для жителей 12-го городского избирате"
2026-09-18 00:44,article,Режим повышенной готовности вводят в Иркутской области из-за медведей,https://dzen.ru/a/aqyKdN8hLg35oSX8,16,0,103,В Иркутской области вводят режим повышенной готовности из-за массового выхода медведей к людям. Жителям официально запретят ходить в лес. Об этом сообщает Братская студия телевидения со ссылкой на губ
2026-09-17 13:00,article,Гороскоп на 18 сентября: кому гарантирован успех,https://dzen.ru/a/aqvl805PhhqP3vKw,127,0,47,"♈️ Овны, идите намеченным путём, даже если близкие не разделяют ваших взглядов. ♉️ Тельцы, звёзды советуют не переживать из-за чьей-то недосказанности. ♊️ Близнецы, спокойствие и полное соблюдение пра"
2026-09-17 11:48,video_long,"Градус чистоты: 30 тонн мусора, советские монеты и забытые ковры на берегах российских рек",https://dzen.ru/video/watch/6aabd0c85f9262069a6820f4,17,0,190,
2026-09-17 11:47,video_long,Компания Эн+ восстанавливает панно «Покорение Ангары» на Братской ГЭС,https://dzen.ru/video/watch/6aabd0f1b0ba5027679b66b1,6,0,208,
2026-09-17 11:47,video_long,Впервые за полвека: в Иркутской области возводят новую крупную электростанцию,https://dzen.ru/video/watch/6aabd0b3859c36481603ea33,18,0,141,
2026-09-17 11:17,article,Автор-исполнитель Борис Астафьев рассказал о предстоящем вечере бардовской песни,https://dzen.ru/a/aqvKEx3cWgqrMati,0,0,51,"Сегодня в прямом эфире БСТ24 побывал гость, который одним аккордом настроил на душевный разговор – известный братский бард Борис Астафьев. Его любовь к бардовской песне началась с детства. Дома хранил"
2026-09-17 11:07,article,"Градус чистоты: 30 тонн мусора, советские монеты и забытые ковры на берегах российских рек",https://dzen.ru/a/aqvIbx3cWgqrMaRD,5,0,124,Разворот на «360» – от Волги до Енисея. Фонд Олега Дерипаска «Вольное Дело» организовал масштабную экологическую акцию в десяти регионах России. Всего за несколько дней три тысячи волонтёров от Кубани
2026-09-17 11:00,article,Праздники и народные приметы 18 сентября,https://dzen.ru/a/aqvJKEjUgT5jju0H,3,0,121,"Кумoxa oceнняя. День Елизaвeты Пpeдcкaзaтeльницы и Aвдeя пьяницы. Захарий и Елизавета. В этот день чествуется священник Захарий и его жена Елисавета – родители Иоанна Крестителя. Считается, что Елисав"
2026-09-17 10:55,article,Компания Эн+ восстанавливает панно «Покорение Ангары» на Братской ГЭС,https://dzen.ru/a/aqvH9EjUgT5jjuN4,3,0,149,"Панно «Покорение Ангары» является поистине уникальным творением, оно расположено на не менее удивительном инженерном объекте – Братской ГЭС. В юбилейный для станции год энергетики Эн+ решили, что баре"
2026-09-17 10:45,article,Впервые за полвека: в Иркутской области возводят новую крупную электростанцию,https://dzen.ru/a/aqvHGd8hLg35nIQB,2,0,85,В Усолье‑Сибирском рядом с действующей ТЭЦ‑11 разворачивается крупнейшая стройка региона. Энергохолдинг Эн+ возводит новую тепловую электростанцию мощностью 690 мегаватт – это сопоставимо с действующе
2026-09-17 10:10,article,Рейсы теплохода «Метеор» по Братскому морю продлили до середины октября,https://dzen.ru/a/aqu83t8hLg35nD8W,0,0,41,Теплоход «Метеор» продолжит ходить по Братскому морю до 15 октября. Решение продлить навигацию принял губернатор Игорь Кобзев. Об этом сообщает Братская студия телевидения со ссылкой на мэра Братского
2026-09-17 09:45,article,ГАИ вновь проведёт проверки на дорогах Братска и Братского района,https://dzen.ru/a/aqu5zEjUgT5jjoNS,0,0,44,"ГАИ вновь проведёт проверки на дорогах Братска и Братского района. 18 сентября автоинспекторы будут искать любителей выехать на встречную полосу, сообщает Братская студия телевидения со ссылкой на отд"
2026-09-17 09:07,article,Как система «Лесохранитель» от Эн+ защищает Иркутскую область от лесных пожаров,https://dzen.ru/a/aquujx3cWgqrMUzc,2,0,141,"Каждое лето мы с тревогой смотрим на небо: затянет ли город едким дымом от лесных пожаров? Леса – легкие нашей планеты, но они беззащитны перед огнем. Многие до сих пор с содроганием вспоминают 2021 г"
2026-09-17 09:00,article,"«Гид по выходным»: благотворительная ярмарка, спектакль, концерт саксофониста",https://dzen.ru/a/aqus_N8hLg35m9He,0,0,127,"В Братском драматическом театре покажут спектакль, где юмор соседствует с глубокими смыслами. «Камедыя» – история, написанная ещё в XVII веке, но по-прежнему цепляющая зрителя. В центре сюжета – испыт"
2026-09-17 08:45,article,Приангарье вошло в топ-5 регионов страны по выдаче соцконтрактов,https://dzen.ru/a/aqupWE5PhhqP3iNS,2,0,109,"С начала 2026 года жители Иркутской области подписали более пяти тысяч социальных контрактов. По словам губернатора Приангарья Игоря Кобзева, за статистикой – реальные судьбы: люди, попавшие в беду, с"
2026-09-17 08:05,article,Трагедия под Киренском: медведь убил двоих мужчин,https://dzen.ru/a/aqufjUjUgT5jjdHc,15,0,64,"Ещё два человека погибли в результате напаления медведя в Приангарье. Обычный поход за ягодой обернулся трагедией для жителей Киренска, сообщает ИА «БСТ» со ссылкой на ГУ МВД по Иркутской области. В с"
2026-09-17 05:25,article,Погода в Братске 18 сентября,https://dzen.ru/a/aqt6Wd8hLg35mpoO,1,0,7,"В ночь на пятницу +5°, +6°, днём +6°…+9°, пасмурно, небольшой дождь. Ветер северо-восточный, до 9,8 м/с. Атмосферное давление – 724 мм рт. ст."
2026-09-17 05:15,article,Пять медведей застрелили в Братске с начала недели,https://dzen.ru/a/aqt5o98hLg35mpZp,4,0,46,"Ситуация с выходами медведей остаётся напряжённой – с начала недели в Братске застрелили пять особей. Охотоведы и охотники выследили двух зверей их в районе СНТ «Василёк» в Энергетике, по одному – у к"
2026-09-17 03:55,article,Троих мужчин арестовали в Иркутске по обвинению в похищении человека и разбое,https://dzen.ru/a/aqtmtUjUgT5jjHs_,10,0,63,"В Иркутском районе задержаны трое мужчин, которых подозревают в похищении 19‑летнего знакомого и разбойном нападении на него. Об этом сообщает ИА «БСТ» со ссылкой на пресс-службу следственного управле"
2026-09-17 02:00,article,Российским школьникам рекомендуют зубрить стихи перед ЕГЭ по литературе,https://dzen.ru/a/aqtLrkjUgT5ji-vH,2,0,79,"Школьникам, сдающим ЕГЭ по литературе, и их родителям добавят придётся усилить подготовку. Федеральный институт педагогических измерений (ФИПИ) настаивает: детям нужно снова зубрить стихи наизусть и в"
2026-09-17 01:01,article,Предупредите родителей: мошенники обещают пенсионерам выплаты к 1 октября,https://dzen.ru/a/aqs8sx3cWgqrMAzT,10,0,81,"В преддверии Дня пожилого человека, который отмечается 1 октября, аферисты запустили новую циничную схему обмана. Теперь они играют на доверии старшего поколения, обещая несуществующие праздничные вып"
2026-09-16 13:18,video_long,Первый этап сдачи норм ГТО начался в Братске,https://dzen.ru/video/watch/6aaa966011e2cb1ddf3e4527,4,0,107,
2026-09-16 13:17,video_long,"Ремонт в срок, тепло в дома – ангарские ТЭЦ прошли проверку перед зимой",https://dzen.ru/video/watch/6aaa96707586b9279e33a6ce,8,0,105,
2026-09-16 13:17,video_long,Флорист Юлия Леонтьева рассказала о любви к цветам в эфире «Утра бодрого режима»,https://dzen.ru/video/watch/6aaa9681db08b02630d5e1f2,6,0,142,
2026-09-16 13:16,video_long,«Хороший повод»: как перестать бороться с природой и полюбить свои волосы,https://dzen.ru/video/watch/6aaa964eb7a50554e21b7578,22,0,197,
2026-09-16 13:00,article,Гороскоп на 17 сентября: кто насладится спокойствием,https://dzen.ru/a/aqqU8E5PhhqP2xTv,145,2,40,"♈️ Овны, встречи, назначенные на этот день, пройдут особенно удачно. ♉️ Тельцы, поезд вашего хорошего настроения снова встанет на рельсы. ♊️ Близнецы, в четверг будет именно так, как вам хотелось бы, "
2026-09-16 12:17,article,Мнение Елены Яковлевой,https://dzen.ru/a/aqqISUjUgT5jh2Ae,5,0,128,"Здравствуйте! Меня зовут Елена Яковлева. Я не телезвезда, не космонавт и не чиновник. Я – практикующий юрист с многолетним опытом. Живу в Братске с рождения. Каждый день ко мне приходят люди: пенсионе"
2026-09-16 12:00,article,«Хороший повод»: как перестать бороться с природой и полюбить свои волосы,https://dzen.ru/a/aqqF8N8hLg35lRnI,6,0,113,"Дарья ОГИЕНКО, корреспондент БСТ: «Сегодня отмечают неформальный праздник в честь естественной красоты вьющихся волос – он про принятие своей текстуры и радости от „непослушных“ завитков. Мои волосы и"
2026-09-16 11:05,article,Флорист Юлия Леонтьева рассказала о любви к цветам в эфире «Утра бодрого режима»,https://dzen.ru/a/aqp4wN8hLg35lLoQ,0,0,86,"Цветочная история Юлии Леонтьевой началась почти 10 лет назад. Изначально она была бухгалтером, но в декрете поняла, что можно направить силы в другое русло. На тот момент работа с дарами флоры показа"
2026-09-16 11:00,article,Праздники и народные приметы 17 сентября,https://dzen.ru/a/aqp5Mh3cWgqrLc1R,9,0,115,"Неопалимая Купина. Праздник острых вил. В этот день отмечается праздник иконы Божьей Матери «Неопалимая Купина». Согласно преданию, Бог явился Моисею в виде горящего, но несгорающего тернового куста, "
2026-09-16 10:55,article,"Ремонт в срок, тепло в дома – ангарские ТЭЦ прошли проверку перед зимой",https://dzen.ru/a/aqp2lUjUgT5jhuUZ,1,0,70,Отопительный сезон в Ангарске начался 14 сентября. Перед его стартом на ТЭЦ-9 и ТЭЦ-10 прошла масштабная модернизация. На «десятке» заменили изношенные нагревательные элементы и воздухоподогреватели н
2026-09-16 10:45,article,Инспекторы ГАИ застрелили медведя в одном из садоводств Приангарья,https://dzen.ru/a/aqp13UjUgT5jhuFe,10,0,59,"Утро 15 сентября для дачников садоводства «Лесники» в Усть-Илимском районе началось с тревоги. Прямо по улицам поселка разгуливал медведь. Напуганные люди немедленно вызвали полицию, сообщает Братская"
2026-09-16 10:30,article,Перед выбором: последние приготовления Братска,https://dzen.ru/a/aqpwLx3cWgqrLbCf,2,0,91,"Уже в эту пятницу, 18 сентября, Братск вместе со всей страной начнет выбирать депутатов Государственной Думы девятого созыва. Голосование продлится три дня – до вечера воскресенья. На избирательном уч"
2026-09-16 09:15,article,4 км дороги к селу Тангуй в Братском районе отремонтировали в рамках нацпроекта,https://dzen.ru/a/aqpg-t8hLg35lBIM,0,0,50,В Братском районе завершён ремонт 4‑километрового участка автодороги на подъезде к селу Тангуй – трасса проходит через село Зарбь. Ремонт выполнен в рамках национального проекта «Инфраструктура для жи
2026-09-16 08:35,article,"Новогодний подарок от соцзащиты Братского района: условия, сроки и порядок подачи заявления",https://dzen.ru/a/aqpVpd8hLg35k8Mc,3,0,82,В Управлении социальной защиты и социального обслуживания населения по Братскому району начали принимать заявления на новогодние подарки для детей. Рассчитывать на новогодний сюрприз могут ребята от 3
2026-09-16 08:22,article,Пьяная женщина убила сожителя в Центральном районе Братска,https://dzen.ru/a/aqpRPU5PhhqP2icL,7,0,45,В Центральном районе Братска обычная бытовая ссора закончилась смертью. Жительница улицы Малышева убила своего сожителя. Трагедия произошла на прошлой неделе. Как рассказали корреспонденту Братской ст
2026-09-16 07:55,article,Отопительный сезон начинается в Братском районе,https://dzen.ru/a/aqpL8h3cWgqrLTK4,3,0,39,В Братском районе с 17 сентября официально начинается отопительный сезон – соответствующее постановление подписал мэр муниципального образования Николай Дружинин. Решение принято в связи с понижением 
2026-09-16 07:30,article,Автор проекта «БабрБук» Дмитрий Мироманов проведёт встречу в Братске,https://dzen.ru/a/aqpHJt8hLg35k15x,1,0,92,"Автор проекта «БабрБук» и комиксов о Байкале и Иркутске Дмитрий Мироманов проведёт встречу с братчанами [0+]. Дмитрий родился в Братске, жил в Энергетике, но сейчас работает в столице региона. Светлан"
2026-09-16 05:30,article,Фейковая доставка цветов и конфет лишила семью из Ангарска 2 млн рублей,https://dzen.ru/a/aqop-N8hLg35kqSV,3,0,67,"В Ангарске 16-летняя школьница отдала телефонным мошенникам более двух миллионов рублей из домашнего сейфа. Все началось с безобидного сообщения в мессенджере: неизвестные написали девочке, что на её "
2026-09-16 05:20,article,Первый этап сдачи норм ГТО начался в Братске,https://dzen.ru/a/aqooUt8hLg35kppt,0,0,80,В Братске начали сдавать нормативы ГТО. Первый этап – лёгкая атлетика. На дистанцию вышли больше 200 юношей из образовательных учреждений Центрального района. Ребята от 6 до 17 лет сдавали челночный б
2026-09-16 05:00,article,Будущие металлурги побывали с экскурсией на БрАЗе,https://dzen.ru/a/aqoiqEjUgT5jhMUQ,2,0,129,"Студенты 1-го курса Братского индустриально-металлургического техникума (БрИМТ) побывали с экскурсией на БрАЗе. Учебное заведение участвует в федеральной программе «Профессионалитет», четвертый год по"
2026-09-16 04:15,article,Погода в Братске 17 сентября,https://dzen.ru/a/aqoZNh3cWgqrLJxO,2,0,7,"В ночь на четверг +9°, +10°, днём +7°…+10°, пасмурно, небольшой дождь. Ветер северо-восточный, до 10,5 м/с. Атмосферное давление – 717 мм рт. ст."
2026-09-16 00:57,article,Великий и «безценный»: за что выпускники-2026 теряли баллы на ЕГЭ по русскому языку,https://dzen.ru/a/aqnrakjUgT5jg7q7,3,0,109,Федеральный институт педагогических измерений (ФИПИ) подвел итоги прошедшей летней кампании ЕГЭ-2026 по русскому языку. Эксперты проанализировали бланки выпускников и пришли к неутешительному выводу: 
2026-09-15 13:00,article,Гороскоп на 16 сентября: кому стоит контролировать эмоции,https://dzen.ru/a/aqlCE98hLg35jYs8,42,2,38,"♈️ Овны, постарайтесь не влиять на ход событий в данный момент. ♉️ Тельцы, не бойтесь разочарований - они превратятся в прекрасный опыт. ♊️ Близнецы, постарайтесь свести к минимуму ненужные встречи. ♋"
2026-09-15 12:50,video_long,Арт‑объект с историей: школьники в Братске увековечили наследие города в мозаичном панно,https://dzen.ru/video/watch/6aa93c557a14aa401f2fff68,10,0,170,
2026-09-15 12:50,video_long,Заведующая художественным выставочным залом Братска Елена Белецкая стала гостем «Утра бодрого режима»,https://dzen.ru/video/watch/6aa93c86d11ac663baf2fe4b,8,0,195,
2026-09-15 12:49,video_long,От идеи к делу: как социальный контракт помог владельцу мастерской из Братского района,https://dzen.ru/video/watch/6aa93ca9db08b026307cd22e,8,0,203,
2026-09-15 12:49,video_long,«Умную» спортплощадку и новый сквер открыли в Осиновке при поддержке крупных компаний,https://dzen.ru/video/watch/6aa93cd2b7a50554e2c2c255,25,0,251,
2026-09-15 12:48,video_long,"40 пожарных, 500 метров в гору и 25 килограммов экипировки: в Братске прошёл забег спасателей",https://dzen.ru/video/watch/6aa93c1fd11ac663baf1ff5c,21,0,159,
2026-09-15 11:56,article,«Умную» спортплощадку и новый сквер открыли в Осиновке при поддержке крупных компаний,https://dzen.ru/a/aqkxch3cWgqrKiJO,1,0,179,"Чтобы стройка стала реальностью, Эн+ направил на благоустройство почти 17 миллионов рублей. Финансовое участие РУСАЛа – 3,5 млн рублей – на подготовку основания под «умную» спортивную площадку. Теперь"
2026-09-15 11:45,article,Заведующая художественным выставочным залом Братска Елена Белецкая стала гостем «Утра бодрого режима»,https://dzen.ru/a/aqkwwh3cWgqrKiAn,3,0,123,Любовь к искусству у Елены Белецкой возникла ещё в пять лет: мама с бабушкой учили её рукоделию. В тот момент братчанка и поняла – это её. В Художественный выставочный зал в 2011 году её привела творч
2026-09-15 11:35,article,Арт‑объект с историей: школьники в Братске увековечили наследие города в мозаичном панно,https://dzen.ru/a/aqkuWEjUgT5jf4oU,1,0,125,Творческий мастер-класс по проекту «Мозаика! В Братске!» прошёл в Энергетике. Его участники – школьники и творческие жители – внесли свой вклад в создание масштабного панно у кирпичного здания неподал
2026-09-15 11:00,article,Праздники и народные приметы 16 сентября,https://dzen.ru/a/aqkneh3cWgqrKgMW,0,0,90,"День Дорофеи и Домны. Домна Доброродная. В этот день вспоминают святую Домну Никомидийскую. Она жила во времена императора Максимилиана, была языческой жрицей, но приняла христианство. Когда начались "
2026-09-15 10:56,article,Школьник из Приангарья вырастил 800-килограммовую тыкву и победил на ВДНХ,https://dzen.ru/a/aqknet8hLg35jNhu,5,0,49,"Двенадцатилетний Еремей Павленко из села Савватеевка (Ангарский район) вырастил тыкву весом 817 килограммов. С этим результатом школьник занял первое место на Национальном чемпионате «Битва гигантов»,"
2026-09-15 09:35,article,От идеи к делу: как социальный контракт помог владельцу мастерской из Братского района,https://dzen.ru/a/aqkTQEjUgT5jfuHU,3,0,167,"Владимир Донской из Братского района – владелец столярно‑сварочной мастерской. Она и раньше работала стабильно, но для расширения требовалось дополнительное оборудование. Предприниматель смог приобрес"
2026-09-15 09:00,article,Экс-заместитель мэра Братска Алина Коробейникова заняла пост в правительстве Иркутской области,https://dzen.ru/a/aqkJ2UjUgT5jfqTj,4,0,37,Бывший заместитель мэра Братска по городскому хозяйству и строительству теперь работает в правительстве Иркутской области. 14 сентября Алина Коробейникова вступила в должность заместителя министра тра
2026-09-15 08:31,article,Двух матерей из Приангарья будут судить за покупку мотоциклов детям,https://dzen.ru/a/aqkDtEjUgT5jfn3x,2,0,66,"Сразу две матери из Иркутской области окажутся на скамье подсудимых из-за слишком щедрых и опасных подарков своим детям. Женщин обвиняют в том, что они подвергли жизни сыновей реальной угрозе (ч. 1 ст"
2026-09-15 08:15,article,"40 пожарных, 500 метров в гору и 25 килограммов экипировки: в Братске прошёл забег спасателей",https://dzen.ru/a/aqj_rU5PhhqP1l18,0,0,123,"Гарнизонные мероприятия – так их называют спасатели, – проходили между пожарными разных частей и отделений. В соревнованиях принимали участие сотрудники крупных предприятий, братского гарнизона, а так"
2026-09-15 07:10,article,Ещё семеро братчан решили подписать контракт с Минобороны РФ,https://dzen.ru/a/aqjwCEjUgT5jff-g,2,0,61,Братск снова проводил добровольцев на службу по контракту. Во вторник утром от здания администрации города в Шелехов проводили семерых мужчин. Они приняли одно из самых важных и ответственных решений 
2026-09-15 05:06,article,Владельцы базы отдыха в Курчатовском микрорайоне Братска прокомментировали жалобы соседей,https://dzen.ru/a/aqjUux3cWgqrKQfR,20,0,138,"«Мы сами являемся жителями данного микрорайона и понимаем, что никому не нужно нарушение спокойствия», - подчеркнули владельцы глэмпинга, который открылся в конце июня в конце улицы Гагарина, на окраи"
2026-09-15 05:00,article,В России хотят упростить получение звания «Ветеран труда»,https://dzen.ru/a/aqjQ70jUgT5jfVCY,8,0,104,Получить звание «Ветеран труда» скоро станет гораздо проще. Министерство труда и социальной защиты РФ предложило избавить россиян от необходимости собирать бумажные справки. Все данные о ведомственных
2026-09-15 04:17,article,Спасение утопающих: почему жители Иркутской области в первую очередь должны сами думать о своём здоровье,https://dzen.ru/a/aqjKVEjUgT5jfSj9,12,0,297,"Мы привыкли думать, что тяжёлая болезнь – это то, что случается внезапно. Но инфаркту, инсульту или диабету часто предшествуют годы работы на износ, стрессов и банального невнимания к себе. В Иркутско"
2026-09-15 04:15,article,"Житель Черемхово лишился свыше миллиона рублей, пытаясь купить трактор через интернет",https://dzen.ru/a/aqjHBt8hLg35ioos,5,0,48,"49‑летний житель Черемхово стал жертвой аферистов, пытаясь приобрести трактор через интернет. Об этом сообщает ИА «БСТ» со ссылкой на пресс-службу ГУ МВД России по Иркутской области. Потерпевший нашёл"
2026-09-15 03:20,article,Погода в Братске 16 сентября,https://dzen.ru/a/aqi6EN8hLg35ijiN,5,0,7,"В ночь на среду +10°…+12°, днём +14°…+16°, облачно с прояснениями, небольшой дождь. Ветер северо-западный, до 12,7 м/с. Атмосферное давление – 713 мм рт. ст."
2026-09-14 13:00,article,Гороскоп на 15 сентября: кому стоит взять паузу в делах,https://dzen.ru/a/aqfweR3cWgqrJp2s,139,0,41,"♈️ Овны, с некоторыми людьми вас просто сводит судьба – не сопротивляйтесь. ♉️ Тельцы, пора порадовать себя и только себя. ♊️ Близнецы, не стесняйтесь показать окружающим, какая вы яркая личность. ♋️ "
2026-09-14 12:12,video_long,В «Иркутскэнергосбыт» подвели итоги соревнований среди инженеров-инспекторов за 2-й квартал 2026 года,https://dzen.ru/video/watch/6aa7e435e31cf70ed2817480,5,0,184,
2026-09-14 12:12,video_long,Иркутская область – в числе лидеров по профилактике социального сиротства,https://dzen.ru/video/watch/6aa7e4452a1fa239cb53d981,2,0,189,
2026-09-14 12:12,video_long,Поехали! «РУСАЛ фестиваль#НАУКА» в 10-й раз состоялся в Братске,https://dzen.ru/video/watch/6aa7e45d598cd36c36117817,9,0,186,
2026-09-14 12:11,video_long,"«Машин боятся, а больше ничего»: почему хищники выходят к людям и как спастись при встрече",https://dzen.ru/video/watch/6aa7e407e253fc42046deed4,26,0,209,
2026-09-14 11:45,article,В «Иркутскэнергосбыт» подвели итоги соревнований среди инженеров-инспекторов за 2-й квартал 2026 года,https://dzen.ru/a/aqffdU5PhhqP00fG,2,0,143,"Первое место среди братчан занял Сергей Касинец. Эксперты оценивали, на сколько быстро и качественно сотрудники проверяют работу счетчиков и выявляют тех, кто намеренно вмешивается в их работу и заниж"
2026-09-14 11:35,article,Городские соревнования «ПДД от «А» до «Я» знает вся моя семья!» прошли в Братске,https://dzen.ru/a/aqfcDU5PhhqP00Ap,5,0,48,"Традиционный семейный праздник, посвящённый безопасности дорожного движения, прошёл в Братске. Школьники и их родители собрались в субботу на картодроме «Ангара». Праздник проходит в формате соревнова"
2026-09-14 11:25,article,Поехали! «РУСАЛ фестиваль#НАУКА» в 10-й раз состоялся в Братске,https://dzen.ru/a/aqfcAUjUgT5jeBzf,0,0,109,Компания РУСАЛ снова подарила жителям научный фестиваль. В этом году он стал 10-м юбилейным. Такие масштабные просветительские праздники начали проводить по предложению основателя компании Олега Дерип
2026-09-14 11:10,article,Именные избирательные участки готовят к открытию в Братске,https://dzen.ru/a/aqfW0h3cWgqrJlmk,0,0,44,"Через несколько дней братчанам предстоит проголосовать за кандидатов в местную и Государственную Думы. По информации городской территориальной избирательной комиссии, к открытию готовят 96 участков, п"
2026-09-14 11:00,article,Праздники и народные приметы 15 сентября,https://dzen.ru/a/aqfVZ05PhhqP0y-z,5,0,133,"День Мамонтия. Мамонт Овчарник. В этот день отмечается память мученика Маманта и его родителей Феодота и Руфины. Родители Маманта, знатные люди, были заключены в темницу за исповедание христианства, г"
2026-09-14 10:17,article,"«Машин боятся, а больше ничего»: почему хищники выходят к людям и как спастись при встрече",https://dzen.ru/a/aqfJO98hLg35hQdS,69,0,133,"Они уже ничего не боятся, говорит Пётр Иванович, смотритель Падунского кладбища, про новых косолапых соседей. Около недели назад он выделял место на подзахоронение и возле дороги в 60 метрах от себя у"
2026-09-14 09:50,article,20-летнего братчанина отправили на принудительные работы за помощь мошенникам,https://dzen.ru/a/aqfDlN8hLg35hOU9,6,0,69,"20-летний парень из Братска поплатился за попытку легко и быстро заработать. Из-за нехватки денег молодой человек ввязался в криминальную схему, став так называемым «дропповодом» – посредником между м"
2026-09-14 09:30,article,Как найти собаке дом и не ошибиться с хозяевами: на БСТ24 обсудили помощь бездомышам,https://dzen.ru/a/aqfAvh3cWgqrJhlW,2,0,84,"Дарья Калинова помогает бездомышам уже больше десяти лет. Для неё это не просто хобби, а состояние души: забота о братьях наших меньших стала глубокой личной потребностью. Так, корреспондент отдела но"
2026-09-14 06:46,article,"Нашествие медведей в Иркутской области: один человек погиб, еще один в больнице",https://dzen.ru/a/aqeX50jUgT5jdpti,36,0,76,"Жители Иркутской области все чаще встречают медведей у дорог, рядом с населёнными пунктами и в лесу. Полиция и местные власти стараются предупреждать об опасности и привлекают охотников для защиты люд"
2026-09-14 06:15,article,Двое погибли и девять человек пострадали в ДТП в Братске и Братском районе за неделю,https://dzen.ru/a/aqeRid8hLg35g8KT,6,0,43,"Минувшая неделя на дорогах Братска и Братского района унесла жизни двух человек. Ещё девять, включая одного ребёнка, оказались в больнице с травмами. По данным Госавтоинспекции, с 7 по 13 сентября про"
2026-09-14 04:45,article,В России будут следить за ценами на 24 продукта питания,https://dzen.ru/a/aqd84N8hLg35g1Oy,8,0,81,"Поход в супермаркет порой оборачивается неприятными сюрпризами на кассе, но скоро выяснить, почему десяток яиц или пакет гречки внезапно взлетели в цене, станет проще. С 1 января 2027 года государство"
2026-09-14 04:00,article,Иркутская область – в числе лидеров по профилактике социального сиротства,https://dzen.ru/a/aqdx2EjUgT5jddez,0,0,152,"Иркутская область вошла в число регионов, преуспевших в профилактике социального сиротства и сохранения семьи. Об этом на профильной стратегической сессии в Иркутске заявила глава Фонда защиты детей М"
2026-09-14 03:45,article,12 медведей застрелили за неделю в Братске,https://dzen.ru/a/aqdxIUjUgT5jddME,26,0,56,За прошедшую неделю специалисты службы охраны животного мира и местные охотники застрелили в Братске 12 медведей. Об этом сообщает Братская студия телевидения со ссылкой на макс-канал мэра Братска Але
2026-09-14 03:15,article,Погода в Братске 15 сентября,https://dzen.ru/a/aqdm1h3cWgqrJSmu,4,0,6,"В ночь на вторник +9°…+11°, днём +13°…+15°, пасмурно. Ветер восточный, до 10,8 м/с. Атмосферное давление – 716 мм рт. ст."
2026-09-14 01:35,article,Рейды по контролю за соблюдением миграционного законодательства прошли в Иркутске,https://dzen.ru/a/aqdQ4t8hLg35gnkY,7,0,51,В Иркутске прошли рейды по контролю за соблюдением миграционного законодательства. Об этом сообщает ИА «БСТ» со ссылкой на пресс-службу ГУ МВД России по Иркутской области. Совместную операцию провели 
2026-09-13 13:00,article,Гороскоп на 14 сентября: для кого этот день будет весёлым,https://dzen.ru/a/aqafG98hLg35f2St,162,1,47,"♈️ Овны, в этот день повезёт во всём, что касается денег и работы. ♉️ Тельцы, день будет не самым плодотворным, но весёлым. ♊️ Близнецы, ваше твёрдое намерение довести дела до конца поможет успешно и "
2026-09-13 11:00,article,"Прокуратура контролирует розыск водителя, сбившего двух подростков в Аларском районе",https://dzen.ru/a/aqaDQ05PhhqP0BKP,9,0,72,"В Аларском районе полицейские ведут розыск водителя, скрывшегося с места ДТП, в котором пострадали двое несовершеннолетних. Прокуратура Аларского района поставила на контроль ход и результаты проверки"
2026-09-13 10:00,article,Праздники и народные приметы 14 сентября,https://dzen.ru/a/aqZ0oR3cWgqrIxD6,0,0,108,"Сёмин день. Семён Летопроводец. В этот день почитается память Симеона Столпника, архимандрита Антиохийского, родившегося в середине IV века в Сирии в бедной семье. Услышав великолепное пение в храме, "
2026-09-13 09:00,article,«Крайснефть» возобновила продажу бензина в канистры в Приангарье,https://dzen.ru/a/aqZmit8hLg35fl0Z,1,0,36,"С 12 сентября сеть АЗС «Крайснефть» в Иркутской области вновь начала отпускать бензин в тару. Правда, с лимитом – не больше 30 литров на одну машину. Ранее такая возможность была временно недоступна и"
2026-09-13 07:00,article,Мотоциклист погиб при столкновении с иномаркой в Ангарске,https://dzen.ru/a/aqZKfoDLTiGUIaPU,11,0,44,"В Ангарске сотрудники Госавтоинспекции выясняют обстоятельства ДТП, в котором погиб водитель мотоцикла. Об этом сообщает Братская студия телевидения со ссылкой на Госавтоинспекцию по Иркутской области"
2026-09-13 05:22,article,Женщина погибла при пожаре в посёлке Бохан,https://dzen.ru/a/aqYzT4DLTiGUIW8h,0,0,50,Ночью 13 сентября в посёлке Бохан на улице Балтахинова загорелась лестничная клетка на последнем этаже двухэтажного дома. Об этом сообщает Братская студия телевидения со ссылкой на ГУ МЧС России по Ир
2026-09-12 13:00,article,Гороскоп на 13 сентября: кто может рассчитывать на поддержку от звёзд,https://dzen.ru/a/aqVNzIDLTiGUHzEW,121,0,49,"♈️ Овны, появится соблазн бросить начатое на полпути, но не стоит ему поддаваться. ♉️ Тельцы, избегайте неоправданного риска во второй половине дня. ♊️ Близнецы, даже расположенное к пессимизму настро"
2026-09-12 10:47,article,Два человека погибли в ДТП с большегрузом в Братском районе,https://dzen.ru/a/aqUuXnOQWXLZnCCV,15,0,57,В Братском районе полицейские устанавливают обстоятельства смертельного ДТП с участием легкового автомобиля и большегруза. Об этом сообщает Братская студия телевидения со ссылкой на МАХ-канал Госавтои
2026-09-12 10:00,article,Праздники и народные приметы 13 сентября,https://dzen.ru/a/aqUj7HOQWXLZm-mF,3,0,126,"Куприянов день, Журавлиное вече. Православная церковь в этот день вспоминает святого Киприана Карфагенского, который жил в III веке. Он был епископом Карфагена и прославился как выдающийся богослов; з"
2026-09-12 09:00,article,Пожарные Приангарья соревновались в бурятских видах спорта,https://dzen.ru/a/aqUVH2FhSwy0xGzj,2,0,83,В селе Оса прошла Спартакиада по национальным видам спорта среди сотрудников подразделений ФПС ГПС Иркутской области. Об этом сообщает Братская студия телевидения со ссылкой на МАХ-канал ГУ МЧС России
2026-09-12 06:36,article,Россиян призвали не паниковать из-за сообщений о вспышке COVID-19 в Таиланде,https://dzen.ru/a/aqT00xiP9hd_IlS7,4,0,59,"Сообщения о якобы аномальной вспышке коронавируса в Таиланде не соответствуют действительности. Об этом заявили в Ассоциации туроператоров России, сообщает Братская студия телевидения со ссылкой на ТА"
2026-09-12 05:00,article,ДТП с машиной скорой помощи в Тайшете: трое пострадавших,https://dzen.ru/a/aqTdPmFhSwy0w0p5,6,0,54,В Тайшете сотрудники Госавтоинспекции устанавливают обстоятельства ДТП с участием машины скорой медицинской помощи. Авария произошла вчера утром на пересечении улиц Ленина и Пушкина. Об этом сообщает 
2026-09-12 03:45,article,Банк России сохранил ключевую ставку на уровне 14%,https://dzen.ru/a/aqTNu2FhSwy0wvo-,2,0,77,"Вчера, 11 сентября, Банк России впервые с апреля 2025 года взял паузу и оставил ключевую ставку без изменений – на уровне 14% годовых. Об этом сообщает ИА «БСТ» со ссылкой на пресс-службу Банка России"
2026-09-11 13:00,article,Гороскоп на 12 сентября: кому нужно выполнить обещания,https://dzen.ru/a/aqP76HOQWXLZlYTv,68,1,39,"♈️ Овны, пришло время знакомств, которые поменяют вашу жизнь. ♉️ Тельцы, вы встанете на место того, кого долго не могли понять. ♊️ Близнецы, покажите близким, что вы готовы к компромиссам. ♋️ Раки, сд"
2026-09-11 12:58,article,Глава Минпромторга Алиханов рассказал о планах по участию Индии в Ангаро-Енисейском кластере,https://dzen.ru/a/aqP76IDLTiGUG5Ok,6,0,90,"Индийский бизнес присматривается к Сибири. По словам министра промышленности и торговли РФ Антона Алиханова, прорабатывается участие индийских компаний в развитии Ангаро-Енисейского кластера. Об этом "
2026-09-11 12:50,video_long,Первая в стране конференция «Труженики тыла СВО» прошла в Иркутске,https://dzen.ru/video/watch/6aa3f854df4bf32752511739,7,0,184,
2026-09-11 12:49,video_long,"Уже минус 2,5 миллиарда в год – и Приангарью грозит дополнительная нагрузка из-за соглашения с Тывой",https://dzen.ru/video/watch/6aa3f871b24b606060f96703,66,0,174,
2026-09-11 12:48,video_long,Какие люди работают в компании «Иркутскэнергосбыт»? Расскажем на примере Екатерины Зинченко,https://dzen.ru/video/watch/6aa3f83e6908f72c726e7db7,16,0,247,
2026-09-11 12:05,article,«Охота на дикарей»: чувствуют себя на своём месте,https://dzen.ru/a/aqPu_mFhSwy0vhoj,4,0,9,Автомобильному этикету многим ещё учиться и учиться. Вы стали свидетелем похожего хамского поведения? Отправляйте фотографии нарушителей нам в мессенджере «Макс» по номеру 8 924 600-72-34.
2026-09-11 11:25,article,Директор Братского драмтеатра Любовь Кудряшова рассказала о подготовке «Крейцеровой сонаты»,https://dzen.ru/a/aqPnUBiP9hd_H1vm,0,0,82,Братский драматический театр поставит «Крейцерову сонату» благодаря победе во Всероссийском конкурсе. Его проводили Министерство культуры Российской Федерации и организация «Русские сезоны» в честь 20
2026-09-11 11:00,article,Праздники и народные приметы 12 сентября,https://dzen.ru/a/aqPgvoDLTiGUG0P6,0,0,101,"Александр Сытник. В этот день отмечается важный православный праздник – перенесение мощей благоверного князя Александра Невского, защитника Руси. В памяти народа навсегда остались два его значительных"
2026-09-11 10:35,article,Какие люди работают в компании «Иркутскэнергосбыт»? Расскажем на примере Екатерины Зинченко,https://dzen.ru/a/aqPZtGFhSwy0vZ70,3,0,180,"Хрупкая и миниатюрная – так можно подумать про Екатерину Зинченко, когда встречаешь её впервые. Однако не судите книгу по обложке. Одна из ролей братчанки, которую хочется раскрыть – спортсменка. В 20"
2026-09-11 10:15,article,"Уже минус 2,5 миллиарда в год – и Приангарью грозит дополнительная нагрузка из-за соглашения с Тывой",https://dzen.ru/a/aqPVE3OQWXLZlKhB,88,0,125,"Предприниматели и жители Иркутской области преодолевают множество испытаний из-за экономической ситуации в стране. Цены растут, доходы не успевают за ними. По традиции, осенью случится индексация тари"
2026-09-11 10:05,article,Первая в стране конференция «Труженики тыла СВО» прошла в Иркутске,https://dzen.ru/a/aqPUX3OQWXLZlKO7,3,0,130,"Первая в стране конференция «Труженики тыла СВО» прошла в Иркутске. Посвятили её общественному признанию работников предприятий региона. Они выступили перед залом, представили свои достижения и расска"
2026-09-11 09:38,article,Жителя Братска осудили на три года колонии за хранение и продажу боеприпасов,https://dzen.ru/a/aqPMV4DLTiGUGwmx,5,0,76,"К реальному лишению свободы и штрафу на полмиллиона рублей приговорили 46-летнего жителя Братска, которого уличили в продаже охотничьего пороха по объявлению. Об этом сообщает Братская студия телевиде"
2026-09-11 08:46,article,Ещё один человек погиб от лап медведя в лесу в Красноярском крае,https://dzen.ru/a/aqPBjWFhSwy0vRrA,27,0,68,11 случай гибели человека от лап медведя с начала года зарегистрировали в России. На этот раз жертвой зверя пал 40-летний мужчина в Красноярском крае. Об этом сообщает ИА «БСТ» со ссылкой на портал «Г
2026-09-11 07:27,article,43-летняя жительница Ангарска пострадала при пожаре из-за неисправной проводки,https://dzen.ru/a/aqOuKMWGh2NiGQHa,1,0,47,"Короткое замыкание проводки, случившееся за шкафом в квартире, привело к ночному пожару в 95 квартале Ангарска. 43-летнюю женщину госпитализировали с отравлением угарным газом. Об этом сообщает ИА «БС"
2026-09-11 06:40,article,На улице Комсомольской в Братске на зебре сбили 11-летнюю девочку,https://dzen.ru/a/aqOlW6KBtmtjPbP8,11,0,52,"Ещё одно ДТП на пешеходном переходе, в котом пострадал ребёнок, случилось накануне в Центральном районе Братска. Об этом сообщает Братская студия телевидения со ссылкой на ОГАИ МУ МВД России «Братское"
2026-09-11 06:29,article,От «надо выпить» до «я не пью»: путь к трезвости шаг за шагом,https://dzen.ru/a/aqOnB6KBtmtjPbzB,34,0,352,"Алкоголь остаётся одной из главных причин преждевременной смертности, и масштаб проблемы по-прежнему недооценивается. Врач-психиатр-нарколог Иркутского областного психоневрологического диспансера Ната"
2026-09-11 06:24,article,"В Иркутске осудили рецидивиста за кражу 3 млн рублей, не доставшихся мошенникам",https://dzen.ru/a/aqOf66KBtmtjPZaI,2,0,102,"Ленинский районный суд Иркутска поставил точку в истории, похожей на сценарий плохого фильма. Он приговорил 48-летнего местного жителя к лишению свободы за кражу пакета с пачками наличных. Об этом соо"
2026-09-11 05:47,article,Юных жителей Братска приглашают приложить руку к созданию мозаичного панно в Энергетике,https://dzen.ru/a/aqOXfaKBtmtjPWZ8,0,0,81,"Уникальная возможность оставить свой след в истории родного города будет в это воскресенье у юных жителей Братска. 13 сентября с 13:00 до 17:00 на улице Наймушина, 54, около здания ЗАГСа и плотины ГЭС"
2026-09-11 05:09,article,От руды до смартфона: как сибирские металлы свяжут Россию и Индию,https://dzen.ru/a/aqOOQsWGh2NiGFX8,5,1,239,"Без редких и редкоземельных металлов сегодня не собрать ни современный смартфон, ни электромобиль. Эти ресурсы давно перестали быть просто сырьём – теперь на них держится технологическая независимость"
2026-09-11 04:35,article,"«О, кино!»: комедия абсурда от Гайдая и мелодрамы на БСТ24",https://dzen.ru/a/aqOGxcSWjwEs1JwE,2,0,99,"Вечером в пятницу мы покажем последнюю режиссёрскую работу Леонида Гайдая. В фильме есть все популярные в начале девяностых годов персонажи анекдотов – от Ленина и Сталина, до Рабиновича и Хрущёва. Де"
2026-09-11 04:16,article,Пенсионерка без прав сбила 2 детей на переходе в Ангарске. 5-летний мальчик погиб,https://dzen.ru/a/aqOBIsSWjwEs1Iuj,19,0,89,"Уголовное дело возбудили в Ангарске по факту смертельного ДТП на пешеходном переходе. Под колёсами автомобиля погиб пятилетний мальчик, а его 11-летняя двоюродная сестра получила травмы и попала в бол"
2026-09-11 03:45,article,Глава Дирекции капитального строительства и ремонта Братска Степан Фурсов покидает пост,https://dzen.ru/a/aqN7VaKBtmtjPM1L,4,0,23,Кадровые изменения в городской администрации продолжаются. Глава муниципальной Дирекции капитального строительства и ремонта Братска Степан Фурсов в ближайшее время покинет свой пост. Эту информации Б
2026-09-11 03:20,article,Погода в Братске 12–14 сентября,https://dzen.ru/a/aqN0O8SWjwEs1GPC,5,0,20,"В ночь на субботу +4°…+10°, днём +13°…+15°, облачно с прояснениями. Ветер восточный, до 8,1 м/с. Атмосферное давление – 727 мм рт. ст. В ночь на воскресенье +8°…+10°, днём +14°…+17°, облачно с проясне"
2026-09-11 03:13,article,Прокуратура Братского района помогла ветерану СВО вернуть задержанную зарплату с процентами,https://dzen.ru/a/aqNyE8WGh2NiF7JY,10,0,50,Права ветерана спецоперации защитили сотрудники Прокуратуры Братского района. Мужчина обратился с заявлением о задержке зарплаты и неправильных начислениях. Об этом сообщает Братская студия телевидени
2026-09-11 02:57,article,67-летняя жительница Иркутска расцарапала лицо полицейскому и получила штраф,https://dzen.ru/a/aqNuLcWGh2NiF5-3,13,0,53,"За преступления против представителя власти, находящегося при исполнении, оштрафовали пожилую жительницу Ново-Ленино в Иркутске. Об этом сообщает ИА «БСТ» со ссылкой на объединенную пресс-службу судов"
2026-09-11 01:33,article,В Братске из-за грозы отключилось электроснабжение и падали деревья,https://dzen.ru/a/aqNe2cWGh2NiF17M,19,0,68,"Коммунальные службы в Братске приступили к устранению последствий небывалой сентябрьской грозы. Молнии, бившие прямо в город, ливень и шквалистый ветер нанесли разрушения. Об этом сообщает Братская ст"
2026-09-10 13:00,article,Гороскоп на 11 сентября: кому нужно действовать интуитивно,https://dzen.ru/a/aqKsnu6e4WkGB_zL,107,0,45,"♈️ Овны, ждите получения ценной информации от старых знакомых. ♉️ Тельцы, в этот день аргументы и доводы здравого смысла потерпят неудачу – действуйте интуитивно. ♊️ Близнецы, трудности будут связаны "
2026-09-10 12:39,video_long,Неврологическое и кардиологическое отделение ГБ №5 получили почётную награду Минздрава Приангарья,https://dzen.ru/video/watch/6aa2a4561a199a5a9dc091e6,4,0,146,
2026-09-10 12:38,video_long,Стелу в память о погибших участниках СВО открыли на ветеранском кладбище Братска,https://dzen.ru/video/watch/6aa2a465a710e26cc8caac05,37,0,178,
2026-09-10 12:37,video_long,Благодаря компании Эн+ на дороге на ГЭС уже укладывают новый асфальт,https://dzen.ru/video/watch/6aa2a447cbe4c04136875a85,35,0,98,
2026-09-10 11:45,article,Сообщество БСТ «ВКонтакте» – в тройке лучших по России,https://dzen.ru/a/aqKbB6KBtmtjN-WL,0,0,23,"Свежий топ региональных телеканалов, представленных в ВК, опубликовал федеральный отраслевой канал New Media. По итогам августа сообщество Братской студии телевидения занимает второе место по суммарно"
2026-09-10 11:17,article,Благодаря компании Эн+ на дороге на ГЭС уже укладывают новый асфальт,https://dzen.ru/a/aqKRHhwIljOW5ML2,3,0,78,Укладка асфальта – важный и видимый этап всех работ. Сейчас подрядная организация застилает новое покрытие на участке от «Огней Баку» в сторону станции по правой полосе. Всего новый асфальт появится н
2026-09-10 10:55,article,Профессиональный гид рассказала о прогулках по Братску в прямом эфире на БСТ24,https://dzen.ru/a/aqKM7u6e4WkGB4q0,6,0,109,"Привлекателен ли Братск для туристов? Какие экскурсии здесь проводят? По каким местам стоит провести любителей путешествий, чтобы им было интересно? Самые внимательные зрители БСТ24 уже знают ответы н"
2026-09-10 10:35,article,Стелу в память о погибших участниках СВО открыли на ветеранском кладбище Братска,https://dzen.ru/a/aqKLEBwIljOW5JlD,2,0,123,"В память о тех, кто отдал свои жизни, сражаясь за Родину. На ветеранском кладбище Братска открыли стелу в честь погибших на спецоперации бойцов. Возложить цветы к монументу пришли их родные и друзья, "
2026-09-10 10:25,article,"«Гид по выходным»: космический фестиваль, сибирская живопись и кинопокушение на Наполеона",https://dzen.ru/a/aqKGu8SWjwEs0dkH,3,0,207,"Начать выходные предлагаем не только весело, но и познавательно. 12 сентября в ТКЦ «Братск-Арт» пройдет «РУСАЛ фестиваль#НАУКА». Юбилейный десятый сезон проекта для детей посвятили космосу, ведь ровно"
2026-09-10 10:05,article,Неврологическое и кардиологическое отделения ГБ № 5 получили почётную награду Минздрава Приангарья,https://dzen.ru/a/aqKB5qKBtmtjNz0Z,4,0,104,В Иркутске состоялась пятая областная научно-практическая конференция медиков. Обсуждали важное – снижение смертности от болезней системы кровообращения и повышение качества медицинской помощи. Это за
2026-09-10 09:54,article,Братчан приглашают на открытие нового сквера и спортплощадки у школы № 43 в Осиновке,https://dzen.ru/a/aqJ__6KBtmtjNy_y,5,0,79,"Жителей Братска приглашают на праздничное открытие нового сквера и спортивной площадки у школы № 43 и стадиона «Локомотив» в Осиновке. Оно состоится 11 сентября, в 17:00 – сообщает Братская студия тел"
2026-09-10 09:20,article,Отопление в Братске планируют включить 17 сентября,https://dzen.ru/a/aqJ3TsSWjwEs0Z5N,5,0,25,"Подключение объектов к теплоснабжению начнётся четверг, 17 сентября. Соответствующее постановление подписал мэр Братска Александр Дубровин – сообщает Братская студия телевидения. В первую очередь тепл"
2026-09-10 09:11,article,82-летнюю жительницу Боханского района будут судить за убийство бродячей собаки,https://dzen.ru/a/aqJ1VxwIljOW4_Su,8,1,56,Необычное дело о жестоком обращении с животным рассмотрит суд в Боханском районе. Обвиняемой 82 года. А её жертвой стала бродячая собака. Об этом сообщает ИА «БСТ» со ссылкой на пресс-службу ГУ МВД по
2026-09-10 08:49,article,Подростки в Тулуне подожгли диван на лестничной площадке – пострадал один из жильцов,https://dzen.ru/a/aqJvmBwIljOW48gv,12,0,74,"«Детская шалость» или целенаправленное вредительство? В Тулуне подростки устроили пожар в подъезде многоквартирного дома. В результате один из жильцов попал в больницу, надышавшись угарным газом. Об э"
2026-09-10 08:20,article,Мечта братчан воплотилась в жизнь: на улице Пихтовой появилась спортплощадка,https://dzen.ru/a/aqJqV8SWjwEs0Wv5,3,0,81,Мечта жителей Центрального района стала реальностью. По инициативе братчан в рамках проекта «Есть решение» на улице Пихтовой появилась новая спортплощадка. Накануне работы принимала комиссия. Подрядна
2026-09-10 08:01,article,"Наркоторговцев, которые продавали вахтовикам гашиш, осудили в Жигаловском районе",https://dzen.ru/a/aqJk3sSWjwEs0Vbt,17,0,84,Поставщиков алкоголя и наркотиков в отдалённый вахтовый посёлок на севере Иркутской области осудили в Жигаловском районе. Об этом сообщает ИА «БСТ» со ссылкой на пресс-службу ГУ МВД по Иркутской облас
2026-09-10 06:18,article,11 и 23 сентября ГАИ проведёт в Братске и Братском районе операцию «Внимание – пешеход!»,https://dzen.ru/a/aqJL_sSWjwEs0P4w,1,0,66,"Рейды для предотвращения дорожно-транспортных происшествий с пешеходами пройдут завтра в Братске и Братском районе. И продолжатся в среду, 23 сентября. Об этом сообщает Братская студия телевидения со "
2026-09-10 06:05,article,18-летний мотоциклист пострадал в ДТП в Братске,https://dzen.ru/a/aqJJtMSWjwEs0PYq,8,0,38,"Мотоциклист пострадал в ДТП в Братске. Авария произошла в среду, 9 сентября, в Центральном районе – напротив дома №29 по улице Гагарина. Столкнулись «Лада 4х4» и питбайк «Ирбис». По предварительным да"
2026-09-10 04:45,article,В Братске решили задним числом узаконить глэмпинг в Курчатовском микрорайоне,https://dzen.ru/a/aqI4TRwIljOW4jXI,26,0,206,"Узаконить работу глэмпинга, построенного буквально через забор от частных домов, пытаются в Центральном районе Братска. На окраине Курчатовского микрорайона, практически на берегу водохранилища, уже н"
2026-09-10 04:34,article,В Иркутском районе начали вакцинацию скота от узелкового дерматита,https://dzen.ru/a/aqI0MhwIljOW4hh2,6,0,134,Накануне в населённых пунктах Иркутского района началась экстренная вакцинация сельхозживотных от заразного узелкового дерматита (ЗУД). Об этом сообщает ИА «БСТ» со ссылкой на страницу губернатора Ирк
2026-09-10 03:15,article,Погода в Братске 11 сентября,https://dzen.ru/a/aqIg8BwIljOW4Zlo,2,0,7,"В ночь на пятницу +11°…+14°, небольшой дождь. Днём +14°, +15°, облачно с прояснениями. Ветер северный, до 11,2 м/с. Атмосферное давление – 725 мм рт. ст."
2026-09-09 13:00,article,Гороскоп на 10 сентября: для кого спокойствие – лучший советчик,https://dzen.ru/a/aqFaK6KBtmtjLzI2,118,1,42,"♈️ Овны, в этот день вы сможете свернуть горы и достичь невероятных высот. ♉️ Тельцы, звёзды советуют изменить манеру общения с некоторыми людьми. ♊️ Близнецы, ожидается встреча с человеком, который п"
2026-09-09 12:55,video_long,Лихач на «Тойоте» снес 20-летние ели у строительного рынка в Братске,https://dzen.ru/video/watch/6aa15517416dbe541a3777e7,85,0,144,
2026-09-09 12:54,video_long,Начальник департамента физкультуры Братска рассказал о привлечении горожан к спорту,https://dzen.ru/video/watch/6aa15540fec3474671e16c7f,2,0,101,
2026-09-09 12:54,video_long,Перед выбором: в Братск доставили бюллетени для голосования,https://dzen.ru/video/watch/6aa1554f9da840128ec96445,12,0,157,
2026-09-09 12:53,video_long,Энергетики Эн+ рассказали о подготовке к отопительному сезону в Братске,https://dzen.ru/video/watch/6aa15577ec8140424271da2b,42,0,223,
2026-09-09 12:49,video_long,Экономика с выносливостью верблюда: о чём спорят экономисты с Центробанком и при чём тут платёжки за свет,https://dzen.ru/video/watch/6aa15566bc67b66a3dc701ea,5,0,274,
2026-09-09 12:36,article,"Автохамы Братска: водитель, которому не хватило терпения, и ленивые пешеходы",https://dzen.ru/a/aqFQKqKBtmtjLssM,5,0,24,"Водитель иномарки, ехавший по улице Янгеля, видимо, очень торопился. Ему не хватило терпения, чтобы подождать десять секунд и спокойно ехать дальше по своим делам. Прошло немного времени, как на пути "
2026-09-09 12:16,article,Экономика с выносливостью верблюда: о чём спорят экономисты с Центробанком и при чём тут платёжки за свет,https://dzen.ru/a/aqFM4MSWjwEszISb,4,0,195,"Эксперты ВЭФа напомнили, что экономика – это наука о том, как максимально эффективно пользоваться ограниченными ресурсами. На примере бизнеса – если одному предприятию обеспечить поддержку государства"
2026-09-09 12:00,article,Энергетики Эн+ рассказали о подготовке к отопительному сезону в Братске,https://dzen.ru/a/aqFM8KKBtmtjLqsJ,3,0,161,"Подготовка к зиме в этом году стала для энергетиков ещё и масштабным этапом обновления теплосетей. Инвестиционная программа в Братске составила рекордные 1,6 млрд рублей. Более 321 млн рублей направил"
2026-09-09 11:05,article,"Разрушить легко, восстановить трудно: лихач на «Тойоте» снес 20-летние ели у строительного рынка в Братске",https://dzen.ru/a/aqE-d6KBtmtjLhbQ,22,0,100,"В дорожной аварии в Братске погибли. .. ели. Водитель-лихач снёс шесть деревьев рядом со строительным рынком на Индустриальном проезде. ДТП произошло ранним утром субботы, 6 сентября. Водитель автомоб"
2026-09-09 11:00,article,Праздники и народные приметы 10 сентября,https://dzen.ru/a/aqE-d6KBtmtjLhbS,0,0,113,"Анна и Савва Скирдники. В этот день отмечается память двух святых: Анны Пророчицы и Саввы Крыпецкого. Святая Анна из Иерусалима была благочестивой вдовой, которая вместе со святым Симеоном Богоприимце"
2026-09-09 10:55,article,Начальник департамента физкультуры Братска рассказал о привлечении горожан к спорту,https://dzen.ru/a/aqE748SWjwEsy9TD,0,0,80,"Для Романа Сторожко прямой эфир на БСТ24 стал дебютным. Опыт новый и интересный, признаётся гость. Самое главное – остались только положительные впечатления. За час в программе «Утро бодрого режима» г"
2026-09-09 10:45,article,Перед выбором: в Братск доставили бюллетени для голосования,https://dzen.ru/a/aqE5CMSWjwEsy7d-,0,0,101,Утром 9 сентября под охраной фельдъегеря «Спецсвязь» в город доставили ценный груз из нескольких сотен упаковок избирательных бюллетеней. Сейчас пачки хранятся в архиве Братской территориальной избира
2026-09-09 10:20,article,Подозреваемого в преступлении разыскивают в Братске,https://dzen.ru/a/aqE1BsSWjwEsy5LH,13,0,30,"Сотрудники следственного комитета Братска продолжают поиски человека, причастного к гибели местного жителя. Трагедия произошла осенью 2025 года в Центральном районе. Тогда неизвестные жестоко избили у"
2026-09-09 09:32,article,Администрацию Братска через суд обязали убрать фундаменты 3 расселённых домов в Падуне,https://dzen.ru/a/aqEqK6KBtmtjLU7A,10,0,151,Убрать до конца года фундаменты и прочие останки расселённых по программе переселения домов обязала мэрию Братска через суд Прокуратура Падунского района. Об этом сообщили представители надзорного орг
2026-09-09 07:45,article,"Дальнобойщика из Томской области, который ездил с поддельными правами, осудили в Заларях",https://dzen.ru/a/aqEO-sSWjwEsyhOl,173,0,96,"Семь месяцев ограничения свободы получил по приговору Заларинского районного суда дальнобойщик из Томской области. Мужчина, лишённый водительских прав, не захотел терять работу и купил поддельное удос"
2026-09-09 07:15,article,Погода в Братске 10 сентября,https://dzen.ru/a/aqEJz6KBtmtjLArL,2,0,7,"В ночь на четверг +14°…+18°, днём +19°…+21°, облачно с прояснениями. Ветер северо-западный, до 16,8 м/с. Атмосферное давление – 724 мм рт. ст."
2026-09-09 06:55,article,Братский драмтеатр стал победителем Всероссийского конкурса постановок по Льву Толстому,https://dzen.ru/a/aqEDlMSWjwEsyaOB,1,0,68,Режиссёр из Краснодара Елена Журавлёва поставит в Братском драматическом театре «Крейцерову сонату» Льва Толстого. Средства на подготовку спектакля выделит Министерство культуры РФ. Драмтеатр вошёл в 
2026-09-09 04:58,article,6 сообщений о медведях поступили из деревень и СНТ в ЕДДС Братского района за сутки,https://dzen.ru/a/aqDoMKKBtmtjKsYn,40,0,74,"Шесть сообщений о выходах медведей за минувшие сутки поступило в ЕДДС Братского района. Зверей видели на улице деревни Бада, в деревне Барчим, а также в дачных кооперативах «Восход», «Лесохимик» и СНТ"
2026-09-09 03:55,article,Почётный металлург Олег Матюхин: «БрАЗ – это стабильность»,https://dzen.ru/a/aqDaz6KBtmtjKlVi,3,0,129,"Олег Николаевич Матюхин – электролизник БрАЗа, которому в 2026 году присвоено звание «Почётный металлург». Он работает на БрАЗе с 1997 года – бессменно в 22‑м корпусе. Начинал электролизником 3‑го раз"
2026-09-09 03:40,article,"8 лет воспитательной колонии получил 15-летний житель Шелехова, зарезав 2 человек",https://dzen.ru/a/aqDVr6KBtmtjKiHL,85,0,106,Шелеховский городской суд вынес приговор по резонансному делу о двойном убийстве с особой жестокостью. На скамье подсудимых предстал 15-летний школьник. На момент преступления ему было всего 14. Об эт
2026-09-09 02:35,article,17 октября в Братске вновь пройдут состязания по бегу «Царь горы»,https://dzen.ru/a/aqDGN8SWjwEsx2vD,2,0,62,Царя и царицу горы в очередной раз определят в Братске 17 октября. Состязания по бегу вверх по горнолыжному склону традиционно пройдут на горнолыжной трассе горы Пихтовой [6+]. Об этом сообщает Братск
2026-09-08 13:45,article,8 сентября – Международный день грамотности,https://dzen.ru/a/aqATAqKBtmtjI0P3,3,0,80,"Сегодня 60-ая годовщина праздника, который отмечается ежегодно 8 сентября – «Международный день грамотности». Его миссия напомнить о важности образования для развития общества. Грамотность, как и мног"
2026-09-08 13:35,article,«Бабье лето» в Братске: какой погода будет до конца сентября?,https://dzen.ru/a/aqAUqcSWjwEswSmp,12,0,43,"В Братск пришло бабье лето, поэтому в ближайшее время будет стоять тёплая и сухая погода. Однако в районе могут быть осадки. Об этом корреспонденту БСТ рассказала заместитель начальника Иркутского гид"
2026-09-08 13:29,video_long,Почему Иркутская область помогает оплачивать энергетику Тывы?,https://dzen.ru/video/watch/6aa00d59bb115c6d8e9aab67,10,0,162,
2026-09-08 13:29,video_long,Братчане жалуются на беспорядок во дворах,https://dzen.ru/video/watch/6aa00d364d41ff037705bad6,13,0,280,
2026-09-08 13:28,video_long,8 сентября - Международный день грамотности,https://dzen.ru/video/watch/6aa00d27a2884c7a418a4260,8,0,146,
2026-09-08 13:00,article,Гороскоп на 9 сентября: кто попадёт в зону повышенного внимания,https://dzen.ru/a/aqAH6sSWjwEswKWE,129,2,40,"♈️ Овны, иногда отступить от своих убеждений бывает очень полезно. ♉️ Тельцы, превосходная возможность выбраться за город представится именно в среду. ♊️ Близнецы, всё идёт хорошо, и ваше оперативное "
2026-09-08 12:36,article,Экологическую акцию «360» в Братске перенесли из-за режима повышенной готовности,https://dzen.ru/a/aqAAx6KBtmtjIlVO,2,0,17,Запланированная на 12 сентября в Братске межрегиональная экологическая акция «360» переносится. Решение принято в связи с действующим в городе режимом повышенной готовности из-за участившихся случаев 
2026-09-08 12:25,article,Почему Иркутская область помогает оплачивать энергетику Тывы?,https://dzen.ru/a/ap__t6KBtmtjIkjZ,4,0,117,"Механизм появился после изменения системы тарифного регулирования в 2024 году. Для Тывы были введены единые тарифы на услуги по передаче электроэнергии с Иркутской областью. По данным специалистов, об"
2026-09-08 12:15,article,«Добро пожаловаться»: Братчане жалуются на беспорядок рядом с домами,https://dzen.ru/a/ap__m8SWjwEswCEY,8,1,177,"В редакцию Братской студии телевидения обратился житель улицы Приморской. Он крайне обеспокоен скоплением мусора рядом с его домом. Наша съёмочная группа побывала на месте, а заодно выяснила, кто долж"
2026-09-08 11:05,article,Ремонт дорог по улице Янгеля и Гагарина в Братске продолжается,https://dzen.ru/a/ap_ti6KBtmtjIZoT,2,0,34,"Ремонт дорог на улице Янгеля и Гагарина продолжается. Так, на первом участке к работе приступили в конце июля. На отрезке от перекрёстка с Комсомольской в сторону Телецентра за месяц уложили первый сл"
2026-09-08 11:00,article,Праздники и народные приметы 9 сентября,https://dzen.ru/a/ap_tfsSWjwEsv3JT,0,0,112,Анфиса Рябинница. Два Пимена. В этот день почитаются два святых с именем Пимен – Пимен Великий и Пимен Палестинский. Пимен Великий родился в Египте около 340 года. В молодости он ушёл в Скитский монас
2026-09-08 10:45,article,Итоги муниципального этапа конкурса инициативных проектов подвели в Братске,https://dzen.ru/a/ap_ti6KBtmtjIZoR,0,0,49,"20 идей братчан по благоустройству города выдвинут на областной этап конкурса инициативных проектов. Об этом сообщили на заседании комиссии, в которую входят сотрудники администрации и депутаты городс"
2026-09-08 09:47,article,10 сентября в Братске ненадолго заработают сирены и громкоговорители,https://dzen.ru/a/ap_Z_8SWjwEsvrFq,2,0,17,Послезавтра в Братске вновь состоится проверка работоспособности сирен и громкоговорителей. В период с 10:00 до 16:30 специалисты будут ненадолго включать оборудование в разных районах. Жителей призыв
2026-09-08 09:36,article,Около 400 звонков о выходе медведей к жилью поступило в полицию от жителей Братска,https://dzen.ru/a/ap_YEqKBtmtjIMlU,8,0,161,Внеочередное заседание комиссии по предупреждению и ликвидации чрезвычайных ситуаций состоялось в администрации Братска. Поводом для него снова стали выходы медведей в город и дачные кооперативы. Об э
2026-09-08 08:32,article,Братск проводил ещё пятерых добровольцев на военную службу,https://dzen.ru/a/ap_HEMSWjwEsvh3v,4,0,54,Каждую неделю добровольцы из Братска отправляются на военную службу. Во вторник утром у здания администрации проводили ещё пятерых мужчин. Вместе с ними были их родные и друзья. Земляков напутствовали
2026-09-08 08:10,article,На века строить не получается: на стадионе «Космос» в Братске сломали забор,https://dzen.ru/a/ap_FFsSWjwEsvg6k,5,0,54,"Стадион «Космос» вновь попал под удар – там в буквальном смысле снесли забор. В редакцию Братской студии телевидения обеспокоенные жители прислали фотографии, на которых видно, что конструкция вырвана"
2026-09-08 07:40,article,Компенсации за изъятый скот жителям Иркутского района начнут выплачивать на этой неделе,https://dzen.ru/a/ap-9ZMSWjwEsvc8F,37,0,254,"2 сентября в Иркутской области официально сняли карантинные ограничения, введённые в 2024 году из-за случаев заболевания домашнего скота пастереллёзом (инфекция, с которой связывали изъятие и уничтоже"
2026-09-08 05:05,article,9-10 сентября в Братске и Братском районе ГАИ проведёт операцию «Злостный неплательщик»,https://dzen.ru/a/ap-YRKKBtmtjHuEF,2,0,45,Завтра сотрудники Госавтоинспекции в очередной раз займутся выявлением должников по штрафам на дорогах Братска и Братского района. Об этом сообщает Братская студия телевидения со ссылкой на ОГАИ МУ МВ
2026-09-08 04:07,article,На границе с Монголией зафиксировали землетрясение интенсивностью 6 баллов в эпицентре,https://dzen.ru/a/ap-KSKKBtmtjHnRO,3,0,29,"Подземные толчки зафиксировали сегодня ночью в Тункинском районе Бурятии. Эпицентр находился неподалёку от посёлка Монды, в предгорье Восточного Саяна, у границы с Монголией. Об этом сообщает ИА «БСТ»"
2026-09-08 03:30,article,Мемориальную доску старшей медсестре Ангелине Савиной установят в Городской больнице № 3,https://dzen.ru/a/ap-CLqKBtmtjHjRh,14,0,30,"Коллектив Братской городской больницы № 3 вышел с инициативой установить мемориальную доску Ангелине Савиной на фасаде учреждения на ул. Мало-Амурской, 71 в Гидростроителе. Старшая медицинская сестра "
2026-09-08 03:10,article,"Как справляться со стрессом, если совет «просто меньше стрессуйте» не помогает?",https://dzen.ru/a/ap98wKKBtmtjHgtr,7,0,61,"Как справляться со стрессом, если совет «просто меньше стрессуйте» совсем не помогает? Обсудить это братчан приглашает Ярослав Ашихмин – кандидат медицинских наук, терапевт, кардиолог, специалист по п"
2026-09-08 02:59,article,Погода в Братске 9 сентября,https://dzen.ru/a/ap96ZMSWjwEsu8sJ,3,0,7,"В ночь на среду +12°, +13°, небольшой дождь. Днём +18°…+22°, облачно с прояснениями. Ветер западный, до 20,6 м/с. Атмосферное давление – 724 мм рт. ст."
2026-09-08 02:51,article,2 медведей застрелили на Зябе и в частном секторе в Правобережном районе Братска,https://dzen.ru/a/ap94-KKBtmtjHe9t,10,0,108,"Братск остаётся в медвежьей осаде. За минувшие сутки оперативные группы охотников и охотоведов ликвидировали ещё двоих медведей, наводивших страх на дачников и жителей частного сектора в Правобережном"
2026-09-08 02:51,article,Двух медведей застрелили на Зябе и в частном секторе в Правобережном районе Братска,https://dzen.ru/a/ap94-KKBtmtjHe9o,11,0,107,"Братск остаётся в медвежьей осаде. За минувшие сутки оперативные группы охотников и охотоведов ликвидировали ещё двоих медведей, наводивших страх на дачников и жителей частного сектора в Правобережном"
2026-09-08 01:49,article,К 2031 году население Братска может составить менее 210 тысяч человек,https://dzen.ru/a/ap9qM6KBtmtjHYKk,5,0,110,Очередной прогноз социально-экономического развития Братска на долгосрочный период до 2039 года вынесла на общественное обсуждение администрация города. Оно началось 8 сентября и продлится до 14 сентя
2026-09-07 13:18,video_long,Сотрудники промплощадки БрАЗа провели удивительный «Праздник осени»,https://dzen.ru/video/watch/6a9eb92f8869b7562c75ff92,13,0,149,
2026-09-07 13:17,video_long,Как обеспечить Сибирь и Дальний Восток электричеством на десятилетия вперед,https://dzen.ru/video/watch/6a9eb91caa37c77db34fafe2,3,0,178,
2026-09-07 13:00,article,Гороскоп на 8 сентября: кому не свойственна злость,https://dzen.ru/a/ap62hsSWjwEstYgo,131,1,41,"♈️ Овны, вы удивительным образом окажетесь в нужное время в нужном месте. ♉️ Тельцы, рекомендуется поменьше обращать внимание на мнение окружающих. ♊️ Близнецы, будьте во вторник максимально беспечны "
2026-09-07 12:57,article,Сотрудники промплощадки БрАЗа провели удивительный «Праздник осени»,https://dzen.ru/a/ap6xKcSWjwEstVWx,1,0,99,"В этот день здесь не было металлургов и сотрудников подрядных организаций – только пираты, рыболовы, артисты цирка и другие заядлые дачники, которые решили подвести итоги сезона в большой компании. Ку"
2026-09-07 12:35,article,Как обеспечить Сибирь и Дальний Восток электричеством на десятилетия вперёд,https://dzen.ru/a/ap6xD8SWjwEstVRO,3,0,105,Сибири и Дальнему Востоку требуется больше энергии. На Восточном экономическом форуме представители энергетики и бизнеса обсудили необходимость найти баланс между инвестициями в ГЭС и развитием теплов
2026-09-07 12:25,article,Достучались до каждого. Шоу барабанщиков «ZANOZZZA» в гостях программы «Утро бодрого режима»,https://dzen.ru/a/ap6w-sSWjwEstVPE,2,0,64,7 сентября во Всемирный день барабанщика в студии радио «Шансон» собрались ударники со стажем. Коллективу «Заноза» почти 20 лет. В полном составе – около 40 музыкантов из разных городов России. Выступ
2026-09-07 12:11,article,"Классика, современная проза, антиутопии: литературный квиз готовят для братчан",https://dzen.ru/a/ap6o5sSWjwEstQsK,3,0,42,"Знаете, как зовут капитанскую дочку из произведения Пушкина? А какая пытка для Уинстона Смита в 101-й комнате – самая страшная? С лёгкостью назовёте персонажей вселенной Джоан Роулинг, которых не было"
2026-09-07 12:00,article,Стелу в память о погибших участниках СВО установят на Ветеранском кладбище Братска,https://dzen.ru/a/ap6o48SWjwEstQrs,5,0,49,"Через пару дней на Ветеранском кладбище Братска появится стела, посвящённая памяти погибших участников СВО. Место под объект уже подготовили, высота вместе с флагштоками составит три метра. Перед уста"
2026-09-07 11:45,article,Депутат Заскобрания региона Эдуард Дёмин дал эксклюзивное интервью БСТ24,https://dzen.ru/a/ap6o56KBtmtjFynt,3,0,37,Насколько важно личное общение депутата с избирателями? С какими проблемами чаще всего обращаются жители? Как братчане поддерживают участников специальной военной операции? На эти и другие вопросы отв
2026-09-07 11:00,article,Праздники и народные приметы 8 сентября,https://dzen.ru/a/ap6af8SWjwEstIus,6,0,86,"Наталья Овсяница и Адриан Толоконник. В этот день почитаются святая мученица Наталия и её муж Адриан, жившие в начале IV века в Никомидии. Наталия выросла в христианской семье, но вышла замуж за язычн"
2026-09-07 10:08,article,Заработала тысячу – потеряла пять тысяч. В Киренске осудили 17-летнюю девушку-дроппера,https://dzen.ru/a/ap6ORMSWjwEstB1V,5,0,98,Мировой суд в Киренске вынес приговор 17-летней пособнице телефонных мошенников. Девушка в поисках заработка за процент согласилась принимать и переводить чужие деньги. Через её банковский счёт прошло
2026-09-07 09:27,article,"В Братске планируют ввести требование к минимальной ширине проездов в СНТ в 6,5 метров",https://dzen.ru/a/ap6EeaKBtmtjFejB,14,0,84,"Администрация Братска оповестила о подготовке проекта муниципального правового акта, закрепляющего требования к минимальной ширине улиц и проездов на территории садовых и огородных участков. В случае,"
2026-09-07 08:47,article,"В пятницу, 11 сентября, в Братске и Приангарье запретят продавать алкоголь",https://dzen.ru/a/ap57DaKBtmtjFY-c,4,0,39,Отметить Всероссийский день трезвости предлагают в ближайшую пятницу жителям Иркутской области. Но – исключительно безалкогольными напитками! 11 сентября в магазинах региона запретят торговлю спиртным
2026-09-07 08:08,article,Мотоциклист и пассажирка авто пострадали в ДТП в выходные в Братске,https://dzen.ru/a/ap5yDcSWjwEssxsv,4,0,58,10 дорожно-транспортных происшествий зарегистрировали в субботу и воскресенье на дорогах Братска и Братского района. Три из них обернулись травмами. Об этом сообщает Братская студия телевидения со ссы
2026-09-07 07:53,article,"В Братске задержали водителя, который сбил трёх подростков на переходе и скрылся",https://dzen.ru/a/ap5twcSWjwEssu97,19,0,55,Трое школьников 13-14 лет получили травмы в результате ДТП на нерегулируемом пешеходном переходе в Правобережном районе Братска в минувшую субботу. Об этом сообщает Братская студия телевидения со ссыл
2026-09-07 07:32,article,13 нетрезвых водителей остановили за 3 дня на дорогах Братска и Братского района,https://dzen.ru/a/ap5pjKKBtmtjFOWz,0,0,39,Сотрудники Госавтоинспекции подвели итоги массовых проверок водителей на трезвость. 4-6 сентября на дорогах Братска и Братского района выявили 13 нарушителей с признаками опьянения. Об этом сообщает Б
2026-09-07 06:48,article,17-летняя девушка пострадала при возгорании на балконе в Усолье-Сибирском. Подозревают поджог,https://dzen.ru/a/ap5eYcSWjwEssmEX,4,0,55,Ночной пожар на балконе омрачил выходные жителям многоквартирного дома на улице Богдана Хмельницкого в Усолье-Сибирском. Об этом сообщает ИА «БСТ» со ссылкой на пресс-службу ГУ МЧС по Иркутской област
2026-09-07 06:16,article,В посёлке Прибойный Братского района открыли обновлённый мемориал павшим землякам,https://dzen.ru/a/ap5YOaKBtmtjFEWj,2,0,39,Благодаря областному конкурсу инициативных проектов «Есть решение! » в посёлке Прибойный благоустроили и обновили мемориал погибшим воинам-землякам. Об этом сообщает Братская студия телевидения со ссы
2026-09-07 05:08,article,Автором Тотального диктанта-2027 стал писатель Дмитрий Данилов,https://dzen.ru/a/ap5IyKKBtmtjE7RE,5,0,94,"Автором Тотального диктанта-2027 стал писатель, поэт и драматург Дмитрий Данилов. Об этом рассказали организаторы самой популярной образовательной акции в рамках ежегодного онлайн-марафона, посвящённо"
2026-09-07 04:07,article,Подстреленный медведь набросился на охотника на окраине Братска,https://dzen.ru/a/ap44qqKBtmtjEyLx,71,0,92,Раненый медведь набросился на охотника в Центральном районе Братска. Об этом сообщает Братская студия телевидения со ссылкой на страницу мэра города Александра Дубровина в социальной сети «ВКонтакте».
2026-09-07 04:05,article,Погода в Братске 8 сентября,https://dzen.ru/a/ap44qqKBtmtjEyLz,2,0,7,"В ночь на вторник в Братске +7°…+11°. Днём +15°…+17°, облачно с прояснениями. Ветер западный, до 9,6 м/с. Атмосферное давление – 725 мм рт. ст."
2026-09-07 03:43,article,5 взрослых и 3 детей пострадали в ДТП за неделю в Братске и Братском районе,https://dzen.ru/a/ap4ze6KBtmtjEvDI,8,0,69,"На редкость сложной выдалась минувшая неделя для сотрудников Госавтоинспекции. Водители выполнили практически двойную «норму» по количеству нарушений, приводящих к дорожно-транспортным происшествиям. "
2026-09-07 03:06,article,В посёлке Карахун Братского района монтируют каркас нового ФАПа,https://dzen.ru/a/ap4riMSWjwEssJZu,0,0,126,До конца года в заморском посёлке Карахун планируют достроить новое быстровозводимое здание фельдшерско-акушерского пункта. Каркас и кровля практически готовы. Об этом сообщает Братская студия телевид
2026-09-07 01:19,article,7 сентября на час отключат светофор на перекрёстке федеральной трассы и ул. Наймушина в Братске,https://dzen.ru/a/ap4Rm6KBtmtjEbv6,2,0,31,О запланированном сегодня отключении светофора на оживлённом перекрестке федеральной трассы «Вилюй» предупредила администрация – сообщает Братская студия телевидения. Электронный регулировщик прекрати
2026-09-06 13:00,article,Гороскоп на 7 сентября: кто заслужит уважения,https://dzen.ru/a/ap1la6KBtmtjDBTr,154,1,40,"♈️ Овны, помните, что всё меняется к лучшему, хоть и медленно. ♉️ Тельцы, добра от добра не всегда стоит ждать. ♊️ Близнецы, хорошо потрудитесь в этот день – незабываемо отдохнёте завтра. ♋️ Раки, стр"
2026-09-06 09:18,article,Миллиард на природу: стартовал приём заявок на экологические гранты 2027 года,https://dzen.ru/a/ap0wYaKBtmtjCndy,16,0,85,"Ученые, экоактивисты и волонтёры могут получить гранты на спасение редких животных и обустройство экотроп. Президентский фонд природы открыл приём заявок на конкурс проектов 2027 года. На кону – 1 мил"
2026-09-06 07:00,article,Более 163 тысяч ветеранов труда в Приангарье получают льготы и выплаты,https://dzen.ru/a/ap0Q9cSWjwEsp5Kq,6,0,58,"Ежегодно в первое воскресенье сентября в Иркутской области отмечается День ветерана труда. В 2026 году эта дата выпала на 6 сентября. На сегодняшний день различные льготы и выплаты получают около 163,"
2026-09-06 06:14,article,Дорогие кредиты и другие риски 4 %-й инфляции: экономисты Широв и Кувалин о жёсткой политике ЦБ,https://dzen.ru/a/ap0F6sSWjwEspzks,3,0,186,"Мечты о доступной ипотеке или кредите на развитие своего дела, похоже, пока придётся отложить. Центробанк намерен и дальше держать высокие процентные ставки, чтобы сбить инфляцию. Однако ведущие росси"
2026-09-06 04:18,article,На ВЭФ-2026 обсудили необходимость теплоэлектростанций для развития Сибири и Дальнего Востока,https://dzen.ru/a/apzrOcSWjwEspmRx,7,0,170,"Сибири и Дальнему Востоку необходимо ещё больше электричества. На Восточном экономическом форуме (ВЭФ-2026), чиновники и энергетики обсуждали, как спасти регион от энергодефицита. Выбор стоит между до"
2026-09-06 03:00,article,При пожаре в садовом доме в Усольском районе погибла женщина,https://dzen.ru/a/apzXzaKBtmtjB7kn,4,0,46,Вечером 4 сентября в садоводстве «Архиреевка-4» загорелся садовый дом. Об этом сообщает Братская студия телевидения со ссылкой на ГУ МЧС России по Иркутской области. Сообщение о возгорании поступило н
2026-09-06 01:00,article,Пациент погиб при пожаре в Железногорске-Илимском,https://dzen.ru/a/apz3tMSWjwEspsW_,3,0,55,"5 сентября в психоневрологическом отделении Железногорской районной больницы произошло возгорание, в результате которого погиб 54-летний пациент. По данному факту следственный отдел по Нижнеилимскому "
2026-09-05 13:00,article,Гороскоп на 6 сентября: кому нужно быть лояльным,https://dzen.ru/a/apwTDqKBtmtjAUv5,125,1,40,"♈️ Овны, получится заложить неплохую материальную базу для грядущего отпуска. ♉️ Тельцы, день на редкость удачный для разного рода встреч и бесед. ♊️ Близнецы, последнее веское слово будет обязательно"
2026-09-05 09:00,article,Черемхово присвоено почётное звание «Город трудовой доблести»,https://dzen.ru/a/apvcT6KBtmtj_5hK,2,0,65,"4 сентября на заседании Российского организационного комитета «Победа» под председательством Президента Владимира Путина Черемхово вошёл в число 12 городов, удостоенных почётного звания «Город трудово"
2026-09-05 05:52,article,Семья с двумя детьми эвакуировалась из горящего дома в Иркутске,https://dzen.ru/a/apu3A8SWjwEsnG2L,7,0,29,"Ночью 4 сентября в Иркутске на улице Дмитрия Донского загорелся частный дом. Сообщение о пожаре поступило в МЧС, к месту были направлены 14 огнеборцев и 4 единицы техники. Об этом сообщает Братская ст"
2026-09-05 05:31,article,Двоих мужчин будут судить за незаконную добычу криптовалюты в Бодайбо,https://dzen.ru/a/apuq_MSWjwEsnAu6,5,0,50,Прокуратура Бодайбо утвердила обвинительное заключение по уголовному делу в отношении двух местных жителей – директора и главного инженера коммерческой фирмы. Они обвиняются в злоупотреблении полномоч
2026-09-04 13:03,video_long,Эн+ увеличил объём ремонта дороги на Братской ГЭС,https://dzen.ru/video/watch/6a9ac17109b015320efe238e,25,0,138,
2026-09-04 13:03,video_long,Классический и современный взгляд на творчество: в Братске открыли две выставки,https://dzen.ru/video/watch/6a9ac154f0af7e427fab3c3b,12,0,271,
2026-09-04 13:00,article,Гороскоп на 5 сентября: кто имеет право на ошибку,https://dzen.ru/a/aprBKaKBtmtj9c2n,100,0,39,"♈️ Овны, постарайтесь уместить в этот день максимум встреч и важных разговоров. ♉️ Тельцы, все нужные люди явятся к вам в этот день сами. ♊️ Близнецы, звёзды рекомендуют иногда выбирать развлечения не"
2026-09-04 11:25,article,Эн+ увеличил объём ремонта дороги на Братской ГЭС,https://dzen.ru/a/apqrLaKBtmtj9PKq,4,0,113,"Фрезерование ведут преимущественно ночью, чтобы снизить неудобства для водителей. За первую смену сняли 95 % старого покрытия на 500-метровом участке левого берега. Сейчас техника продвигается дальше."
2026-09-04 11:10,article,Классический и современный взгляд на творчество: в Братске открыли две выставки,https://dzen.ru/a/apqnn8SWjwEskycS,5,0,167,"Большой зал встречает гостей обилием скульптур из дерева, графических картин и живописи. Всё они – детища известного братчанам художника Богдана Швака. Его работы посвящены обитателям сибирских лесов,"
2026-09-04 10:05,article,Учёт домашней птицы: кому и когда нужно регистрировать поголовье,https://dzen.ru/a/apqYvKKBtmtj9ETG,57,1,71,"С 1 сентября в России действуют новые правила учёта домашней птицы. Теперь владельцы личных подсобных хозяйств обязаны поставить на учёт кур, уток, гусей, индеек, цесарок, перепелов, страусов и другие"
2026-09-04 09:55,article,В деревне Бутырки Иркутского района вновь обнаружили узелковый дерматит у домашнего скота,https://dzen.ru/a/apqWm8SWjwEskoaE,7,1,67,Карантин для предотвращения распространения узелкового дерматита скота объявили 3 сентября в Иркутском районе. Об этом сообщает ИА «БСТ» со ссылкой на указ губернатора Иркутской области Игоря Кобзева.
2026-09-04 09:23,article,"В колонию-поселение отправили жителя Бурятии, по вине которого на Байкале погибли 5 человек",https://dzen.ru/a/apqPD8SWjwEskk66,6,0,112,Три года и пять месяцев колонии-поселения получил за гибель пятерых пассажиров судоводитель из Республики Бурятия. Об этом сообщает ИА «БСТ» со ссылкой на пресс-службу Восточного межрегионального след
2026-09-04 08:55,article,Память героев Второй мировой войны и жертв терактов почтили в Братске,https://dzen.ru/a/apqIA6KBtmtj8784,3,0,53,3 сентября в России отмечают две памятные даты: День окончания Второй мировой войны и День солидарности в борьбе с терроризмом. В Братске патриотические акции прошли на Мемориале Славы в Центральном р
2026-09-04 08:46,article,Людмила Гавриленко: 53 года на страже экологии БрАЗа,https://dzen.ru/a/apqE7aKBtmtj86jQ,3,0,75,"Людмила Владимировна Гавриленко уходит на заслуженный отдых, отработав на промплощадке БрАЗа 53 года. Её трудовая династия – одна из самых уважаемых на заводе: общий стаж трёх поколений Гавриленко – б"
2026-09-04 08:44,article,В августе в Братском перинатальном центре приняли 170 новорожденных,https://dzen.ru/a/apqGksSWjwEskg7S,5,0,19,85 мальчиков и 85 девочек приняли сотрудники Братского перинатального центра в августе. Об этом сообщает Братская студия телевидения со ссылкой на страницу центра в социальной сети «Вконтакте». Примеч
2026-09-04 08:36,article,Погода в Братске 5–7 сентября,https://dzen.ru/a/apqCkaKBtmtj85Pa,6,0,21,"В ночь на субботу в Братске +4°. Днём +15°. Переменная облачность, возможен дождь. Ветер северо-западный, до 8,3 м/с. Атмосферное давление – 725 мм рт. ст. В ночь на воскресенье в Братске +4°. Днём +1"
2026-09-04 08:15,article,"«О, кино»: мистика, мелодрамы и комедия",https://dzen.ru/a/app-yqKBtmtj83Pi,3,0,103,"XVII век, Австро-Венгрия. В огромном замке среди лесов и живописных гор живёт прекрасная графиня Елизавета Батори. Она умна, элегантна и красива. Вот только это лишь приятный глазу фасад. Ведь никто н"
2026-09-04 08:05,article,Многодетные семьи Братска приглашают поучаствовать в марафоне,https://dzen.ru/a/app8bMSWjwEskbw3,2,0,54,"В Братске в честь Дня многодетной семьи запустили марафон «Секреты большой семьи». Дом молодёжи задумал проект, чтобы дать возможность родителям и детям поделиться личными историями, воспоминаниями и "
2026-09-04 07:57,article,69-летняя жительница Усть-Илимска погибла при пожаре из-за окурка,https://dzen.ru/a/app6R8SWjwEskamH,3,0,74,Очередная трагедия из-за неосторожности при курении произошла в Усть-Илимске. На улице Наймушина при ночном пожаре в многоквартирном доме погибла пенсионерка. Об этом сообщает ИА «БСТ» со ссылкой на п
2026-09-04 07:04,article,4-6 сентября в Братске и Братском районе проводят операцию «Нетрезвый водитель»,https://dzen.ru/a/appt5cSWjwEskU34,1,0,64,"На дорогах Братска и Братского района сегодня начался очередной этап борьбы с пьянством за рулём. До понедельника экипажи ДПС будут выявлять нарушителей, предотвращая возможные аварии с участием нетре"
2026-09-04 06:27,article,Компания из Ангарска расторгла контракт на завершение капремонта Дома спорта «Ленком» в Братске,https://dzen.ru/a/appm7MSWjwEskRXz,10,0,119,Администрации Братска придётся искать третьего подрядчика для завершения капитального ремонта Дома спорта имени Ленинского комсомола в жилом районе Падун. ООО «Сибрегионстрой» (Ангарск) после восьми м
2026-09-04 04:58,article,"Библиотеку во Дворце искусств Братска закроют, объединив с другим учреждением",https://dzen.ru/a/appRqqKBtmtj8hSq,8,0,256,Вслед за учреждениями образования в Братске продолжили оптимизацию учреждений культуры. Накануне на заседании депутатской комиссии по вопросам правовой и социальной защиты населения в Думе Братска рас
2026-09-04 03:41,article,Прокуратура помогла взыскать с жителя Татарстана украденные у пенсионерки из Братского района деньги,https://dzen.ru/a/apo-fKKBtmtj8YDz,4,0,46,"Более 25 тысяч рублей вернут по решению суда жительнице Братского района, ставшей жертвой мошенничества. Об этом сообщает Братская студия телевидения со ссылкой на пресс-службу Прокуратуры Иркутской о"
2026-09-04 03:01,article,Двух медведей застрелили за сутки в Братске,https://dzen.ru/a/apo1YaKBtmtj8T8J,9,0,45,"О ликвидации ещё двоих медведей сообщили утром власти Братска. Одного из них застрелили в окрестностях дачного посёлка Моргудон неподалёку от Центрального района. Второго – неподалёку от Братской ГЭС,"
2026-09-04 02:37,article,"Жители Братска могут помочь соседям из Харанжино, Боровского и Куватки получить стабильную связь",https://dzen.ru/a/apovPqKBtmtj8RP0,14,0,67,"Жители трёх населённых пунктов Братского района нуждаются в поддержке земляков в очередном этапе голосования по федеральной программе «Устранение цифрового неравенства 2. 0». Харанжино, Боровской и Ку"
2026-09-03 13:00,article,Гороскоп на 4 сентября: к кому прилипнут деньги,https://dzen.ru/a/aplw5cSWjwEsiRrH,140,1,44,"♈️ Овны, вы наконец увидите зелёный свет на дороге к своей заветной мечте. ♉️ Тельцы, не попробуете – не узнаете, так что вперёд, за экспериментами. ♊️ Близнецы, приготовьтесь к аттракциону невиданной"
2026-09-03 10:45,article,«Зелёный своп» в Братске: организатор акции Анна Нестерова – в эфире БСТ24,https://dzen.ru/a/aplQTsSWjwEsh9j5,1,0,82,"Вашей драцене одиноко дома? Хлорофитум уже приелся? А может, давно хотели заменить калатею на бегонию? «Зелёный своп» – возможность бесплатно обновить домашнюю коллекцию и найти единомышленников. Анна"
2026-09-03 10:30,article,Погода в Братске 4 сентября,https://dzen.ru/a/aplNZ8SWjwEsh8Lt,4,0,8,"В ночь на пятницу в Братске +5°. Днём до +13°. Переменная облачность, возможен небольшой дождь. Ветер западный, до 11,1 м/с. Атмосферное давление – 724 мм рт. ст."
2026-09-03 10:02,article,Режим повышенной готовности ввели в Братске 3 сентября из-за медведей,https://dzen.ru/a/aplICMSWjwEsh5Ku,14,0,55,Сегодня власти Братска ввели режим повышенной готовности для экстренных служб из-за ситуации с выходом медведей в жилой сектор и дачные кооперативы. Об этом сообщает Братская студия телевидения со ссы
2026-09-03 09:46,article,С 3 сентября по 2 октября в Братске и 14 городах Приангарья проведут выборочное наблюдение за здоровьем жителей,https://dzen.ru/a/aplCy8SWjwEsh152,2,0,94,Вопросы о вредных и полезных привычках зададут жителям Братска и ещё 26 городов и посёлков Приангарья. С 3 сентября по 2 октября статистики проводят выборочное наблюдение за состоянием здоровья населе
2026-09-03 09:10,article,«Гид по выходным»: мероприятия для детей и взрослых,https://dzen.ru/a/apk51aKBtmtj6J78,0,0,145,В модельной библиотеке «Добрый дом» пройдёт конкурсно-игровая программа «Школьный звонок всех зовёт на урок». Мероприятие приурочено ко Дню знаний и обещает быть по-настоящему увлекательным – организа
2026-09-03 09:05,article,"Видеоподкаст «Бодрый гость»: Евгений, Варвара и Ратибор рассказали, почему выбрали МедиаКлуб БСТ",https://dzen.ru/a/apk-FcSWjwEshzM4,0,0,1,"erid: 2W5zFGqghgM
РЕКЛАМА
ООО «БСТ»"
2026-09-03 08:55,article,Четверо одарённых школьников из Братска получат премию губернатора,https://dzen.ru/a/apk3DKKBtmtj6IM3,2,0,30,"66 юных интеллектуалов Иркутской области наградят премиями губернатора. Поощрение коснётся победителей регионального этапа Всероссийской олимпиады школьников, а также победителей и призёров заключител"
2026-09-03 08:45,article,Субподрядчика из Иркутска осудили за падение не закреплённых качелей на девочку,https://dzen.ru/a/apk1AcSWjwEshtPn,2,0,95,Приговор по факту травмирования 13-летней школьницы в августе 2024 года в Ленинском районе Иркутска вынесли исполнителю договора подряда с управляющей компанией. Об этом сообщает ИА «БСТ» со ссылкой н
2026-09-03 07:40,article,В Братском драматическом театре готовятся к открытию 41-го сезона,https://dzen.ru/a/apkkoqKBtmtj58d4,1,0,35,"Касса Братского драматического театра открылась после летних каникул 2 сентября. А это значит, что уже очень скоро служителей Мельпомены ждёт открытие нового, 41-го театрального сезона. Об этом сообща"
2026-09-03 05:32,article,В Красноярском крае медведь задрал двух женщин во время сбора грибов в лесу,https://dzen.ru/a/apkHb6KBtmtj5q7D,120,0,81,Две пожилые собирательницы грибов погибли от лап медведя в Енисейском районе Красноярского края. Об этом сообщает ИА «БСТ» со ссылкой на портал «Город Прима». Жительницы посёлка Подтёсово 73-х и 67 ле
2026-09-03 04:29,article,Самолёты по маршруту Братск – Иркутск – Братск теперь летают 6 раз в неделю,https://dzen.ru/a/apj4hqKBtmtj5i7T,3,0,57,Авиарейсы из Братска в Иркутск стали практически ежедневными. С 3 сентября в расписании появились дневные вылеты по четвергам и субботам в 15:00. Об этом сообщает Братская студия телевидения со ссылко
2026-09-03 04:05,article,«РУСАЛ фестиваль#НАУКА» открывает космос в Братске,https://dzen.ru/a/apjybcSWjwEshF3o,1,0,62,12 сентября в ТКЦ «Братск-Арт» пройдет «РУСАЛ фестиваль#НАУКА». Юбилейный десятый сезон популярного образовательно-просветительского проекта для детей посвящен космосу. Тема выбрана не случайно – в эт
2026-09-03 03:05,article,"В Железногорске-Илимском хирург отказался пришить ребёнку фалангу пальца, оторванную дверью",https://dzen.ru/a/apjoFqKBtmtj5aPN,93,0,92,"Мать шестилетнего мальчика из Железногорска-Илимского пожаловалась в Следственный комитет на хирурга, который, по её мнению, плохо сделал свою работу. Он не попытался пришить оторванную дверью фалангу"
2026-09-03 01:53,article,"6 сентября в Братске изменятся маршруты автобусов, идущих через ж. р. Энергетик",https://dzen.ru/a/apjTx8SWjwEsg1Oj,17,0,58,Об изменениях маршрутов общественного транспорта 6 сентября оповестили жителей Братска. Остановка у Дворца искусств на время перестанет быть конечной для автобуса № 55к и № 55Ак. Об этом сообщает Брат
2026-09-03 01:23,article,"Двоих медведей застрелили в Братске, ещё троих ищут",https://dzen.ru/a/apjM7MSWjwEsgxtK,283,0,65,"Охотоведы и охотники вынуждены практически круглосуточно оборонять город от медведей – сообщения о них продолжают поступать. За минувшие два дня им удалось застрелить зверей, которые бродили около пти"
2026-09-02 13:10,video_long,Сотрудники Эн+ посвятили в студенты первокурсников Братского государственного университета,https://dzen.ru/video/watch/6a981fc6261888006e3b198d,14,0,190,
2026-09-02 13:09,video_long,Братск присоединится к масштабной экологической акции «360»,https://dzen.ru/video/watch/6a981fabaf285002373c4338,6,0,90,
2026-09-02 13:00,article,Гороскоп на 3 сентября: кому не стоит стесняться,https://dzen.ru/a/apgeolE6NU7DeHgt,114,1,45,"♈️ Овны, в этот день для вас везде будет гореть зелёный свет. ♉️ Тельцы, чтобы не проделывать работу дважды, просто сразу сделайте её хорошо. ♊️ Близнецы, все ваши сомнения по поводу работы в четверг "
2026-09-02 12:45,article,Два кабинета отремонтировали в школе № 2 Вихоревки благодаря компании «Транснефть – Восток»,https://dzen.ru/a/apga_cpJF0LmJRmQ,6,0,138,"На лицах – улыбки. И не только от радости общения с одноклассниками, но и от предвкушения встречи с любимыми классами. Тем более, что два из них – кабинеты математики и информатики – изменились до неу"
2026-09-02 12:25,article,Автохамы Братска: когда спешка важнее безопасности школьников,https://dzen.ru/a/apgZKcpJF0LmJQi1,7,0,33,"На кадрах, снятых нашим мобильным репортёром, запечатлён тревожный эпизод. Машина серого цвета, не включив поворотник, начала поворачивать во двор. В этот момент ко въезду как раз подходил мальчик – н"
2026-09-02 12:15,article,"«Охота на дикарей»: зелень тает, автопарк растёт",https://dzen.ru/a/apgZKlE6NU7DeD1z,2,0,6,"Если вы стали свидетелем подобного хамства, присылайте фотографии нарушителей нам в мессенджере «Макс» по номеру 8 924 600-72-34."
2026-09-02 12:00,article,Сотрудники Эн+ посвятили в студенты первокурсников Братского государственного университета,https://dzen.ru/a/apgR11E6NU7Dd_Zi,11,0,153,В следующем году Братскому государственному университету исполнится 70 лет. Подготовка энергетиков исторически остаётся одним из ключевых направлений вуза: именно энергетический факультет стал первым 
2026-09-02 11:45,article,Братск присоединится к масштабной экологической акции «360»,https://dzen.ru/a/apgR11E6NU7Dd_Zj,4,0,76,"У братчан появилась возможность сделать город чище. 12 сентября в России пройдет Межрегиональная экологическая акция «360». К ней присоединятся жители Иркутской области, Москвы, Волгоградской и Нижего"
2026-09-02 09:49,article,Завершение капремонта Дома спорта им. Ленинского комсомола в Братске перенесли на 2027 год,https://dzen.ru/a/apfyTVE6NU7Ddq0S,5,0,55,"Капитальный ремонт Дома спорта имени Ленинского комсомола в жилом районе Падун затянется ещё на год. Администрация города опубликовала в официальном вестнике постановление № 1302 от 01.09.2026 года, к"
2026-09-02 09:30,article,Главные причины возгораний в Братске и районе назвали в МЧС,https://dzen.ru/a/apftZ8pJF0LmI0Bo,3,0,84,"43 пожара зафиксировали на территории Братска и района в последний месяц лета. 40 возгораний произошло в городе, 3 – в Братском районе. По данным МЧС, главными причинами стали нарушения при эксплуатац"
2026-09-02 09:20,article,Погода в Братске 3 сентября,https://dzen.ru/a/apfrxVE6NU7DdmbZ,4,0,7,"В ночь на четверг в Братске +6°. Днём до +12°. Пасмурно, небольшой дождь. Ветер северо-западный, до 12,7 м/с. Атмосферное давление – 722 мм рт. ст."
2026-09-02 09:01,article,В Братске выставили на торги бывший лекционный зал запрещённой секты,https://dzen.ru/a/apfpyFE6NU7DdlIQ,6,0,73,Бывший Зал царства «Свидетелей Иеговы» (организация запрещена в России) выставили на торги в Правобережном районе Братска. Начальная цена одноэтажного деревянного здания 1956 года постройки вместе с з
2026-09-02 08:00,article,Более 300 студенток Иркутской области получили пособие по беременности и родам,https://dzen.ru/a/apfYpspJF0LmImQX,2,0,69,В Иркутской области за год более 300 студенток получили пособие по беременности и родам. Общий объём выплат достиг 32 миллионов рублей. С 1 сентября 2025 года эту меру поддержки предоставляют по новым
2026-09-02 07:56,article,"6 сентября в Братске на 9,5 часов перекроют участок улицы Наймушина в Братске",https://dzen.ru/a/apfXNFE6NU7DdYxy,13,0,34,В воскресенье в Братске состоится масштабное празднование Дня работников нефтяной и газовой промышленности. Оно пройдёт на площади у Дворца искусств в жилом районе Энергетик. И потому 6 сентября плани
2026-09-02 07:03,article,Иски почти на 20 млн рублей подал на поставщика троллейбусов из Вологды КУМИ Братска,https://dzen.ru/a/apfLu8pJF0LmId85,3,0,100,Комитет по управлению муниципальным имуществом администрации Братска направил в Арбитражный суд Иркутской два иска почти на 20 млн рублей к Торговому дому «Транс-Альфа» из Вологды. Они связаны с проср
2026-09-02 06:33,article,2 сентября на дорогах Братска и Братского района проходят операции «Мототранспорт» и «Начинающий водитель»,https://dzen.ru/a/apfEMVE6NU7DdNKT,10,0,75,Сегодня на дорогах Братска и Братского района сотрудники Госавтоинспекции проводят два профилактических мероприятия. Одно из них направлено на профилактику ДТП с участием недавних выпускников автошкол
2026-09-02 05:20,article,Полицейские в Братске установили участников драки на бульваре Победы – им 14 и 15 лет,https://dzen.ru/a/apeyvFE6NU7DdDLi,43,0,99,По результатам мониторинга социальных сетей сотрудники полиции в Братске организовали проверку по сообщению о подростковой драке. Участников конфликта уже установили – им 14 и 15 лет. Сейчас решают во
2026-09-02 05:15,article,Ещё трое братчан встали на защиту Родины,https://dzen.ru/a/apeyCcpJF0LmIPWb,5,0,53,"Сегодня ранним утром ещё троих добровольцев проводили от здания мэрии на сборный пункт в Шелехов. Братчане приняли непростое решение встать на защиту Родины, и в важный момент рядом с ними были самые "
2026-09-02 04:47,article,Начальником управления по Падунскому району администрации Братска назначен Константин Грибанов,https://dzen.ru/a/aperKMpJF0LmILni,6,0,55,"Стало известно о назначении нового начальника управления по Падунскому району администрации Братска. Этот пост занял Константин Грибанов, долгое время работавший заместителем начальника управления по "
2026-09-02 04:04,article,"Водитель и пассажир погибли, вылетев в лес с федеральной трассы в Братске. Нужна помощь свидетелей",https://dzen.ru/a/apeg61E6NU7Dc5up,16,0,47,"Сотрудники Госавтоинспекции ищут свидетелей смертельного ДТП, случившегося накануне поздно вечером на трассе у Центрального района Братска. Об этом сообщает Братская студия телевидения со ссылкой на О"
2026-09-02 03:20,article,"2 автомобиля, гараж и производственный цех горели в выходные в Братске",https://dzen.ru/a/apeWpMpJF0LmIBSL,7,0,79,Пять пожаров потушили за минувшие четыре дня в Братске. Об этом сообщает Братская студия телевидения со ссылкой на оперативную информацию администрации города. Вечером 31 августа едва не сгорел двухэт
2026-09-02 01:56,article,3 человека пострадали в аварии на перекрёстке Ленина-Подбельского в Братске,https://dzen.ru/a/apeFo8pJF0LmH5fO,7,0,44,"«Китаец разобрался об „Жигули“», – писали в одном из братских пабликов в социальных сетях об очередном ДТП на пересечении проспекта Ленина и улицы Подбельского. Днём 31 августа там столкнулись импортн"
2026-09-02 01:39,article,11-летний мотоциклист сбил 4-летнего пешехода в деревне Кардой Братского района,https://dzen.ru/a/apeFo1E6NU7Dcs5_,11,0,61,"ДТП, участниками которого стали дети, расследуют сотрудники Госавтоинспекции в Братском районе. Об этом сообщает Братская студия телевидения со ссылкой на ОГАИ МУ МВД России «Братское». 30 августа око"
2026-09-02 01:00,article,Здоровый образ жизни для детей: строим привычки с умом,https://dzen.ru/a/apeFo8pJF0LmH5fP,1,0,327,"Эксперты подчёркивают: здоровье ребёнка во многом зависит от повседневных решений семьи. И хорошие новости в том, что начинать никогда не поздно, а шаги могут быть совсем небольшими – главное, чтобы о"
2026-09-01 13:00,article,Гороскоп на 2 сентября: кого поджидает удача,https://dzen.ru/a/apbNoVE6NU7DbMbt,155,0,41,"♈️ Овны, вы наконец приобретёте вещь, о которой давно мечтали. ♉️ Тельцы, встречайте вдохновение с распростёртыми объятиями – оно вам понадобится. ♊️ Близнецы, в среду вы научитесь твёрдо и вежливо от"
2026-09-01 12:34,video_long,В селе Тангуй ищут оптимальный способ обращения с отходами,https://dzen.ru/video/watch/6a96c3d87c4e036f68625ca3,19,0,276,
2026-09-01 12:33,video_long,Звезда греко-римской борьбы Сергей Емелин провёл мастер-класс в спортивном центре «Сокол» в Братске,https://dzen.ru/video/watch/6a96c3fdb6ac4a651a370e01,4,0,162,
2026-09-01 12:33,video_long,РУСАЛ и образование: 140 студентов приступили к обучению по востребованным специальностям в БрИМТе,https://dzen.ru/video/watch/6a96c40f211fcc090ce5adc2,15,0,153,
2026-09-01 12:32,video_long,Братская православная гимназия отметила 30-летний юбилей,https://dzen.ru/video/watch/6a96c3a98ad0ad4c3dc5ad67,14,0,203,
2026-09-01 11:36,article,Будущие сотрудники БрАЗа сели за парты «Профессионалитета»,https://dzen.ru/a/apa32VE6NU7Da_uN,2,0,108,"«Профессионалитет» – это обновлённый формат среднего профессионального образования, нацеленный на ускоренную подготовку специалистов для конкретных работодателей. Упор делают на практику, которую можн"
2026-09-01 11:25,article,Звезда греко-римской борьбы Сергей Емелин провёл мастер-класс в спортивном центре «Сокол» в Братске,https://dzen.ru/a/apa2OlE6NU7Da-v0,0,0,108,"Сергей ЕМЕЛИН, заслуженный мастер спорта по греко-римской борьбе: «Приветствую спортсменов, гостей, родителей. Очень рад приехать и прежде всего, хотел бы сказать слова благодарности Дерипаска Олегу В"
2026-09-01 10:45,article,Перед выбором: подготовка к выборам депутатов в Госдуму и довыборам в Думу Братска продолжается,https://dzen.ru/a/apatdiWD6W9q6GA3,14,0,100,"Выборы парламентариев пройдут 18, 19 и 20 сентября. Все три дня избирательные участки будут работать с 8 до 20 часов. Братчане получат два бюллетеня. В одном надо проголосовать за кандидата по 98-му о"
2026-09-01 10:30,article,В двух авариях в Братске и районе пострадали люди,https://dzen.ru/a/apaqovWX808cAre5,9,0,35,"В Братске и Братском районе произошли две аварии с пострадавшими. Так, 30 августа около девяти вечера в деревне Кардой на улице Сосновой 11-летний школьник за рулём мопеда наехал на 4-летнего ребёнка."
2026-09-01 10:20,article,Братская православная гимназия отметила 30-летний юбилей,https://dzen.ru/a/apanUPWX808cApai,3,0,98,"У дверей Братской православной гимназии духовой оркестр встречал гостей, задавая праздничное настроение. Важное событие объединило учеников, родителей, педагогов и выпускников: для многих это не прост"
2026-09-01 09:55,article,В селе Тангуй ищут оптимальный способ обращения с отходами,https://dzen.ru/a/apaiuSWD6W9q5_vq,9,0,194,"«Тангуй – судьба моя! » – простые, но тёплые слова, которые встречают каждого на входе в местный Дом культуры. 27 августа здесь собрались неравнодушные жители и представители администрации, чтобы вмес"
2026-09-01 09:41,article,В аэропорту Усть-Кута в срок закончили капремонт взлетно-посадочной полосы,https://dzen.ru/a/apaeVvWX808cAklo,3,0,108,"31 августа в аэропорту Усть-Кута сел самолёт, на котором в город прилетел губернатор Иркутской области Игорь Кобзев. Визит главы региона был посвящён завершению первого этапа капитального ремонта взлё"
2026-09-01 09:20,article,Погода в Братске 2 сентября,https://dzen.ru/a/apaaVPWX808cAidi,4,0,7,"В ночь на среду в Братске +6°, небольшой дождь. Днём до +14°, малооблачно. Ветер юго-восточный, до 8,5 м/с. Атмосферное давление – 722 мм рт. ст."
2026-09-01 09:12,article,«Ваш докторъ»: забота о здоровье всей семьи,https://dzen.ru/a/apaYqyWD6W9q56dm,6,0,80,"Здоровье – самое ценное, что у нас есть. И когда оно требует внимания, важно попасть к настоящим профессионалам – тем, кто не просто поставит диагноз, а поможет разобраться в проблеме и выстроить путь"
2026-09-01 08:35,article,В Слюдянском районе запретили школьные линейки на улице из-за медведей,https://dzen.ru/a/apaOiyWD6W9q506x,30,0,89,"Мэр Слюдянского района Алексей Шульц сообщил о беспрецедентных мерах безопасности, связанных с участившимися случаями выхода медведей к человеческому жилью. Так, директорам школ поступило распоряжение"
2026-09-01 07:37,article,Услуги 3 городских бассейнов подорожали в Братске,https://dzen.ru/a/apaBViWD6W9q5uXw,7,0,84,Сегодня в Братске возобновил работу бассейн в спортивном комплексе «Солнечный». Завтра откроют для любителей плавания бассейн в СК «Таёжный». Дата начала свободного плавания в СК «Олимпия» пока неизве
2026-09-01 06:56,article,Новый сквер в ж/р Осиновка Братска планируют открыть 11 сентября,https://dzen.ru/a/apZ3aCWD6W9q5pCe,4,0,57,"Открытие нового сквера, который нынешним летом благоустраивали на улице Томской в жилом районе Осиновка, запланировано на пятницу, 11 сентября. Об этом сообщает Братская студия телевидения. Комитет эк"
2026-09-01 05:06,article,"1 человек погиб, 7 пострадали при взрыве газа на Ковыктинском месторождении на севере Иркутской области",https://dzen.ru/a/apZd-CWD6W9q5bjN,16,0,35,"Разрыв трубопровода произошёл 31 августа во время испытаний на Ковыктинском газоконденсатном месторождении в Казачинско-Ленском районе. Один работник погиб на месте, семерых увезли в больницу. По пред"
2026-09-01 03:19,article,Дума Братского района отменила решения о присвоении звания почётного гражданина своему спикеру и депутату,https://dzen.ru/a/apZE6fWX808c_2Q8,143,3,73,В Думе Братского района 26 августа отменили скандальное решение о присвоении звания почётных граждан действующему спикеру Светлане Коротченко и заместителю председателя Елене Ясинской. Об этом сообщае
2026-09-01 02:45,article,"В Братске застрелили ещё 4 медведей, которые в поисках пищи пришли к людям",https://dzen.ru/a/apY9t_WX808c_yf5,44,4,59,"Сотрудники Службы по охране и использованию объектов животного мира Иркутской области оповестили о ликвидации ещё четверых медведей, которые искали пропитания у человеческого жилья в Братске. Об этом "
2026-09-01 01:48,article,Суд в Братске вынес приговор об осквернении Мемориала Славы,https://dzen.ru/a/apYwHPWX808c_rq4,73,1,141,Суд в Братске поставил точку (хотя возможна апелляция) в деле об осквернении Мемориала Славы и вскрывшейся незаконной миграции. На скамье подсудимых оказались трое граждан Таджикистана и одна местная 
2026-08-31 13:03,article,Где в Братске плавает живой осётр?,https://dzen.ru/a/apV8kvWX808c-MO4,14,0,72,В Братске тысячи осетров с комфортом растут и плещутся в специальных бассейнах на ферме «Братский Осётр». Благодаря ферме гости и жители города могут в любое время года позволить себе купить свежайшую
2026-08-31 13:00,article,Гороскоп на 1 сентября: у кого много возможностей,https://dzen.ru/a/apV7fyWD6W9q3lUw,113,1,43,"♈️ Овны, постарайтесь не влиять на ход событий в данный момент. ♉️ Тельцы, не бойтесь разочарований - они превратятся в прекрасный опыт. ♊️ Близнецы, постарайтесь свести к минимуму ненужные встречи. ♋"
2026-08-31 12:15,video_long,Впервые за много лет в Братске прошёл общегородской крестный ход,https://dzen.ru/video/watch/6a956eda6343b765fe791e83,27,0,182,
2026-08-31 12:15,video_long,Лето проводили спортивно: в Вихоревке прошёл сап-фестиваль,https://dzen.ru/video/watch/6a956f0f6343b765fe79a15d,8,0,242,
2026-08-31 12:14,video_long,Рёв моторов и битва децибелов: в Братске прошли соревнования по автозвуку,https://dzen.ru/video/watch/6a956f5584ef574bc5d3c064,21,0,158,
2026-08-31 12:13,video_long,«Большая разминка»: в Братске прошла финальная тренировка сезона,https://dzen.ru/video/watch/6a956eb8392ba733ee36c534,14,0,177,
2026-08-31 11:45,article,"Юнкоры МедиаКлуба БСТ рассказали о творчестве, общении и планах",https://dzen.ru/a/apV0LyWD6W9q3haX,2,0,52,"Видеосъёмка, интервью, нейросети, работа с телеведущим в кадре – всё это уже прошли юнкоры МедиаКлуба БСТ. В этом сезоне ребята придут снова и будут постигать медиавершины. Варвара ГОВОРИНА, юнкор Мед"
2026-08-31 11:27,article,Рёв моторов и битва децибелов: в Братске прошли соревнования по автозвуку,https://dzen.ru/a/apVkoPWX808c9_LV,6,0,106,"Автозвук – это не просто соревнования в духе «кто громче, тот и победил». Это полноценный технический спорт, где важен расчёт, знание электроники и акустики. Состязания проходили в трёх основных номин"
2026-08-31 11:15,article,«Большая разминка»: в Братске прошла финальная тренировка сезона,https://dzen.ru/a/apVkoPWX808c9_LU,3,0,108,Стадион «Космос» вновь стал центром притяжения для активных братчан: здесь прошло заключительное занятие проекта «Большая разминка». Под руководством тренера Оксаны Екимовой участники погрузились в ми
2026-08-31 10:55,article,Впервые за много лет в Братске прошёл общегородской крестный ход,https://dzen.ru/a/apVhBvWX808c99QB,3,0,97,"Светлана ДРОЗДОВА, участница крестного хода: «Сегодня – очень значимое событие: в нашем центральном соборе состоялось богослужение, в котором приняли участие все священники города. Такое редко бывает,"
2026-08-31 10:46,article,Лето проводили спортивно: в Вихоревке прошёл сап-фестиваль,https://dzen.ru/a/apVbKiWD6W9q3To7,5,0,161,"Тёплый солнечный день, лёгкий бриз и водная гладь, которую рассекают десятки ярких досок. Река Убь по большей части спокойная и неглубокая, но даже на ней могут встретиться трудности. Роман ДРУЖИНИН, "
2026-08-31 10:35,article,Штормовое предупреждение: 1 сентября Братск ждёт непогода,https://dzen.ru/a/apVZhyWD6W9q3SwX,8,0,14,"Братчанам предстоит подготовиться к непогоде. Так, синоптики Иркутского гидрометеоцентра объявили штормовое предупреждение. В День знаний, 1 сентября, местами по области пройдут сильные дожди, не искл"
2026-08-31 10:15,article,Погода в Братске 1 сентября,https://dzen.ru/a/apVVgyWD6W9q3Qjl,8,0,10,"В ночь на вторник в Братске +13°. В середине дня до +21°. А к вечеру резко похолодает – до +9°. Пасмурно, возможен дождь. Ветер западный, северо-западный, до 19,1 м/с. Атмосферное давление – 714 мм рт"
2026-08-31 10:03,article,Свыше миллиона рублей перевела «брокерам»-аферистам 41-летняя жительница Братска,https://dzen.ru/a/apVS5CWD6W9q3O_u,5,0,48,Две жительницы Братска в минувшие выходные обратились в полицию с заявлением о хищении крупной суммы. Дочь поверила в легенду о дополнительном заработке на инвестициях и убедила мать присоединиться. О
