published_at,type,title,url,views,comments,size_sec,lead
2026-09-19 07:33,article,В Нижнеудинском районе подростков будут судить за поджог на железной дороге,https://dzen.ru/a/aq47PB3cWgqrOTei,0,0,39,"Транспортные полицейские установили несовершеннолетних, причастных к поджогу железнодорожного оборудования в Нижнеудинском районе. Подростки предстанут перед судом по обвинению в террористической деят"
2026-09-19 06:31,article,В Иркутске 14-летней пациентке удалили крупную кисту яичника,https://dzen.ru/a/aq4srUjUgT5jnaMy,4,0,45,"В практике иркутских врачей произошёл случай, потребовавший нестандартного подхода. 14-летняя девочка попала на приём после осмотра гинеколога — специалист обнаружил в толще яичника кистозное образова"
2026-09-19 05:24,article,«Октябрь будет холодным»: синоптики рассказали о погоде в Иркутске на октябрь 2026,https://dzen.ru/a/aq4eOEjUgT5jnU19,24,0,73,"Погода в Иркутске в октябре 2026 обещает быть холоднее обычного. Синоптики уже рассказали КП-Иркутск, чего ждать жителям региона до конца месяца и в октябре. По предварительным прогнозам синоптиков, с"
2026-09-19 05:23,article,Восьмерых участников ОПГ будут судить за кражу 136 тонн нефти,https://dzen.ru/a/aq4eOkjUgT5jnU2A,3,0,58,В Пермском крае завершено расследование громкого дела о попытке хищения нефти из трубопровода. Перед судом предстанут восемь участников организованной группы — их обвиняют в покушении на кражу в особо
2026-09-19 05:07,article,В Байкальске из-за комендантского часа избирателей развезут по участкам,https://dzen.ru/a/aq4Y00jUgT5jnS9L,378,0,33,"Для избирателей в Байкальске организовали работу специального транспорта. Причина — комендантский час, который в городе действует с 19:00. Его ввели из-за режима повышенной готовности: в населённый пу"
2026-09-19 04:13,article,Госавтоинспекция в Шелехове разбирается в ДТП с двумя детьми на самокате,https://dzen.ru/a/aq4MI05PhhqP5Y7B,10,0,57,"В Шелехове сотрудники Госавтоинспекции устанавливают все обстоятельства дорожной аварии, в которой пострадали двое несовершеннолетних — 15-летний водитель электросамоката и его 5-летний пассажир. - По"
2026-09-19 03:40,article,На выборах в Иркутской области проголосовали 101-летняя и 90-летний долгожители,https://dzen.ru/a/aq4E-d8hLg35qmfb,3,0,29,В Шелеховском районе на избирательный участок выборов в Госдуму пришли сразу два долгожителя — 101-летняя Зинаида Михайловна Усенко и 90-летний Александр Петрович Ошаров. Оба признаются: не пропустили
2026-09-19 02:42,article,В Слюдянском районе через суд взыскали компенсацию за травму подростка в ДТП,https://dzen.ru/a/aq321t8hLg35qh3c,2,0,43,"Прокуратура Слюдянского района провела проверку после обращения местной жительницы. Женщина просила защитить права своего 14-летнего сына, пострадавшего в дорожной аварии. - Как выяснилось, 28 марта 2"
2026-09-19 02:05,article,В Иркутске 19 сентября ожидается дождь и до +18,https://dzen.ru/a/aq3uNkjUgT5jnEja,11,0,29,"В субботу, 19 сентября, в Иркутске ожидается переменная облачность и кратковременный дождь. В пригородной зоне возможна гроза. Ветер северо-западный, 6–11 м/с. Температура днём +16…+18. - В Иркутской "
2026-09-19 02:00,article,Выборы в Госдуму в Иркутске 19 сентября 2026: начался второй день голосования,https://dzen.ru/a/aq3tZEjUgT5jnEOZ,283,0,134,"Выборы в Госдуму в Иркутске 19 сентября 2026 идут полным ходом — сегодня второй день. Голосование растянуто на три дня, 18, 19 и 20 сентября, и все они равнозначны. Участки принимают избирателей с 8:0"
2026-09-18 22:00,article,Что произошло в Иркутской области в ночь на 19 сентября: последние новости,https://dzen.ru/a/aq200d8hLg35qKtD,567,0,125,В Байкальске ввели комендантский час из-за нападений медведей Администрация Байкальска ввела режим повышенной готовности и строгие ограничения. Причина — участившиеся в регионе нападения медведей на л
2026-09-18 14:42,article,"В первый день выборов в Госдуму в Иркутской области проголосовали 14,2%",https://dzen.ru/a/aq1OIx3cWgqrNlxp,100,0,38,"Первый день голосования на выборах депутатов Государственной Думы в Иркутской области завершился с явкой 14,2%. К урнам пришли 257 698 избирателей. По округам картина распределилась так: в округе № 95"
2026-09-18 13:20,article,В Зиме водитель «ВАЗа» насмерть сбил 64-летнего пешехода,https://dzen.ru/a/aq07RN8hLg35pYTm,1,0,44,"В Зиме полицейские выясняют обстоятельства ДТП, в котором погиб пешеход. Трагедия произошла накануне около 20 часов на улице 5-й Армии. - По предварительным данным, 20-летний водитель «ВАЗ 21063» сове"
2026-09-18 12:53,article,Жителей Эхирит-Булагатского района предупредили о фейках про медведей,https://dzen.ru/a/aq00ux3cWgqrNfut,67,0,66,Вечером 17 сентября около 17:00 в Эхирит-Булагатском районе поступило сообщение: с горы Хандагай в сторону посёлка Усть-Ордынский якобы спускается медведь. - На проверку выехали две оперативные группы
2026-09-18 12:53,article,«За сутки поступило 28 обращений»: рассказываем о ситуации с медведями в Республике Бурятия 18 сентября 2026,https://dzen.ru/a/aq02Yh3cWgqrNgHR,30,0,163,Ситуация с медведями в Республике Бурятия 18 сентября 2026 остаётся сложной. За минувшие сутки в Бурприроднадзор поступило 28 обращений о выходах медведей в населённые пункты. По всем сигналам госохот
2026-09-18 12:08,article,Житель Байкальска незаконно выловил рыбу на 400 тысяч рублей,https://dzen.ru/a/aq0qf0jUgT5jl0Wv,5,0,41,Во время рейда у выхода из реки Тугариха в урочище «Маяк» полицейские Улан-Удэнского линейного отдела МВД на транспорте вместе с бойцами ОМОН «Шквал» и инспекторами рыбоохраны заметили мужчину на алюм
2026-09-18 11:34,article,В Иркутскую область поступили 15 новых машин скорой помощи,https://dzen.ru/a/aq0ibd8hLg35pNUS,41,0,71,18 сентября в Иркутскую область привезли 15 новых автомобилей скорой медицинской помощи класса В. Машины поступили по федеральному распределению — всего в этом году регионы страны получат 196 таких сп
2026-09-18 11:02,article,В Иркутске ремонт улицы Байкальской выполнен на 65%,https://dzen.ru/a/aq0bY98hLg35pKQ5,78,1,50,"В Иркутске подходит к концу обновление улицы Байкальской на отрезке от остановки «ВСИЭП» до Ржанова. Работы ведутся по двухлетнему контракту в рамках нацпроекта «Инфраструктура для жизни», готовность "
2026-09-18 10:36,article,"Школьница гуляла на улице, когда резко почувствовала жгучую боль. Осмотрев дочь, мать была в шоке",https://dzen.ru/a/aq0U698hLg35pHh3,151,0,89,"Обычный вечер в одном из дворов Улан-Удэ, прогулка с собакой, которая для 13-летней школьницы обернулась настоящим кошмаром. Девочка стала мишенью для неизвестного стрелка, который прятался за стенами"
2026-09-18 10:04,article,"Рассказываем, какая явка на выборах в Госдуму в Иркутской области на 18 сентября",https://dzen.ru/a/aq0ND98hLg35pEUB,143,2,52,"Явка на выборах депутатов Государственной Думы в Иркутской области на 15:00 18 сентября составила 9,31%. Это значит, что свои голоса уже отдали 168 816 избирателей. Об этом КП-Иркутск сообщили в Избир"
2026-09-18 09:59,article,В Киренском районе 22 работникам вернули долги по зарплате на 4 млн рублей,https://dzen.ru/a/aq0MVx3cWgqrNW2V,3,0,41,"Прокуратура Киренского района проверила, как местная коммерческая организация соблюдает трудовое законодательство, и обнаружила серьёзные нарушения. - Выяснилось, что с июля по декабрь 2025 года 22 со"
2026-09-18 09:43,article,В Иркутской области на выборах в думу голосуют в костюмах народов России,https://dzen.ru/a/aq0IVN8hLg35pCTz,56,0,30,В Иркутской области 18 сентября начались выборы в думу. Голосование продлится три дня — оно пройдёт с 18 по 20 сентября. В первый день на избирательных участках региона было оживлённо. Многие пришли о
2026-09-18 09:38,article,Испытания не проводили по понедельникам и 13 го числа: почему отец советских вертолётов верил в плохие приметы,https://dzen.ru/a/aq0HkU5PhhqP4koO,162,1,340,"20 сентября 2026 года исполняется 78 лет с того дня, как в небо поднялся первый советский вертолёт Ми-1. Дата не круглая, но знаковая: именно с этого полёта началась история вертолётостроения СССР. Ап"
2026-09-18 08:56,article,В Черемховском районе ветеринары спасли травмированного журавля,https://dzen.ru/a/aqz9wkjUgT5jlhQh,15,0,32,На Голуметский ветеринарный участок Черемховской станции по борьбе с болезнями животных принесли травмированного серого журавля. Птицу обнаружил житель села Голуметь — он нашёл её на пастбище и сразу 
2026-09-18 08:22,article,"В администрации Иркутска вновь напомнили, как вести себя при встрече с собаками",https://dzen.ru/a/aqz1Ck5PhhqP4gdA,65,1,64,"Мэрия Иркутска снова обратила внимание жителей на то, как правильно вести себя при встрече с безнадзорными собаками. Специалисты подчёркивают: чаще всего агрессия животных — это не врождённая злоба, а"
2026-09-18 08:12,article,"Стало известно, какие маршруты трамваев и автобусов отменят в Иркутске с 1 ноября 2026",https://dzen.ru/a/aqzzbUjUgT5jlc4B,82,0,110,"Отмененные трамваи и автобусы в Иркутске с 1 ноября 2026 — это часть масштабного обновления городской транспортной сети, которое затронет сразу несколько маршрутов. О том, как именно изменится схема д"
2026-09-18 07:43,article,В Иркутске женщину осудили на 6 лет за нападение на сожителя,https://dzen.ru/a/aqzsGU5PhhqP4eml,56,1,55,"Октябрьский районный суд Иркутска вынес приговор 46-летней местной жительнице. Её признали виновной в покушении на убийство. - Как доказал государственный обвинитель, 13 февраля 2026 года между подсуд"
2026-09-18 07:20,article,"«Не выдержала плача»: мать зверски расправилась с 2-месячным сыном с помощью шприцев, наблюдая за его мучениями",https://dzen.ru/a/aqzmkU5PhhqP4dZc,75,0,162,"Ночь. Обычный частный дом на окраине Улан-Удэ. Где-то в темноте просыпается двухмесячный ребёнок — голодный, мокрый, может, просто замёрз. Он плачет, как плачут все младенцы на свете. И этот крик стан"
2026-09-18 07:10,article,"«Я свечку не держал»: сибирячка сделала ДНК-тест, чтобы найти отца двоим детям. Результат искренне удивил бывшего мужа",https://dzen.ru/a/aqzl3t8hLg35ozF_,108,1,248,"В эфире федерального телеканала вышел выпуск ток-шоу «ДНК» про семью из Иркутской области. В студию пришла женщина, чтобы доказать экс-супругу, что он отец ее 6-летнего сына и полуторагодовалой дочери"
2026-09-18 07:03,article,"В Забайкалье банк вернет жертве мошенников 1,2 млн рублей",https://dzen.ru/a/aqzio0jUgT5jlV22,7,0,51,"Жительница Забайкалья держала в банке два накопительных вклада. Однажды ей позвонили неизвестные и сообщили о замене счетчика. Как сообщает ИА ChitaMedia, после разговора на телефон женщины проникла в"
2026-09-18 06:56,article,"В Иркутске иностранца осудили за контрабанду 2,4 млн рублей",https://dzen.ru/a/aqzg_x3cWgqrNNeW,47,0,31,"Октябрьский районный суд Иркутска вынес обвинительный приговор иностранному гражданину. Его признали виновным в контрабанде наличных. - Как установил суд, в апреле 2026 года мужчина собирался выехать "
2026-09-18 06:39,article,Смена в киоске едва не закончилась трагедией. Продавца пытались сжечь ради наживы,https://dzen.ru/a/aqzdGN8hLg35ovQf,4,0,56,"В Забайкальском крае завершили расследование дела о покушении на убийство, которое произошло 15 лет назад. Как сообщает ИА ChitaMedia со ссылкой на краевое СК, перед судом предстанут двое мужчин. - По"
2026-09-18 06:32,article,В Иркутске приставы взыскали с фирмы больше 900 тысяч в пользу работника,https://dzen.ru/a/aqzbhkjUgT5jlS04,67,1,46,Судебные приставы Свердловского отделения Иркутска помогли местному жителю добиться выплат от недобросовестного работодателя. Речь шла о задолженности за время вынужденного прогула с декабря 2025 года
2026-09-18 06:13,article,"В Иркутске суд взыскал с кофейни 20 тысяч за кофе, пролитый на клиента",https://dzen.ru/a/aqzWwN8hLg35ossr,21,0,45,"Октябрьский районный суд Иркутска рассмотрел дело против кофейни. Житель города потребовал компенсацию за ожог, который он получил по вине официанта. - Суд установил: работник кофейни пролил на посети"
2026-09-18 05:52,article,В Прибайкальском нацпарке закрыли большинство маршрутов из-за медведей,https://dzen.ru/a/aqzR_R3cWgqrNKYi,74,0,47,Из-за роста активности медведей в Прибайкальском национальном парке закрыли большинство туристических маршрутов. Из двух с половиной десятков троп для посещения оставили только девять. - Такое решение
2026-09-18 05:21,article,В Шелехове 15-летний подросток на электросамокате попал в ДТП с 5-летним братом,https://dzen.ru/a/aqzK6kjUgT5jlMRy,81,0,50,"Днем 16 сентября в 3-м микрорайоне Шелехова произошла авария. Как сообщили КП-Иркутск в региональной Госавтоинспекции, 15-летний подросток ехал на электросамокате вместе с 5-летним братом. На перекрес"
2026-09-18 04:58,article,"Жителю Бирюсинска вернут 1,1 миллиона рублей, украденных мошенниками",https://dzen.ru/a/aqzFW98hLg35ols1,3,0,47,"55-летний житель Бирюсинска стал жертвой мошенников. Как сообщили КП-Иркутск в региональной прокуратуре, в июне 2025 года он перешел по рекламной ссылке на сайт, где обещали заработок на бирже. В тот "
2026-09-18 04:35,article,КП-Иркутск проводит конкурс рисунков «Дети рисуют Победу»,https://dzen.ru/a/aqzAdU5PhhqP4V9q,0,0,54,Юные художники Иркутска и области могут принять участие в конкурсе рисунков в поддержку специальной военной операции. Его проводит «Комсомольская правда» в Иркутске. Заявки принимают с 18 сентября по 
2026-09-18 04:18,article,В Байкальске ввели комендантский час из-за нападений медведей,https://dzen.ru/a/aqy8dB3cWgqrNGh7,846,7,58,"Администрация Байкальска ввела режим повышенной готовности и строгие ограничения. Причина - участившиеся в области нападения медведей на людей, в том числе со смертельным исходом. Теперь ходить в лес "
2026-09-18 04:04,article,25 тысяч населения и плюс тысяча в год: как Хомутово стало спальным районом Иркутска,https://dzen.ru/a/aqy5LN8hLg35ohf3,92,1,126,"Хомутово выросло из сибирской слободы, основанной ещё в 1685 году, в настоящего гиганта, который вот-вот перерастёт статус сельского поселения. Сегодня это не просто самое большое село региона. Это на"
2026-09-18 03:51,article,В Киренском округе отстрелили 17 медведей,https://dzen.ru/a/aqy1-98hLg35ogQp,5,0,48,"В Киренском округе резко выросло число медведей рядом с поселками и дачами. За последние недели там добыли 17 особей. В администрации подчеркивают: это не охота, а вынужденная мера безопасности. Зверь"
2026-09-18 03:20,article,В поселке Усть-Ордынском школьники создали фейк о медведе с помощью нейросети,https://dzen.ru/a/aqyu6d8hLg35oeA1,20,0,65,Вечером 17 сентября чаты поселка Усть-Ордынского буквально взорвались. Сначала пришло сообщение: с горы Хандагай в сторону поселка спускается … медведь! На проверку сразу выехали две оперативные групп
2026-09-18 02:55,article,"Поиски медведя, растерзавшего двух мужчин, продолжаются в Киренском районе",https://dzen.ru/a/aqyonEjUgT5jlAfF,1077,4,68,"В Киренском районе продолжают искать медведя, который напал на трех сборщиков ягод. В сети появилась информация, что зверя обезвредили, но мэр округа Кирилл Свистелин в разговоре с КП-Иркутск опроверг"
2026-09-18 02:13,article,Инспекторы ДПС помогли роженице добраться до перинатального центра в Иркутске,https://dzen.ru/a/aqye9d8hLg35oYhj,32,0,37,Ранним утром 2 июля на улице Седова в Иркутске к экипажу ДПС подбежал взволнованный мужчина. В его машине была жена на последних месяцах беременности - у женщины начались схватки. - Инспекторы не разд
2026-09-18 01:48,article,Число жертв растет: ситуация с медведями в Иркутской области 18 сентября 2026 обостряется,https://dzen.ru/a/aqyYud8hLg35oWrp,163,2,195,"Ситуация с медведями в Иркутской области 18 сентября 2026 обостряется с каждым днем. Власти приняли решение ввести режим повышенной готовности там, где хищники выходят к людям, - а после новой трагеди"
2026-09-18 00:57,article,"Зоопсихолог объяснила, можно ли кормить кошку рыбой",https://dzen.ru/a/aqyNfB3cWgqrM-77,7,0,46,"Многие хозяева уверены, что рыба - исконная еда для кошек. Зоопсихолог Светлана Капустина рассказала, чем такое угощение может обернуться. - Главная опасность - сырая рыба. С ней питомец рискует подхв"
2026-09-18 00:30,article,45 лет назад под Железногорском-Илимским столкнулись Як-40 и Ми-8,https://dzen.ru/a/aqyHEk5PhhqP4M27,45,0,62,"Ровно 45 лет назад, 18 сентября 1981 года, в небе над Железногорском-Илимским столкнулись пассажирский Як-40 и вертолет Ми-8. Погибли 40 человек - все пассажиры и члены экипажей. В советские годы подр"
2026-09-18 00:00,article,Выборы в Госдуму в Иркутске 18 сентября 2026: стартовал первый день голосования,https://dzen.ru/a/aqx_5B3cWgqrM86s,52,0,160,"Выборы в Госдуму в Иркутске 18 сентября 2026 стартуют сегодня: в Приангарье открылся первый день голосования. Основной процесс растянется на три дня: отдать свой голос можно будет 18, 19 и 20 сентября"
2026-09-17 23:38,article,"Эксперт рассказал, какие продукты вызывают сонливость после обеда",https://dzen.ru/a/aqx6Rd8hLg35oNek,10,0,47,"Обед из фастфуда и выпечки часто вызывает резкий упадок сил и сонливость. Об этом NEWS.ru рассказал старший преподаватель Александр Умнов. - Причина - в резком скачке, а затем падении уровня глюкозы в"
2026-09-17 23:08,article,Небольшой дождь пройдет в Иркутске 18 сентября,https://dzen.ru/a/aqxzNUjUgT5jkwBH,13,0,33,"В Иркутске днем 18 сентября 2026 года потеплеет до +16…+18. Как сообщили КП-Иркутск в Иркутском Гидрометцентре, пройдет небольшой дождь. Будет дуть северо-западный ветер со скоростью до 5-10 метров в "
2026-09-17 22:00,article,Что произошло в Иркутске в ночь на 18 сентября 2026: последние новости,https://dzen.ru/a/aqxja0jUgT5jkqjk,106,0,43,"Медведь убил двух сборщиков ягод в Иркутской области, третий выжил чудом Хищник набросился внезапно. Двое мужчин — 65 и 55 лет — погибли на месте. Третьему удалось вырваться и добежать до людей. Именн"
2026-09-17 14:51,article,"Офтальмолог объяснила, почему уроки в полумраке портят зрение школьникам",https://dzen.ru/a/aqv-zkjUgT5jkF0E,4,0,57,"Если дети часто жалуются на тяжесть в висках и расплывчатые буквы, то дело не в лени или нагрузке. На самом деле виноват неправильный свет. Врач Екатерина Сороколад рассказала NEWS.ru, как организоват"
2026-09-17 14:21,article,18-летний геймер попал в реанимацию из-за энергетиков,https://dzen.ru/a/aqv4bEjUgT5jkDT-,6,0,57,"18-летний парень пил энергетики ночами напролет, играя за компьютером. Одну банку за другой. Сон сбился, организм работал на износ, но бодрость казалась бесконечной. А потом случилось страшное… Как со"
2026-09-17 13:51,article,«Не заметили смертельную язву…»: мужчина скончался на больничной койке из-за ошибки врача,https://dzen.ru/a/aqvxHkjUgT5jkAMw,62,0,62,"Мужчина попал в больницу в Ртищево с жалобами на плохое самочувствие, но правильный диагноз ему так и не поставили. Через три дня он умер… Как сообщает сетевое издание «Столица 58», суд признал, что в"
2026-09-17 12:59,article,Мошенники придумали новую схему обмана с доставкой товаров из интернет-магазинов,https://dzen.ru/a/aqvlGEjUgT5jj6-e,5,0,42,"Аферисты все чаще маскируются под продавцов на маркетплейсах. Доцент Финансового университета Петр Щербаченко рассказал, как они крадут данные банковских карт. - Схема простая, но коварная. Мошенники "
2026-09-17 11:36,article,Следователи выясняют обстоятельства гибели двух мужчин в Киренском районе,https://dzen.ru/a/aqvRwt8hLg35nMyZ,148,1,47,"Киренский межрайонный следственный отдел выясняет обстоятельства гибели двух местных жителей в лесу. Трагедия произошла 16 сентября. - По предварительным данным, трое сборщиков ягод находились в лесу "
2026-09-17 11:14,article,На трассе в Зиминском районе насмерть сбили пешехода,https://dzen.ru/a/aqvMEt8hLg35nKkC,4,0,45,"Ночью 17 сентября на 1606-м километре трассы Р-255 «Сибирь» в Зиминском районе произошла смертельная авария. Как сообщили КП-Иркутск в региональной Госавтоинспекции, около половины первого ночи водите"
2026-09-17 10:47,article,В Аларском районе родным погибших бойцов СВО передали государственные награды,https://dzen.ru/a/aqvFwd8hLg35nHvG,50,0,51,"16 сентября в администрации Аларского района прошла церемония вручения наград военнослужащим, погибшим в ходе специальной военной операции. Награды передали родным и близким героев. - Валерий Сюн-тюн "
2026-09-17 10:32,article,"«Уезжаю в Германию навсегда»: сибирячка ищет тетю, таинственно исчезнувшую 25 лет назад",https://dzen.ru/a/aqvCjR3cWgqrMZFo,76,0,203,"Парочка пожелтевших конвертов, несколько фотографий и старый адрес в Санкт-Петербурге - вот и все, что осталось у 50-летней Галины Хащенко из Иркутска от родной тети Татьяны. Последнее письмо от близк"
2026-09-17 10:04,article,В Иркутске восстановили 28 объектов культурного наследия за 13 лет,https://dzen.ru/a/aqu8Qt8hLg35nDqY,20,0,75,"В Иркутске подвели итоги работы агентства, которое занимается восстановлением памятников архитектуры. Как сообщили КП-Иркутск в городской администрации, за 13 лет вторую жизнь получили 25 объектов кул"
2026-09-17 09:29,article,Почти миллион пассажиров отправились в путешествия из аэропорта Иркутска за лето,https://dzen.ru/a/aquzYU5PhhqP3kUv,139,2,34,"Летом 2026 года из Иркутского аэропорта в поездки отправились 999 558 пассажиров. Из них 815 400 человек летали по России, а 184 158 - за границу. - Самым загруженным месяцем стал август. За него услу"
2026-09-17 09:13,article,Воздух в Иркутской области летом 2026 был чистым,https://dzen.ru/a/aquwRB3cWgqrMVKq,67,0,53,"Ученые географического факультета ИГУ изучили состояние воздуха в 13 городах Иркутской области и Забайкалья за август 2026 года. Эксперты пришли к выводу, что загрязнений почти нет. Станции мониторинг"
2026-09-17 09:00,article,"«Глаза в глаза друг другу смотрели»: сибиряк чудом спасся, когда огромный медведь насмерть задрал двух его друзей в лесу",https://dzen.ru/a/aqu2n0jUgT5jjm79,1770,1,209,"В Иркутской области произошла трагедия. Трое сборщиков ягод искали бруснику, а встретили на пути огромного медведя. Двое мужчин погибли, третий – спасся чудом. Корреспондент КП-Иркутск связалась с род"
2026-09-17 08:40,article,Режим повышенной готовности вводят в районах Иркутской области из-за медведей,https://dzen.ru/a/aquoOt8hLg35m7GR,344,1,64,Из-за частых выходов медведей к жилью в Иркутской области рекомендовали ввести режим повышенной готовности. Такое решение приняли на заседании рабочей группы по защите населения. Как сообщили КП-Иркут
2026-09-17 08:36,article,Депутаты Заксобрания посетили Нижнеудинск,https://dzen.ru/a/aqunbk5PhhqP3hzS,5,0,82,"Депутаты областного парламента продолжают рабочую поездку по территориям Иркутской области. В Нижнеудинске они посетили несколько важных объектов и первым из них стала площадка, на которой возводится "
2026-09-17 08:12,article,Жителя Иркутска осудили на 8 лет за финансирование террористов через мессенджер,https://dzen.ru/a/aquh2t8hLg35m4nK,962,1,40,"35-летний житель Иркутска отправлял деньги международной террористической организации. Как сообщает МВД и СУ СКР региона, с ноября 2024 года по январь 2026-го он переводил средства через один из мессе"
2026-09-17 07:51,article,«Пенсию выдаем только в цифровых рублях»: рассказываем о новых уловках мошенников,https://dzen.ru/a/aquccR3cWgqrMRII,8,0,49,"Мошенники придумали новую уловку для обмана пенсионеров. «МК в Чите» передает, что жулики звонят и представляются работниками банков или госслужб. Затем сообщают ложную информацию: якобы пенсии и посо"
2026-09-17 07:51,article,"В Ангарске мужчину осудили за обман покупателей авто на 8,7 млн рублей",https://dzen.ru/a/aqucXUjUgT5jjbtd,15,0,59,"Ангарский городской суд вынес приговор 29-летнему местному жителю. Его признали виновным в четырёх эпизодах мошенничества. Как доказал государственный обвинитель, в апреле 2024 года мужчина решил неза"
2026-09-17 07:37,article,"В Забайкалье ищут медведя, напавшего на быка",https://dzen.ru/a/aquZOk5PhhqP3fEb,30,0,63,В селе Улёты Забайкалья медведь напал на быка. Хищник до сих пор не найден. Из-за этого в администрации округа собрали экстренный штаб со всеми службами реагирования. Ситуацию взяли на особый контроль
2026-09-17 07:29,article,Пик любви в Аршане - под запретом: в Тункинском нацпарке из-за медведей закрыли все туристические маршруты,https://dzen.ru/a/aquXlE5PhhqP3euX,110,0,91,Тункинский национальный парк в Бурятии временно закрыл для посещения все экологические тропы и туристические маршруты. Ограничения действуют с 17 сентября по 15 октября включительно. - Решение принято
2026-09-17 07:22,article,"Сибирячка выбирала новую квартиру, как вдруг раздался звонок. После него жизнь матери и сына превратилась в кошмар",https://dzen.ru/a/aquV3k5PhhqP3eaC,34,0,49,"Мать погибшего бойца собиралась купить квартиру. На руках у нее были наличные - выплаты за старшего сына, который не вернулся с СВО. А потом позвонили «сотрудники ФСБ и Центробанка». И заявили, что с "
2026-09-17 07:03,article,Жительницу Забайкалья оштрафовали за фейковые фото медведей,https://dzen.ru/a/aquRMN8hLg35mx2x,3618,0,40,"В начале сентября чаты Дульдургинского округа Забайкалья буквально взорвались: «Медведи вышли к селу!» Фото косолапых разлетались по группам, люди не на шутку перепугались. Вот только фото оказались ф"
2026-09-17 06:53,article,"Ушли в лес втроем, вернулся только один: в Иркутской области медведь загрыз двух сборщиков ягоды",https://dzen.ru/a/aquPqUjUgT5jjWfA,2044,11,116,"Сезон сбора дикоросов обернулся новой трагедией. В Киренском районе Иркутской области медведь напал на группу мужчин, которые отправились за ягодой. Инцидент произошёл в лесном массиве в районе села К"
2026-09-17 06:40,article,В Забайкалье охотоведы следят за медведями с помощью беспилотников,https://dzen.ru/a/aquLs98hLg35mvta,14,0,61,"Государственные инспекторы Охотуправления Забайкалья начали обследовать территории с помощью беспилотников. Как сообщает ZabNews со ссылкой на краевое Минприроды, дроны помогают быстро отслеживать вых"
2026-09-17 06:33,article,"Вместо ребёнка был скелет, а голова «шевелилась» от вшей: 12-летний мальчик умирал от голода, пока мать жила своей жизнью",https://dzen.ru/a/aquKEkjUgT5jjUTI,301,5,323,"Одно из самых страшных уголовных дел последних лет в Иркутской области. Многодетная мать позволила собственному сыну медленно угасать в квартире, полной тараканов и плесени. «КП — Иркутск» восстанавли"
2026-09-17 06:12,article,"В Иркутском районе через суд вернули в оборот 2,3 га сельхозземель",https://dzen.ru/a/aquFXt8hLg35mtg8,156,0,44,"Прокуратура Иркутского района проверила, как исполняется законодательство об обороте земель сельскохозяйственного назначения. Специалисты Россельхознадзора обнаружили нарушения при использовании двух "
2026-09-17 05:01,article,Из-за вспышки дерматита у коров в Хомутовском округе объявили режим ЧС,https://dzen.ru/a/aqt0e0jUgT5jjMbi,26,0,92,В Хомутовском административном округе с 16:00 16 сентября действует режим чрезвычайной ситуации. Поводом стало распространение заразного узелкового дерматита среди крупного рогатого скота. Решение при
2026-09-17 04:31,article,"В Слюдянке 10-летний мальчик попал под УАЗ, перебегая дорогу",https://dzen.ru/a/aqtuCd8hLg35mlb0,13,0,44,"Госавтоинспекция Слюдянского района выясняет обстоятельства ДТП, в котором пострадал несовершеннолетний пешеход. - Инцидент произошёл накануне около 19 часов на улице Парижской Коммуны в Слюдянке. По "
2026-09-17 03:59,article,Прокуратура в Усть-Куте помогла бойцу СВО отменить долг за отопление,https://dzen.ru/a/aqtmJEjUgT5jjHco,2,0,29,"Прокуратура Усть-Кута проверила, как начисляют плату за коммунальные услуги, после обращения члена семьи участника специальной военной операции. - Выяснилось, что в жилом помещении, принадлежащем бойц"
2026-09-17 03:50,article,"«Выстроить кур в шеренгу, а потом в МФЦ?»: что на самом деле значит учёт домашней птицы и о чём переживают сельские жители",https://dzen.ru/a/aqtjyh3cWgqrMG8X,2,0,257,"— Несушки мои четыре семьи кормят: трёх дочерей с детьми и меня с мужем, — рассказывает про своих кур 64-летняя Вера Бизимова. — В магазине яйца вообще не покупаем. Женщина 9 лет назад переехала из Ир"
2026-09-17 03:43,article,"Женщина получила от коллеги сообщение, которое та не отправляла: «В клинику придет человек за деньгами, встреть»",https://dzen.ru/a/aqtjy98hLg35mh6H,100,0,96,"Две жительницы Бурятии оказались на волоске от потери денег, но в последний момент сумели разглядеть обман. Обе истории - как учебник по цифровой грамотности: мошенники действовали по отработанным схе"
2026-09-17 02:54,article,Лесозаготовители в Братском районе заплатят 5 млн за вред охотничьим угодьям,https://dzen.ru/a/aqtXHEjUgT5jjCR2,127,0,35,"Прокуратура Братского района проверила, как исполняется законодательство об охране окружающей среды и животного мира. - Выяснилось, что в 2025 году на территории района по договорам аренды велась заго"
2026-09-17 02:31,article,В Братске отопительный сезон стартует 17 сентября,https://dzen.ru/a/aqtRrN8hLg35mcFW,3,0,36,"В Братске определились с датой старта отопительного сезона. Соответствующее постановление подписал мэр города Братск - тепло в домах и учреждениях города начнут подавать уже сегодня, 17 сентября. - Пе"
2026-09-17 02:00,article,«130 обращений поступило за месяц»: ситуация с медведями в Иркутской области 17 сентября 2026,https://dzen.ru/a/aqtNm98hLg35mawj,5,0,225,Ситуация с медведями в Иркутской области 17 сентября 2026 вышла на новый уровень — власти переходят к экстренным мерам. На заседании рабочей группы по регулированию численности хищников под руководств
2026-09-17 01:57,article,"В Усть-Куте изъяли 107 немаркированных курток, шуб и пальто",https://dzen.ru/a/aqtKd0jUgT5ji-bH,39,2,59,"В Усть-Куте полицейские пресекли продажу немаркированной верхней одежды. Отдел экономической безопасности и противодействия коррупции местного отдела МВД изъял из оборота 107 курток, пальто и шуб. - П"
2026-09-17 01:33,article,В Иркутске завершается ремонт улицы Курганской,https://dzen.ru/a/aqtD1B3cWgqrMB3o,13,0,60,"В Иркутске на финишную прямую вышел ремонт дороги на улице Курганской. Как продвигаются работы на участке от Трактовой до дома № 11б на Берегу Ангары, оценил мэр Руслан Болотов. Контракт рассчитан на "
2026-09-17 00:58,article,В Слюдянке простились с бойцом СВО Максимом Фёдоровым,https://dzen.ru/a/aqs7-x3cWgqrMAp8,477,0,50,"В Слюдянке простились со своим земляком - Максимом Олеговичем Фёдоровым, погибшим в зоне проведения специальной военной операции. - Максим родился 2 декабря 1998 года в селе Ломы Сретенского района За"
2026-09-17 00:22,article,В Слюдянском районе за сентябрь поступило 130 сообщений о медведях,https://dzen.ru/a/aqszyt8hLg35mSU_,225,0,44,"В Слюдянском районе сохраняется напряжённая обстановка из-за активности медведей. - Только за сентябрь в ЕДДС поступило 130 сообщений о появлении диких животных, 30 особей уже добыто. Хищников замечаю"
2026-09-16 23:47,article,Психиатр предупредил о губительном влиянии видеоигр со стрельбой,https://dzen.ru/a/aqsrEE5PhhqP3MkG,6,0,37,Видеоигры со стрельбой способны тормозить умственное развитие — таким мнением с NEWS.ru поделился психиатр Василий Шуров. Поводом стало новое исследование учёных: в специальных тестах геймеры показыва
2026-09-16 23:10,article,В Иркутске 17 сентября ночью ожидается гроза и сильный дождь,https://dzen.ru/a/aqsia05PhhqP3LK8,58,1,47,"В четверг, 17 сентября, в Иркутске ожидается переменная облачность. Ночью пройдёт умеренный дождь, в пригородной зоне возможна гроза. - Утром опустится туман, днём будет небольшой дождь. Ветер северо-"
2026-09-16 22:00,article,Что произошло в Иркутской области в ночь на 17 сентября: последние новости,https://dzen.ru/a/aqsSCN8hLg35mG8A,88,0,128,В Иркутской области задержали троих за похищение человека и разбой В Иркутской области полицейские задержали троих подозреваемых в похищении человека и разбое. Их жертвой стал 19-летний местный житель
2026-09-16 14:53,article,В Иркутске обновили 250 квадратных метров асфальта на общественных территориях,https://dzen.ru/a/aqquBUjUgT5jiF1h,15,0,35,"В Иркутске приводят в порядок асфальт на общественных пространствах. Работы идут под контролем МКУ «Городская среда». Каждое лето специалисты обходят парки, скверы и другие места отдыха, чтобы найти у"
2026-09-16 14:34,article,Работающие родители из Иркутска могут получить новую семейную выплату,https://dzen.ru/a/aqqpKx3cWgqrLm8c,1982,0,66,С 1 июня в России действует новая мера поддержки семей - она запущена в рамках национального проекта «Семья». Работающие родители из Иркутска тоже могут на неё рассчитывать. Как пояснила вице-премьер 
2026-09-16 13:54,article,"В Иркутске перевернулась «Тойота», пострадала женщина-водитель",https://dzen.ru/a/aqqgjUjUgT5jiAc5,260,0,29,"В Иркутске на улице Дорожной днём произошло ДТП, в котором перевернулся автомобиль и пострадал человек. - По предварительным данным, 33-летний водитель «Субару Легаси» выезжал с прилегающей территории"
2026-09-16 13:24,article,"Названы пять приёмов, помогающих побороть осеннее обострение на работе",https://dzen.ru/a/aqqZL0jUgT5jh9YL,0,0,89,"С приходом осени многие ловят себя на странном ощущении: привычные задачи, которые летом решались легко, вдруг начинают выматывать. Рабочий день тянется дольше, письма вызывают глухое раздражение, кол"
2026-09-16 12:48,article,В Иркутске реконструкция Ершовского водозабора завершена почти наполовину,https://dzen.ru/a/aqqQ30jUgT5jh5ts,15,0,60,"В Иркутске полным ходом идёт реконструкция и техническое перевооружение Ершовского водозабора. Мэр города Руслан Болотов подчеркнул, что вот уже полвека этот водозабор остаётся главным источником пить"
2026-09-16 12:09,article,"В Иркутской области осудят подростков, обвиняемых в терактах и поджогах",https://dzen.ru/a/aqqH9h3cWgqrLgDr,58,0,62,"Восточный МСУТ СК России завершил расследование уголовного дела о террористической деятельности в Иркутской области. Перед судом предстанет группа несовершеннолетних, двое из которых - подростки. - По"
2026-09-16 11:56,article,"«Ни разу не был на маршруте»: история о туристах, заявивших, что гид бросил их на Шумаке, получила продолжение",https://dzen.ru/a/aqqErUjUgT5jh0lc,0,0,401,"История о походе на Шумакские источники в Бурятии, где гид, по словам туристов, оставил их без помощи в диких горах, получила продолжение: Следственный комитет завел уголовное дело. Пострадавшая Елена"
2026-09-16 11:34,article,Депутаты Заксобрания посетили Тулун,https://dzen.ru/a/aqp_wEjUgT5jhyPg,239,1,96,"Депутаты Законодательного Собрания Иркутской области посетили с рабочим визитом Тулун. Там парламентарии оценили состояние социальных объектов, восстановленных после наводнения 2019 года, а также благ"
2026-09-16 11:07,article,В Бодайбинском районе из-за обогревателя загорелся двухэтажный дом,https://dzen.ru/a/aqp5ZU5PhhqP2rNC,7,0,57,Во вторник в 03:04 ночи очевидцы сообщили о пожаре в двухэтажном трёхподъездном брусовом доме в посёлке Мамакан Бодайбинского района. Ещё до приезда пожарных из здания самостоятельно эвакуировались 18
2026-09-16 10:34,article,"Вышли из школы, но домой не пришли: в Бурятии завершились поиски двоих пропавших детей",https://dzen.ru/a/aqpxUN8hLg35lIlu,225,3,43,В Тункинском районе Бурятии развернулась настоящая поисковая операция. Вечером 15 сентября в дежурную службу республиканской поисково-спасательной службы поступило сообщение: в населённом пункте Туран
2026-09-16 09:57,article,В Иркутской области задержали троих за похищение человека и разбой,https://dzen.ru/a/aqpoWk5PhhqP2nht,68,0,34,"В Иркутской области полицейские задержали троих подозреваемых в похищении человека и разбое. Их жертвой стал 19-летний местный житель. - По данным следствия, в августе молодые люди от 20 до 21 года за"
2026-09-16 09:30,article,В Нижнеудинске появится мемориал бойцам СВО,https://dzen.ru/a/aqpiCN8hLg35lBoU,12,0,51,"Рядом с храмом Петра и Павла в Нижнеудинске вырастает мемориал, посвящённый землякам - участникам специальной военной операции. Стройку осмотрел губернатор области. Началось всё с письма бойца с позыв"
2026-09-16 09:11,article,Хранили на даче: трое преступников незаконно добыли нефрит на 20 миллионов рублей в Иркутской области,https://dzen.ru/a/aqpeyEjUgT5jhkPF,144,0,63,"В Иркутской области вынесли приговор троим мужчинам, причастным к нелегальному обороту нефрита. Их деятельность пресекли оперативники Управления экономической безопасности и противодействия коррупции "
2026-09-16 08:55,article,"Житель Шелехова оплатил полмиллиона долга, чтобы продать иномарку",https://dzen.ru/a/aqpaDN8hLg35k-Ft,16,0,47,"В Шелехове 31-летний местный житель долгое время игнорировал свои долговые обязательства. Мужчина не реагировал на требования пристава оплатить задолженность, избегал встреч с представителем ведомства"
2026-09-16 08:24,article,В Чунском районе через суд взыскали 70 тысяч за нападение собаки на ребёнка,https://dzen.ru/a/aqpS3x3cWgqrLUo9,5,0,40,"Прокуратура Чунского района проверила обращение местной жительницы, которая просила защитить права своего сына. - Выяснилось, что в июле 2025 года на 10-летнего мальчика в посёлке Чунский по дороге из"
2026-09-16 07:54,article,В Иркутской области создали больше 580 новых площадок для сбора мусора,https://dzen.ru/a/aqpLjt8hLg35k30x,8,0,51,В Иркутской области продолжается планомерная работа по созданию современной инфраструктуры для сбора твёрдых коммунальных отходов. Министерство природных ресурсов и экологии региона подвело промежуточ
2026-09-16 07:42,article,"«Результатов нет». Гору Буту-Гол в Бурятии, где три недели назад бесследно пропала туристка, осмотрели с вертолета Ми-8",https://dzen.ru/a/aqpKBN8hLg35k3Fy,46,0,105,"В Окинском районе Бурятии продолжаются поиски 58-летней жительницы Иркутска, пропавшей 29 августа в районе горы Буту-Гол. По данным на утро 16 сентября, обследовано 375 квадратных километров. Гору осм"
2026-09-16 07:17,article,В Катангском районе рабочий получил 300 тысяч за травму на производстве,https://dzen.ru/a/aqpDid8hLg35k0nv,5,0,37,"Прокуратура Катангского района проверила обращение жителя региона, который просил защитить его трудовые права. - Выяснилось, что 31 мая 2024 года мастер бригады, работавший на территории района вахтов"
2026-09-16 07:09,article,"«Мама, нас машина сбила. Тимур не дышит»: 5-летний мальчик погиб на глазах брата и сестры, когда они возвращались с танцев",https://dzen.ru/a/aqpBCd8hLg35kzae,380,0,249,Небольшой участок газона возле пешеходного перехода в 80-м квартале Ангарска уже несколько дней остаётся стихийным мемориалом. Жители города несут туда цветы и мягкие игрушки. Вечером 10 сентября под 
2026-09-16 06:46,article,В Улан-Удэ из-за медведей попросили воздержаться от походов на кладбища,https://dzen.ru/a/aqo7_d8hLg35kxTV,520,0,31,Мэрия Улан-Удэ призвала жителей города временно воздержаться от посещения городских кладбищ. Причина - участившиеся выходы медведей. Администрация города также рекомендовала отказаться от поездок в ле
2026-09-16 06:17,article,"Старшеклассница хотела получить цветы и конфеты, а отдала 2 миллиона семейных накоплений",https://dzen.ru/a/aqo1iR3cWgqrLOvv,1645,0,56,В Ангарске 16-летняя школьница стала жертвой мошенников и лишила семью более 2 миллионов рублей накоплений. Заявление в полицию написала её 42-летняя мать. Всё началось с безобидного сообщения в мессе
2026-09-16 06:07,article,"«Конечно, она ревела»: мать-зверь из Забайкалья рассказала, как пять дней мучила годовалую дочь до смерти",https://dzen.ru/a/aqoyUR3cWgqrLOHA,323,0,192,"28-летняя Наталья Корчагина*, обвиняемая в убийстве годовалой дочери с особой жестокостью, впервые подробно рассказала в Забайкальском краевом суде, что именно делала с ребёнком в последние дни его жи"
2026-09-16 05:55,article,В Иркутске открыли мемориальную доску кавалеру ордена Мужества Евгению Суслову,https://dzen.ru/a/aqov798hLg35ksua,31,0,55,"На фасаде школы № 23 на улице Советской в Иркутске появилась мемориальная доска выпускнику Евгению Суслову. Как сообщили КП-Иркутск в городской администрации, он погиб в зоне специальной военной опера"
2026-09-16 05:37,article,"В Усть-Илимском районе полицейский застрелил медведя, гулявшего по садоводству",https://dzen.ru/a/aqorwN8hLg35kq34,623,0,48,Утром 15 сентября в полицию поступил звонок: в садоводстве «Лесники» Усть-Илимского района по одной из улиц ходит … медведь! На место сразу выехали экипаж наружных служб и специалисты по защите животн
2026-09-16 05:16,article,Волонтеры прокомментировали версию о нападении медведя на пропавшую в Бурятии туристку,https://dzen.ru/a/aqom8d8hLg35kpGA,348,0,53,"Третью неделю в тайге Бурятии ищут 58-летнюю Жанну из Иркутска. Напомним, она пропала 29 августа в районе горы Буту-Гол. В поход сибирячка отправилась с группой туристов, но домой они вернулись без не"
2026-09-16 04:49,article,"Число очагов растет, в зоне риска – 12 деревень: ситуация с узелковым дерматитом в Иркутской области остается напряженной",https://dzen.ru/a/aqogtUjUgT5jhLqO,61,0,171,"Ситуация с узелковым дерматитом в Иркутской области 16 сентября 2026 года продолжает оставаться напряженной. Число очагов заражения растет, но ветеринары уже завершают массовую вакцинацию скота, чтобы"
2026-09-16 04:17,article,"«Меня спасли хорошие манеры»: Следователь поменялся билетами с незнакомкой, а вскоре узнал, что все пассажиры самолёта погибли",https://dzen.ru/a/aqoYz98hLg35kkYR,838,1,396,"Пятница, 18 сентября 1981 года. В аэропорту Железногорска-Илимского, маленького города на севере Иркутской области, десятки человек ждали прибытия родных и близких. Самолёт из Иркутска должен был вот-"
2026-09-16 03:52,article,В Ангарске из-за столкновения четырех машин погиб человек,https://dzen.ru/a/aqoTGEjUgT5jhHcn,45,0,45,"Вечером 15 сентября на улице Алешина в Ангарске произошла смертельная авария. Как сообщили КП-Иркутск в региональной Госавтоинспекции, 33-летний водитель «Ниссан Жук» перестраивался на левую полосу и "
2026-09-16 03:28,article,"У обвиняемого в убийстве туристки в Бурятии арестовали имущество на 14,9 млн руб",https://dzen.ru/a/aqoNh98hLg35kguD,264,0,68,"Мужчина, который, по версии следствия, расправился со своей спутницей в горах Бурятии, на время суда остался без квартир, машин и счетов. Суд наложил арест на его имущество почти на 14,9 миллиона рубл"
2026-09-16 03:26,article,"Малыш чудом выжил, маму было уже не спасти: семья попала в страшное ДТП в Бурятии",https://dzen.ru/a/aqoMy0jUgT5jhFeQ,75,0,42,"Страшная авария произошла 14 сентября в пригороде Улан-Удэ, в трех км от Иволгинска столкнулись две машины. Погибла 39-летняя пассажирка, а ее маленький сын попал в больницу с травмами. - 41-летняя же"
2026-09-16 03:23,article,"Кросс нации в Иркутской области 2026: все, что нужно знать о забеге",https://dzen.ru/a/aqoX705PhhqP2Xp3,14,0,124,"Всероссийский день бега Кросс Нации в Иркутской области в 2026 году состоится 26 сентября. Это популярное спортивное событие проходит в стране с 2004 года и ежегодно собирает тех, кто легок на подъем."
2026-09-16 02:56,article,Директора стройфирмы в Иркутске осудили на 5 лет за фиктивный въезд иностранцев,https://dzen.ru/a/aqoFpd8hLg35keQW,109,0,55,Куйбышевский районный суд Иркутска вынес приговор 55-летнему местному жителю. Он руководил строительной компанией и организовал незаконный въезд иностранных работников. Об этом КП-Иркутск сообщили в М
2026-09-16 02:41,article,В Иркутске завершился ремонт фасада Московских ворот,https://dzen.ru/a/aqoChx3cWgqrLGQ8,207,0,20,"На Нижней набережной Ангары завершились ремонтные работы на фасаде Московских ворот. Результаты проверил мэр города Руслан Болотов. Подрядчик устранил мелкие дефекты на фасаде, обновил покраску. Для э"
2026-09-16 02:27,article,Обвиняемым в убийстве туристки в Бурятии оказался владелец спортклуба из Москвы,https://dzen.ru/a/aqn_VN8hLg35kcag,33,0,62,"Осенью 2025 года 42-летняя москвичка приехала отдыхать в Аршан вместе со спутником. Пара была в отношениях, но в браке не состояла. Ничего не предвещало беды. 5 сентября тело женщины нашли в ущелье у "
2026-09-16 02:23,article,Умер экс-главврач медсанчасти и депутат Думы Иркутска Николай Матвейчук,https://dzen.ru/a/aqn-g98hLg35kcK3,355,0,64,"Умер экс-главврач медсанчасти и депутат Думы Иркутска Николай Матвейчук. Он родился в 1950 году в селе Доброе на Украине, а в 1974 году окончил Черновицкий медицинский институт. После учебы его направ"
2026-09-16 01:56,article,В Иркутской области за восемь месяцев зарплаты выросли на 16%,https://dzen.ru/a/aqn4HkjUgT5jg_MB,180,3,63,"Средняя предлагаемая зарплата в Иркутской области за восемь месяцев 2026 года выросла с 84,1 тысячи рублей до 97,7 тысячи. Это на 16% больше, чем в январе. Такие данные приводит hh.ru. - Быстрее всего"
2026-09-16 01:27,article,Старший матрос Андрей Бужгеев из Эхирит-Булагатского района погиб в зоне СВО,https://dzen.ru/a/aqnww0jUgT5jg9RC,437,1,55,"Боец Андрей Бужгеев из Эхирит-Булагатского района погиб в зоне проведения специальной военной операции. Об этом сообщил мэр Геннадий Осодоев. Герой родился в Нижней Идыге, был вторым сыном. После окон"
2026-09-16 00:58,article,Ситуация с медведями в Иркутской области 16 сентября 2026: мэрам рекомендовали ввести режим повышенной готовности,https://dzen.ru/a/aqnqaUjUgT5jg7UY,616,1,183,"Ситуация с медведями в Иркутской области 16 сентября 2026 стала поводом для экстренных мер. На заседании рабочей группы по регулированию численности хищников, которую возглавляет зампред правительства"
2026-09-16 00:04,article,"Ортопед объяснил, какую обувь нельзя носить осенью",https://dzen.ru/a/aqndzk5PhhqP2OqJ,111,0,54,"Осенью главная угроза для ног - мокрый асфальт и скользкая плитка. Ортопед Таулан Гедиев в беседе с NEWS.ru объяснил, на что смотреть при выборе обуви, чтобы не подвернуть ногу и не оказаться в травмп"
2026-09-15 23:32,article,В Иркутской области вдвое вырос лимит сверхурочной работы,https://dzen.ru/a/aqnV4U5PhhqP2NSd,1166,3,68,"С 1 сентября 2026 года в России изменились правила сверхурочной работы. Годовой лимит для каждого сотрудника могут увеличить со 120 до 240 часов, если это условие прописано в коллективном договоре или"
2026-09-15 23:05,article,+20 градусов и гроза с дождем ожидаются в Иркутске 16 сентября,https://dzen.ru/a/aqnPnk5PhhqP2MXP,30,0,47,"В Иркутске днем 16 сентября 2026 потеплеет до +18…+20 градусов. Захватите зонтики – ожидается кратковременный дождь с грозой, порывы ветра достигнут 14 метров в секунду, в пригороде до 15-18 м/с. Темп"
2026-09-15 22:00,article,Что произошло в Иркутской области в ночь на 16 сентября: последние новости,https://dzen.ru/a/aqnAeR3cWgqrK7vm,24,0,158,В Слюдянском районе спасатели вынесли из тайги травмированного мужчину В глухой тайге Слюдянского района едва не закончилась трагедией история обычного похода за дикоросами. 12 сентября житель Тункинс
2026-09-15 14:36,article,В Иркутске с начала года убрали больше трёх тысяч незаконных свалок,https://dzen.ru/a/aqlYPN8hLg35jhvH,8,0,53,За восемь месяцев этого года на территории Иркутска ликвидировали более трёх тысяч несанкционированных свалок. На городской полигон вывезли свыше 5770 тонн мусора. Уборку проводили подрядные организац
2026-09-15 13:58,article,"Психолог объяснила, почему осенью учащаются семейные конфликты",https://dzen.ru/a/aqlPekjUgT5jgGgy,5,0,47,"Осенью в семьях действительно вспыхивает больше ссор. Психолог Анастасия Процветова объяснила NEWS.ru, что дело не только в хмурой погоде - причина в том, что внешние обстоятельства давят на всех член"
2026-09-15 13:14,article,В Иркутске завершили ремонт фасада Московских ворот,https://dzen.ru/a/aqlFCh3cWgqrKmBy,81,0,85,"В Иркутске привели в порядок фасад Московских ворот на Нижней набережной Ангары. Результат проверил мэр Руслан Болотов — вместе с советником мэра Ингой Корочкиной, заммэра Денисом Зеленским, директоро"
2026-09-15 12:10,article,В Иркутске на Рабочего Штаба потушили пожар в административном здании,https://dzen.ru/a/aqk2Bk5PhhqP1w7E,1031,0,23,"Вечером в Иркутске загорелось административное здание на улице Рабочего Штаба. Информация о возгорании поступила в экстренные службы, и на место незамедлительно выехали 23 пожарных на шести единицах т"
2026-09-15 11:38,article,В Черемхово отопительный сезон стартует 15 сентября,https://dzen.ru/a/aqku6d8hLg35jQnV,86,0,33,В Черемхово определились с датами старта отопительного сезона. Решение приняли на штабе с участием представителей теплоснабжающих организаций. С 15 сентября отопительный сезон начнётся в объектах соци
2026-09-15 11:06,article,В Иркутской области после схода 11 вагонов завели уголовное дело,https://dzen.ru/a/aqknpkjUgT5jf2DP,78,0,43,В Иркутской области начато уголовное разбирательство по факту схода грузовых вагонов. Братский следственный отдел на транспорте Восточного МСУТ СК России завел дело по признакам нарушения правил безоп
2026-09-15 10:58,article,"«Мы не знаем, где-то отстала»: подруга туристки, пропавшей в горах Бурятии без еды и теплых вещей, раскрыла детали похода",https://dzen.ru/a/aqklPEjUgT5jf1AE,1263,4,371,"Третью неделю в тайге Бурятии ищут 58-летнюю Жанну из Иркутска. Без вести она пропала 29 августа в районе горы Буту-Гол. В поход сибирячка отправилась в группе туристов, но домой они вернулись без нее"
2026-09-15 10:51,article,"«Забрался на дерево, но медведь успел укусить»: пенсионер чудом спасся от хищника",https://dzen.ru/a/aqkjpk5PhhqP1tDN,113,0,69,"70-летний мужчина отправился на рыбалку и неожиданно встретил медведя. Пенсионеру чудом удалось забраться на ближайшее дерево, однако зверь успел укусить его за ногу. Когда медведь отошёл подальше, му"
2026-09-15 10:41,article,"Любуясь водопадом туристка не подозревала, что вот-вот погибнет, а её мужчина будет играть убитого горем жениха",https://dzen.ru/a/aqkhPd8hLg35jLEB,781,0,192,"Посёлок Аршан. Тункинская долина Бурятии. Место, куда люди приезжают дышать горным воздухом, лечиться, любоваться водопадами. Кажется, здесь вообще невозможно что-то плохое. Увы, нет. Ещё как возможно"
2026-09-15 10:33,article,В Слюдянском районе спасатели вынесли из тайги травмированного мужчину,https://dzen.ru/a/aqkfnd8hLg35jKZF,121,0,64,"12 сентября житель Тункинского района 1981 года рождения отправился за дикоросами и в глухой тайге серьёзно повредил ногу. Осознав, что самостоятельно выбраться не получится, мужчина не запаниковал — "
2026-09-15 09:54,article,В зоне СВО погиб младший сержант Валентин Колодин из Эхирит-Булагатского района,https://dzen.ru/a/aqkWrt8hLg35jG2I,373,1,61,"В зоне специальной военной операции погиб наш земляк - Валентин Сергеевич Колодин, младший сержант, стрелок. Валентин родился 11 февраля 1991 года в деревне Кулункун Эхирит-Булагатского района. Он был"
2026-09-15 09:33,article,В Жигалово пьяного водителя скутера осудили на 400 часов работ,https://dzen.ru/a/aqkR0kjUgT5jftgV,6,0,55,Суд вынес приговор 22-летнему жителю посёлка Жигалово. Молодого человека задержали за повторную езду в нетрезвом виде и умышленное повреждение чужого автомобиля. - В августе 2025 года сотрудники Госав
2026-09-15 08:53,article,В Иркутске осуждённый получил срок за попытку дать взятку в колонии,https://dzen.ru/a/aqkIQk5PhhqP1nlj,14,0,48,"В Иркутске завершилось разбирательство по делу о коррупции в исправительной колонии. Следственный отдел по Свердловскому району собрал достаточно доказательств, и суд вынес приговор 27-летнему осуждён"
2026-09-15 08:52,article,"«Не полечу, и всё тут!»: как плохое предчувствие спасло сибирячку и её семью от авиакатастрофы, в которой погибли 40 человек",https://dzen.ru/a/aqkIQUjUgT5jfpoJ,3953,5,392,"— Эта авиакатастрофа коснулась практически каждой семьи в Железногорске-Илимском, — вспоминает научный сотрудник музея имени академика Янгеля Дмитрий Безгачев. 45 лет назад, 18 сентября 1981 года, неб"
2026-09-15 08:18,article,"«Помогите, жена сорвалась с моста и упала в реку!»: когда ее тело нашли, стало ясно - мужчина врал",https://dzen.ru/a/aqkB698hLg35i-yc,763,0,80,"Жуткая история, начавшаяся как обычный отпуск, дошла до суда. Житель Москвы, приехавший с женщиной на отдых в Бурятию, обвиняется в её убийстве. По версии следствия, он расправился с сожительницей, чт"
2026-09-15 08:09,article,В Заларинском районе водителя оштрафовали за оскорбление инспекторов ДПС,https://dzen.ru/a/aqj9_R3cWgqrKYCq,28,0,40,В Заларинском районе 73-летнего местного жителя оштрафовали на 20 тысяч рублей за оскорбление сотрудников Госавтоинспекции. Инцидент произошёл 24 января на улице Трактовой в селе Ханжиново - там столк
2026-09-15 07:34,article,В Куйтуне торжественно открыли стелу “Я жду тебя”,https://dzen.ru/a/aqj2Et8hLg35i561,2,0,64,"В Куйтуне прошло торжественная церемония открытия стелы “Я жду тебя”, которую установили в сквере памяти участников СВО. Участие в мероприятии приняла депутаты Законодательного Собрания Иркутской обла"
2026-09-15 07:33,article,В Братске пожарные потушили горящий грузовик в жилом районе Энергетик,https://dzen.ru/a/aqj1NkjUgT5jfiCL,0,0,35,Накануне в жилом районе Энергетик в Братске загорелся грузовой автомобиль. На место выехали 7 специалистов МЧС и 2 единицы техники. Открытый огонь удалось сбить всего за 5 минут - огонь охватил 4 квад
2026-09-15 07:16,article,"«Вы 30 минут погуляйте»: в банке хитростью спасли клиентку от аферистов, которые представлялись губернатором",https://dzen.ru/a/aqjx_98hLg35i4Ol,34,0,172,"71-летняя жительница Усть-Илимска едва не лишилась всех своих сбережений. Аферисты позвонили ей от имени губернатора Иркутской области, напугали уголовной ответственностью и заставили снимать деньги. "
2026-09-15 06:58,article,"В Усть-Куте водитель фуры поймал грабителя, забравшегося к нему в кабину",https://dzen.ru/a/aqjtFk5PhhqP1iFR,316,0,47,"В Усть-Куте произошёл случай, который едва не обернулся для дальнобойщика потерей денег и документов. В дежурную часть местного отдела МВД обратился водитель грузового КамАЗа, приехавший в город из Са"
2026-09-15 06:40,article,Председатель Заксобрания провел прием граждан в Свирске,https://dzen.ru/a/aqjpDt8hLg35i0hZ,0,0,115,"Председатель Законодательного Собрания Иркутской области во время рабочего визита в Свирск провел личный прием граждан. Для того, чтобы максимально оперативно решить те вопросы, с которыми обращаются "
2026-09-15 06:22,article,В Киренском районе осудили мужчину за избиение 9-летнего сына сожительницы,https://dzen.ru/a/aqjlF98hLg35izBR,22,0,36,"Прокуратура Киренского района проверила обращение местной жительницы, которая просила защитить права своего сына. Выяснилось, что в апреле 2026 года сожитель женщины нанёс побои её 9-летнему ребёнку. "
2026-09-15 05:56,article,Житель Черемхово потерял больше миллиона рублей при покупке трактора в интернете,https://dzen.ru/a/aqjey98hLg35iw0E,63,0,43,"49-летний житель Черемхово стал жертвой мошенников. Как сообщили КП-Иркутск в МВД региона, на одном из сайтов он нашел объявление о продаже трактора, оставил заявку и стал ждать ответа. - Вскоре с ним"
2026-09-15 05:29,article,Дальнобойщик проснулся от звонка и застыл в ужасе: его машина стала местом преступления,https://dzen.ru/a/aqjYik5PhhqP1eTy,289,0,40,"Водитель КамАЗа приехал в Усть-Кут из Самарской области, чтобы доставить груз в порт. В ожидании разгрузки он заночевал в кабине на улице Кирова. Ранним утром 14 сентября мужчина проснулся от звонка т"
2026-09-15 05:10,article,В Иркутске таможенники задержали иностранца с 60 тысячами долларов в рюкзаке,https://dzen.ru/a/aqjT0d8hLg35itUI,75,0,47,"В иркутском аэропорту пресекли попытку незаконного ввоза валюты. Как сообщили КП-Иркутск в региональной таможне, 30-летний иностранец прилетел из Ташкента и прошел через «зеленый коридор», заявив, что"
2026-09-15 04:49,article,В Иркутске можно бесплатно и анонимно провериться на ВИЧ 16 и 21 сентября,https://dzen.ru/a/aqjPHt8hLg35irqQ,11,0,26,"Жители и гости Иркутска могут пройти бесплатное и анонимное обследование на ВИЧ, вирусные гепатиты В и С, а также сифилис. Тестирование проводят в мобильных пунктах. - 16 сентября тест-мобиль будет ст"
2026-09-15 04:31,article,Абсолютный рекорд! Впервые сентябрь в Иркутске побаловал летней жарой до +30 градусов,https://dzen.ru/a/aqjKbt8hLg35iqAF,60,0,208,"Сибиряки привыкли, что сентябрь - это прохлада и дожди. Но осень-2026 перевернула все: жара, грозы и ливни, как в Сочи. Почему погода в Приангарье стала непредсказуемой - в материале КП-Иркутск. Начал"
2026-09-15 03:43,article,В Иркутске экс-директора лесозаготовительной компании обязали вернуть 100 млн,https://dzen.ru/a/aqi_N0jUgT5jfOSw,1182,1,62,Иркутский областной суд подтвердил решение о взыскании с бывшего генерального директора лесозаготовительной компании почти 100 миллионов рублей. Деньги он получил от контрабанды леса. Об этом КП-Иркут
2026-09-15 03:25,article,Погибший грибник и раненый фермер: как обстоит ситуация с медведями в Иркутской области 15 сентября 2026,https://dzen.ru/a/aqi7PN8hLg35ij93,65,0,189,"Ситуация с медведями в Иркутской области 15 сентября 2026 остается сложной. Хищников видят не только в лесах, но и у дорог, вблизи населенных пунктов. Полиция и охотники работают в усиленном режиме, н"
2026-09-15 02:04,article,Автомобиль слетел в яму на улице Советской в Иркутске,https://dzen.ru/a/aqioDR3cWgqrKIon,99,0,42,"Утром 15 сентября 2026 на улице Советской в Иркутске машина упала в яму, которую вырыли коммунальщики. О происшествии КП-Иркутск сообщили очевидцы. По их словам, на месте шли ремонтные работы, и терри"
2026-09-15 01:50,article,Семьи Иркутской области могут подать заявление на выплату до 1 октября,https://dzen.ru/a/aqilBt8hLg35icbw,6335,5,64,"До 1 октября 2026 семьи Иркутской области могут подать заявление на ежегодную выплату. Ее уже получили 29 тысяч семей региона, средний размер составил 34 тысячи рублей. Об этом КП-Иркутск сообщили в О"
2026-09-15 01:17,article,«Такого не было все 144 года!»: чем удивил сентябрь 2026 жителей Иркутской области,https://dzen.ru/a/aqidId8hLg35iZ7L,330,0,76,Сентябрь 2026 года в Иркутской области начался с погодных рекордов. В первые дни тепло с Атлантики и жаркий воздух с Черного и Каспийского морей принесли аномальную жару. В Иркутске зафиксировали абсо
2026-09-15 00:45,article,"В Иркутской области фермер получил раны, отгоняя медведя от свиньи",https://dzen.ru/a/aqiWFh3cWgqrKFmH,261,0,50,"В Нижнеудинском районе медведь напал на работника фермы. Как сообщили КП-Иркутск в МВД региона, мужчина попытался палкой отогнать зверя от задавленной свиньи и получил раны ноги и плеча. Все произошло"
2026-09-15 00:09,article,"Врач рассказал, когда делать прививку от гриппа и как не подхватить вирус",https://dzen.ru/a/aqiNad8hLg35iUaS,10,1,52,"Сезон простуд и гриппа уже начался, и в ближайшее время поликлиники начнут приглашать на вакцинацию. Педиатр Дмитрий Малых в разговоре с NEWS.ru напомнил, что прививку можно сделать до конца сентября,"
2026-09-14 23:35,article,В Иркутском округе от узелкового дерматита привили больше 16 тысяч животных,https://dzen.ru/a/aqiFVd8hLg35iRyX,109,0,53,"В Иркутском муниципальном округе завершают вакцинацию скота от заразного узелкового дерматита. Ветеринары привили 10 621 голову крупного рогатого скота и 6 064 головы мелкого. Всего - больше 16,6 тыся"
2026-09-14 23:07,article,До +23 градусов потеплеет в Иркутске 15 сентября,https://dzen.ru/a/aqh-30jUgT5je4nL,20,0,39,"В Иркутске днем 15 сентября 2026 потеплеет до +21…+23 градусов, дождя не ожидается. Как сообщили КП-Иркутск в Иркутском Гидрометцентре, будет дуть юго-восточный ветер со скоростью 5-10 метров в секунд"
2026-09-14 22:00,article,Что произошло в Иркутской области в ночь на 15 сентября: последние новости,https://dzen.ru/a/aqhvPE5PhhqP1Mv3,254,0,138,В Иркутске вандал разбил плитку в подземном переходе на Рябикова В Иркутске зафиксирован акт вандализма: в ночь с 13 на 14 сентября неизвестный повредил плитку в подземном переходе на бульваре Рябиков
2026-09-14 10:56,article,"Стихийный мемориал появился на месте ДТП в Ангарске, где погиб 5-летний мальчик",https://dzen.ru/a/aqfT0UjUgT5jd_Is,1347,1,35,"На месте трагедии в Ангарске — у дома № 7 в 73-м квартале, где вечером 10 сентября женщина без прав сбила двоих детей на пешеходном переходе, — появился стихийный мемориал. Горожане несут к «зебре» цв"
2026-09-14 10:30,article,Вандал повредил плитку в подземном переходе на бульваре Рябикова в Иркутске,https://dzen.ru/a/aqfORR3cWgqrJkB0,47,0,35,В Иркутске зафиксирован акт вандализма: в ночь с 13 на 14 сентября неизвестный повредил плитку в подземном переходе на бульваре Рябикова. Инцидент попал на камеры видеонаблюдения — кадры зафиксировали
2026-09-14 10:12,article,Отец убитой годовалой девочки из Балея отказался быть потерпевшим по делу,https://dzen.ru/a/aqfJSEjUgT5jd7aO,22,0,52,"В Забайкальском краевом суде продолжается рассмотрение дела против 28 летней Натальи Корчагиной*, обвиняемой в жестоком убийстве дочери. На очередном заседании прозвучало шокирующее заявление: отец по"
2026-09-14 09:57,article,Перед смертью от замученной матерью годовалой девочки в Балее пахло уксусом,https://dzen.ru/a/aqfFVN8hLg35hO9B,107,1,63,"Забайкальский краевой суд продолжил рассматривать дело 28-летней жительницы Балея Натальи Корчагиной*, обвиняемой в пытках и убийстве годовалой дочери. Новое заседание вскрыло шокирующие подробности. "
2026-09-14 09:37,article,"«От неё так пахло уксусом, что слезились глаза»: врачи рассказали о последних минутах жизни замученной матерью девочки",https://dzen.ru/a/aqfAi0jUgT5jd4N3,229,0,299,"Забайкальский краевой суд продолжил рассматривать уголовное дело в отношении 28-летней жительницы Балея Натальи Корчагиной*, обвиняемой в убийстве годовалой дочери с особой жестокостью. Новое заседани"
2026-09-14 09:30,article,В Иркутской области сентябрь остаётся аномально тёплым - до +27,https://dzen.ru/a/aqe_sEjUgT5jd32d,196,0,73,"Треть сентября уже позади, но в Иркутской области всё ещё продолжается лето. Правда, погода по региону очень разная: южная половина области прогревается сильно, а северные, северо-восточные и верхнеле"
2026-09-14 09:18,article,В Братском районе дроппера осудили за оформление карт для мошенников,https://dzen.ru/a/aqe8g98hLg35hLpu,9,0,59,"Братский районный суд вынес приговор 20-летнему жителю Вихоревки. Его признали виновным в трёх эпизодах неправомерного оборота средств платежей - проще говоря, в дропперстве. - В сентябре 2025 года мо"
2026-09-14 08:57,article,"Мама думала, что сын помогает другу на огороде. В это время подросток спасал жизнь незнакомца, но погиб вместе с ним",https://dzen.ru/a/aqe31d8hLg35hJsT,48,0,206,"- Я пойду к приятелю, помогу на огороде, - сказал 16-летний Севастьян матери, уходя из дома. Надежда из Забайкалья и представить не могла, что видела в тот день сына в последний раз. Он исчез на реке "
2026-09-14 08:49,article,"В Иркутске отопительный сезон стартует 22 сентября, но дату могут сдвинуть",https://dzen.ru/a/aqe1Y0jUgT5jdz6s,1303,3,49,"В мэрии Иркутска обсудили, когда в городе дадут тепло. Заседание рабочей группы провёл заместитель мэра - председатель комитета городского обустройства Сергей Гаврин. Вместе с главами округов и руково"
2026-09-14 08:32,article,В Иркутске отмечают 124 года со дня рождения авиаконструктора Николая Камова,https://dzen.ru/a/aqeyKU5PhhqP0sdw,6,0,32,"Сегодня, 14 сентября, исполняется 124 года со дня рождения Николая Ильича Камова - выдающегося авиаконструктора, родившегося в Иркутске. Именно он подарил миру само слово «вертолет»: оно впервые появи"
2026-09-14 07:53,article,В Слюдянском районе за день заметили пять медведей,https://dzen.ru/a/aqeoXt8hLg35hD33,71,0,48,В Слюдянском районе Иркутской области выдался неспокойный день 13 сентября. В Единую дежурно-диспетчерскую службу поступило сразу пять сообщений о медведях. - Люди заметили хищников в разных уголках р
2026-09-14 07:16,article,Завершились поиски пропавших в Улан-Удэ женщины и её 2-летнего сына,https://dzen.ru/a/aqefgEjUgT5jdsVe,294,2,37,"В Улан-Удэ завершились поиски 35-летней женщины и её двухлетнего сына, которые пропали 11 сентября. Как сообщили корреспонденту КП-Иркутск, мать и ребёнок найдены - они находились у знакомых женщины. "
2026-09-14 07:08,article,Прокуратура взяла на контроль ДТП с 15-летним водителем в Иркутской области,https://dzen.ru/a/aqed4t8hLg35hAYe,24,1,62,"Прокуратура Эхирит-Булагатского района подключилась к разбирательству после дорожной аварии, в которой пострадали дети. Надзорное ведомство не только проводит собственную проверку, но и взяло под конт"
2026-09-14 06:28,article,"Возле мотоцикла сидел медведь, тело пропавшего нашли рядом: хищник убил грибника в Иркутской области",https://dzen.ru/a/aqeVL0jUgT5jdo87,1441,10,97,"В Иркутской области не прекращаются встречи с бурыми медведями. Полицейские в разных районах Иркутской области то и дело получают сигналы: хищника видят в лесу, у дорог, рядом с населёнными пунктами. "
2026-09-14 06:14,article,В Заларинском районе 33 работникам доплатили за вредные условия труда,https://dzen.ru/a/aqeRRU5PhhqP0m-W,433,0,29,"Прокуратура Заларинского района проверила соблюдение трудового законодательства на одном из коммерческих предприятий. - Выяснилось, что 33 сотрудникам местного филиала не начисляли и не выплачивали до"
2026-09-14 05:13,article,В Иркутске ветеринары спасли кота с тяжёлым некрозом роговицы,https://dzen.ru/a/aqeDCE5PhhqP0koO,23,0,58,"В Иркутскую городскую ветклинику привезли кота в критическом состоянии - у животного диагностировали корнеальный секвестр с отторжением и сквозную язву роговицы. По словам ветеринаров, столь тяжёлые п"
2026-09-14 04:46,article,"В Братске за неделю отстрелили 12 медведей, вышедших к жилым районам",https://dzen.ru/a/aqd8rkjUgT5jdg1-,208,1,45,"Администрация Братска сообщила, что за минувшую неделю в рамках плановых мероприятий по регулированию численности животных мобильные группы отстрелили 12 особей медведя. В состав групп вошли работники"
2026-09-14 04:31,article,Землетрясение произошло в Иркутской области 14 сентября,https://dzen.ru/a/aqd6Rk5PhhqP0jUv,106,0,29,"Землетрясение в Иркутской области 14 сентября произошло утром - подземные толчки зафиксировали в акватории Байкала около 07:41. - Магнитуда сейсмособытия составила 3,3, - сообщили в Байкальском филиал"
2026-09-14 04:11,article,В Иркутске завершился сезон прогулок на теплоходах по Ангаре,https://dzen.ru/a/aqd0yE5PhhqP0iaS,23,0,29,"В Восточно-Сибирском речном пароходстве сообщили, что навигационный сезон для теплоходов «Москва-67» и «Сокол», выполнявших прогулочные рейсы по Ангаре, завершён сегодня, 14 сентября 2026 года. Эти су"
2026-09-14 03:42,article,В Иркутске суд взыскал с контрабандиста леса более 54 млн рублей,https://dzen.ru/a/aqdty0jUgT5jdcJl,1191,5,39,"Ленинский районный суд Иркутска удовлетворил иск прокуратуры о взыскании в доход государства более 54 миллионов рублей. Деньги взысканы с руководителя юридической фирмы, организовавшего контрабанду ле"
2026-09-14 03:10,article,"За неделю в Иркутской области в ДТП погибли восемь человек, включая ребёнка",https://dzen.ru/a/aqdmRN8hLg35guLb,46,0,45,"С 7 по 11 сентября на дорогах Иркутской области зарегистрировано 57 дорожно-транспортных происшествий. В этих авариях травмы получили 66 человек, из них 17 - несовершеннолетние. Погибли семь взрослых "
2026-09-14 02:58,article,«Шансы есть всегда»: в горах Восточных Саян третью неделю ищут пропавшую туристку из Иркутска,https://dzen.ru/a/aqdktkjUgT5jdZet,734,6,228,"В Окинском районе Бурятии не прекращаются масштабные поиски 58-летней жительницы Иркутска, которая пропала 29 августа в районе горы Буту-Гол. Женщина осталась одна — в лёгкой одежде, без еды и воды. Н"
2026-09-14 02:38,article,"«Врачи готовили нас к самому худшему»: как сложилась судьба мальчика с ладошку, родившегося весом 700 граммов",https://dzen.ru/a/aqde8h3cWgqrJRcq,3694,8,351,"Иногда судьба будто проверяет нас на прочность. А потом показывает, на что мы способны, если рядом есть те, кто верит. История Татьяны и Даниила Бредневых — как раз такая. Это рассказ о том, как кроше"
2026-09-14 02:28,article,"Умер Александр Белотелов, известный в Иркутске радиоведущий",https://dzen.ru/a/aqdcnN8hLg35grO7,901,0,47,"Умер Александр Белотелов, известный в Иркутске радиоведущий, корреспондент и диктор ГТРК «Иркутск». Печальную новость сообщили коллеги журналиста. Александр Геннадьевич посвятил радио всю свою жизнь. "
2026-09-14 02:08,article,Закрыты шесть троп на КБЖД: рассказываем о ситуации с медведями в Иркутской области 14 сентября 2026,https://dzen.ru/a/aqdZdE5PhhqP0eTk,434,0,168,"Обстановка с медведями в иркутской области на 14 сентября 2026 года остаётся сложной. Хищников встречают в разных уголках региона, а экстренные службы, полиция и Росгвардия продолжают работать в усиле"
2026-09-14 02:04,article,В Иркутске полиция проверила иностранцев на плодоовощной базе и в кафе,https://dzen.ru/a/aqdXIEjUgT5jdVM5,160,2,36,"В Иркутске прошли рейды по соблюдению миграционного законодательства. - Работники управления по вопросам миграции и уголовного розыска регионального Главка МВД вместе с Росгвардией проверили, как инос"
2026-09-13 12:47,article,"Зурхай на неделю с 14 по 20 сентября 2026: Еши Намжил лама рассказал, кому больше всего повезёт, а кому придётся нелегко",https://dzen.ru/a/aqab6EjUgT5jchx6,41,0,391,"Зурхай — это древняя астрологическая система, пришедшая из Тибета и ставшая частью культурного наследия бурятского народа. Она учит жить в гармонии с природными ритмами: когда начинать дела, а когда л"
2026-09-13 11:12,article,В начале следующей рабочей недели в Иркутске будет тепло,https://dzen.ru/a/aqaGA0jUgT5jcbsk,143,0,52,"Начало новой недели порадует иркутян тёплой и сухой погодой. По данным Иркутского гидрометцентра, в понедельник, 14 сентября, в городе ожидается переменная облачность, без осадков. Ветер юго-восточный"
2026-09-13 09:19,article,В Шерагуле строят путепровод и транспортный обход с опережением графика,https://dzen.ru/a/aqZrboDLTiGUIfH1,48,0,57,"В селе Шерагул Тулунского района кипит стройка, которая изменит жизнь тысяч водителей: здесь возводят путепровод над Транссибом и транспортный обход села. Местные жители годами терпели пробки на желез"
2026-09-13 07:21,article,В Иркутской области запускают дистанционный мониторинг для хронических больных,https://dzen.ru/a/aqZPp3OQWXLZocqC,29,0,57,Следить за здоровьем жителям Иркутской области станет проще. В регионе запускают систему дистанционного наблюдения за глюкозой и давлением — она поможет пациентам с диабетом и гипертонией держать боле
2026-09-13 05:45,article,КП-Иркутск в десятый раз запустила фотоконкурс среди учителей,https://dzen.ru/a/aqY5ER3cWgqrIh-0,13,0,89,"«Комсомольская правда» — Иркутск в десятый раз запускает народный конкурс «Классный учитель в Иркутске», чтобы найти самого вдохновляющего педагога Приангарья. Мы приглашаем всех учителей области заяв"
2026-09-13 04:41,article,«Сбил двух подростков и скрылся»: в Аларском районе разыскивают виновника ДТП,https://dzen.ru/a/aqYqLx3cWgqrIdlQ,15,0,70,Жуткий дорожный инцидент произошёл около девяти часов вечера 12 сентября в Аларском районе. На автодороге «Кутулик — Бахтай — Хадахан» неизвестный водитель сбил двух подростков и скрылся с места проис
2026-09-13 04:11,article,"На берегу реки рыбаки нашли тело мужчины. О том , что произошло в его последние минуты жизни, выяснили спустя 13 лет",https://dzen.ru/a/aqYjIh3cWgqrIbgV,520,0,160,"Лето 2012 года. Берег Ангары, недалеко от деревни Калашниково в Боханском районе. Тишина. И вдруг — страшная находка. Тело неизвестного мужчины со следами насильственной смерти. Кто он? Что с ним случ"
2026-09-13 03:55,article,Пять тысяч студентов прошли парадом у памятника Александру III в Иркутске,https://dzen.ru/a/aqYfPh3cWgqrIaeq,67,0,45,"Площадь у памятника Александру III стала эпицентром молодости и амбиций. Иркутские студенты объединились в рядах Парада российского студенчества — мероприятия, которое в нашем городе проходит уже в де"
2026-09-13 03:33,article,"Спасатели эвакуировали туристов, чья лодка перевернулась в Тункинском районе",https://dzen.ru/a/aqYZ2YDLTiGUITCw,51,0,76,"Два дня напряжённой работы, сотни километров по бездорожью и сложная логистика — спасатели Бурятской республиканской поисково спасательной службы (БРПСС) выполнили непростую задачу: эвакуировали турис"
2026-09-13 03:09,article,Глава СК взял на контроль ситуацию с инвалидностью роженицы в Иркутской области,https://dzen.ru/a/aqYWlXOQWXLZoLPB,1147,1,42,"Громкий резонанс вызвала история о ненадлежащем оказании медицинской помощи роженице в Иркутской области: по данным СМИ, в 2025 году из за действий медиков женщине была присвоена инвалидность. При это"
2026-09-13 02:59,article,Экипаж автобуса № 37 спас пассажирку с приступом эпилепсии в Улан-Удэ,https://dzen.ru/a/aqYSWB3cWgqrIV9x,283,0,49,"Улан-Удэ. Утро, привычный маршрут, сотни мыслей — и вдруг тишина в салоне, которую разрывает чей то взволнованный голос: «Женщине плохо!». В автобусе № 37 (гаражный номер 473) в считанные секунды всё "
2026-09-13 01:56,article,В Иркутске авиакомпанию наказали за овербукинг на рейсе в Сочи,https://dzen.ru/a/aqYDIHOQWXLZoFqo,139,0,58,"Билет куплен, чемодан собран, настроение — в полёт… А в аэропорту неприятный сюрприз: мест в самолёте нет. Именно в такую ситуацию попал пассажир рейса Иркутск — Сочи в сентябре 2025 года. Оказалось, "
2026-09-13 01:53,article,Драматургу из Черемхово Владимиру Гуркину исполнилось бы 75 лет,https://dzen.ru/a/aqYCYh3cWgqrIRrv,1280,5,74,"Сегодня Черемхово отмечает важную дату — выдающемуся драматургу Владимиру Павловичу Гуркину исполнилось бы 75 лет. Имя этого человека навсегда вписано в историю города золотыми буквами, а его творчест"
2026-09-13 01:38,article,"Сибиряк потерял больше миллиона рублей в ДТП с лошадью, но не может найти виновных",https://dzen.ru/a/aqX_ORiP9hd_JQns,224,1,339,"5 ноября прошлого года. Темно, начало девятого. 37-летний Дмитрий возвращался домой — из деревни Куда в деревню Тальку. Дорога асфальтированная, но местная, не федеральная. Дорожные знаки отсутствуют."
2026-09-12 22:00,article,Что произошло в Иркутской области в ночь на 13 сентября: последние новости,https://dzen.ru/a/aqXMLR3cWgqrIBM-,1473,0,60,"В Братском районе утром 12 сентября на 284-м километре трассы А-331 «Вилюй» произошло смертельное ДТП. Грузовик Iveco с полуприцепом, ехавший из Братска в Усть-Кут, столкнулся со встречным Lexus RX350"
2026-09-12 11:57,article,В Ангарске при столкновении с автомобилем погиб мотоциклист,https://dzen.ru/a/aqU-5IDLTiGUHwiz,57,0,33,"В Ангарске сотрудники Госавтоинспекции разбираются в обстоятельствах аварии, в которой погиб водитель мотоцикла. По предварительным данным, все случилось 12 сентября около 17 часов. «51-летний водител"
2026-09-12 11:54,article,Ветер усилится в Иркутской области 13 сентября,https://dzen.ru/a/aqU-JXOQWXLZnHP9,164,0,68,"Жителей Иркутской области предупреждают об опасных погодных явлениях. По данным Иркутского УГМС и МЧС России, 13 и 14 сентября местами по региону ожидается высокая пожароопасность лесов четвертого кла"
2026-09-12 10:48,article,В Забайкалье начали вакцинацию скота из-за вспышки эмкара,https://dzen.ru/a/aqUwuIDLTiGUHuV2,19,1,71,"В Забайкальском крае ветеринары проводят вакцинацию и лечение животных из-за вспышки эмкара - эмфизематозного карбункула, опасного для скота. Как сообщает ZabNews, забирать скот из хозяйств не станут."
2026-09-12 10:20,article,Зажглись костры рябин: смотрите яркие фото осеннего Иркутска,https://dzen.ru/a/aqUnk2FhSwy0xNPw,106,1,49,"В Иркутске наступила самая яркая пора осени: на улицах города массово покраснели гроздья рябины. Мы прошлись по центру, заглянули во дворы и парки, чтобы посмотреть, как город провожает лето и готовит"
2026-09-12 09:41,article,В Братском районе в ДТП с фурой погибли водитель и пассажир кроссовера,https://dzen.ru/a/aqUfPGFhSwy0xKWL,1140,0,50,"В Братском районе полицейские выясняют обстоятельства смертельной аварии с участием легковушки и большегруза. По предварительным данным, все случилось 12 сентября в 6:30 на 284-м километре автодороги "
2026-09-12 08:36,article,В Чите во время пожара в многоэтажке погибла пожилая женщина,https://dzen.ru/a/aqUPoYDLTiGUHosa,2,0,66,"Ночной пожар в Чите унес жизнь пожилой женщины. Сигнал о возгорании в многоквартирном доме поступил спасателям 12 сентября в 03:06. На место выехали расчеты трех пожарно-спасательных частей - №1, 3 и "
2026-09-12 08:07,article,"Гигантский кокошник, танцы под гусли и ведущий в образе Пушкина: в Иркутске сыграли свадьбу по мотивам русских сказок",https://dzen.ru/a/aqUIV3OQWXLZm1HG,702,1,296,"В Иркутске сыграли свадьбу, которую гости запомнят надолго. Александр Жиликов и Наталия Краснова решила отказаться от привычного банкета и устроила торжество в стиле русских сказок - с кокошником, гус"
2026-09-12 07:30,article,В Киренске после проверки прокуратуры снесли опасную спортплощадку,https://dzen.ru/a/aqUAaGFhSwy0w_9B,16,0,39,"В Киренске демонтировали спортивную площадку, которая не отвечала требованиям безопасности. К такому результату привела проверка прокуратуры Киренского района, изучившей, как соблюдается законодательс"
2026-09-12 06:50,article,В Иркутске на форуме общественности обсудили будущее города,https://dzen.ru/a/aqT4wxiP9hd_Il4G,2,1,114,"В Иркутске прошел форум общественности «Из прошлого в будущее: сила - в единстве». В нем приняли участие представители власти, общественных организаций, национально-культурных объединений, бизнеса, на"
2026-09-12 06:24,article,В Нижнеудинске ветеринары удалили собаке опухоль размером с голову,https://dzen.ru/a/aqTwXhiP9hd_Ikk3,19,0,37,"В Нижнеудинске ветеринары провели операцию собаке, у которой обнаружили крупное новообразование. В клинику обратились владельцы восьмилетнего кобеля мелкой породы весом около 15 килограммов. Причиной "
2026-09-12 06:21,article,"Сибирячка показала, во что превратила свою дачу. Вы не поверите: здесь растет кардкаде, чуфа и батат",https://dzen.ru/a/aqTvkmFhSwy0w6ey,2543,0,356,"В Иркутске живет женщина, которая превратила свой участок в настоящую лабораторию под открытым небом. Наталья Садыкова выращивает не только привычные для сибиряков овощи и ягоды, но и редкие экзотичес"
2026-09-12 05:18,article,В Забайкалье сформировали 65 групп для отлова медведей у поселков,https://dzen.ru/a/aqThHhiP9hd_IiC2,342,0,32,"В Забайкальском крае усилили работу по защите населения от медведей, которые подходят близко к населенным пунктам. Для оперативного реагирования на такие случаи сформировали 65 групп, в которые вошли "
2026-09-12 05:08,article,"Что стало с молодой мамой, которая забыла сына после страшной трагедии: «Вместе играют»",https://dzen.ru/a/aqTeknOQWXLZmnaU,14543,18,317,"Май 2024 года стал для 21-летней Ксении Домброван из Иркутской области началом новой жизни - у нее родился сын. Она мечтала научить малыша первым словам и шагам, помогать познавать мир. Но судьба расп"
2026-09-12 04:12,article,Глава СК запросил доклад по делу о ДТП с погибшим ребенком в Ангарске,https://dzen.ru/a/aqTRqmFhSwy0ww1b,2061,3,40,"Председатель Следственного комитета запросил доклад по уголовному делу о ДТП в Иркутской области, в котором погиб ребенок. Следственные органы СК России по Иркутской области завели дело против местной"
2026-09-12 03:28,article,"Парень убегал от гибели, а пуля отца попала ему в ногу: попытка спастись от медведя едва не закончилась трагедией",https://dzen.ru/a/aqTILIDLTiGUHc_-,7190,5,147,"В Бурятии произошел случай, который едва не закончился трагедией. Парень загонял скот из леса на пастбище возле села Инзагатуй, когда на него внезапно выскочил медведь. Хищник бросился на него, и тот "
2026-09-12 03:06,article,Женщина потеряла больше миллиона рублей после онлайн-знакомства в Иркутске,https://dzen.ru/a/aqTCgYDLTiGUHcGp,212,2,56,"Жительница Иркутска стала жертвой мошенника, с которым познакомилась в интернете. 41-летняя женщина обратилась в дежурную часть Межмуниципального управления МВД России «Иркутское» и заявила, что у нее"
2026-09-12 02:35,article,Хищник гулял по детскому саду: ситуация с медведями в Иркутской области 12 сентября 2026,https://dzen.ru/a/aqS8InOQWXLZmcTP,686,2,242,Ситуация с медведями в Иркутской области 12 сентября 2026 продолжает оставаться напряженной. Жители замечают хищников в разных частях региона. В Ангарском округе введен режим повышенной готовности из-
2026-09-12 02:08,article,В Оекском округе начались выплаты за павший от узелкового дерматита скот,https://dzen.ru/a/aqS0_WFhSwy0wnwm,10,0,89,"В Оекском административном округе начался прием заявлений на дополнительную материальную помощь для владельцев личных подсобных хозяйств, чей скот пострадал от заразного узелкового дерматита. Каждая с"
2026-09-11 22:00,article,Что произошло в Иркутске в ночь на 12 сентября 2026: последние новости,https://dzen.ru/a/aqR6xHOQWXLZmHGx,37,0,42,"Жителя Братска осудили за продажу пороха и хранение патронов Мужчина был охотником, но лицензии его лишили, а ружье изъяли за административное нарушение. Несмотря на это, дома он хранил 29 патронов к "
2026-09-11 14:37,article,Двух волков отстрелили возле села Шимбилик в Забайкалье,https://dzen.ru/a/aqQStYDLTiGUG9g4,5,0,48,"В Красночикойском округе 10 сентября добыли двух волков - самца и самку. Как сообщает ZabNews со ссылкой на краевое Минприроды, мобильная группа работала в районе села Шимбилик. Регулирование численно"
2026-09-11 14:18,article,В Иркутском округе привили от дерматита больше 7 тысяч голов скота,https://dzen.ru/a/aqQOwWFhSwy0vtGb,204,1,53,"В Оекском административном округе начали принимать заявления на дополнительную материальную помощь. Ее получат владельцы личных подсобных хозяйств, чей скот пострадал от заразного узелкового дерматита"
2026-09-11 13:49,article,Врач предупредил о смертельной опасности грибов,https://dzen.ru/a/aqQHv4DLTiGUG7NC,49,0,49,"Опасность грибов не всегда в том, что они ядовиты. Врач Иван Еременко объяснил, что неправильное хранение превращает даже хороший продукт в источник токсинов плесени. Эти вещества накапливаются в орга"
2026-09-11 13:41,article,"Работники авиазавода спасли «собаку-заводчанку», которая каждый день встречала их у проходной. Теперь Авроре нужен дом",https://dzen.ru/a/aqQFwBiP9hd_H7Iy,226,2,150,В июне этого года у проходной авиазавода в Улан-Удэ появился необычный «дежурный». Небольшая собака каждое утро встречала сотрудников у проходной и внимательно рассматривала каждого в ожидании угощени
2026-09-11 13:28,article,"Сама вышла на мошенников: женщина потеряла 3,4 миллиона, отправив пару сообщений незнакомцу",https://dzen.ru/a/aqQCl2FhSwy0voQ0,300,0,49,"48-летняя женщина стала жертвой мошенников при покупке машины. Как сообщает телеканал «Саратов 24» со ссылкой на МВД региона, 21 августа она нашла в соцсети объявление о продаже автомобилей из Европы,"
2026-09-11 12:58,article,"Врач объяснил, как понять, что организму не хватает витаминов",https://dzen.ru/a/aqP7_HOQWXLZlYVJ,10,0,62,"Постоянная усталость, плохое настроение и тусклые волосы часто списывают на стресс и недосып. А на самом деле так может сигналить нехватка витаминов. Врач Александр Умнов в разговоре с NEWS.ru перечис"
2026-09-11 12:32,article,"Обычный насморк оказался симптомом редкого синдрома у школьницы: «В черепе у Сони росла опухоль, словно монтажная пена»",https://dzen.ru/a/aqP1XHOQWXLZlWG0,1318,2,195,"11 сентября Соня Хростовская из Иркутской области встречает свои девять лет в московском реабилитационном центре. Без торта, без шумной вечеринки — зато с надеждой на полное выздоровление. А ведь ещё "
2026-09-11 11:27,article,"«И вы, и ваша жена в большой опасности»: после этих слов сибиряк лишился 10 млн рублей",https://dzen.ru/a/aqPmSXOQWXLZlQol,66,0,50,"66-летний житель города Алзамай стал жертвой телефонных мошенников. Как сообщили КП-Иркутск в МВД региона, ему позвонил неизвестный, представился силовиком и заявил, что аферисты пытаются похитить сбе"
2026-09-11 11:00,article,Узелковый дерматит нашли еще в девяти хозяйствах Иркутской области,https://dzen.ru/a/aqPfoXOQWXLZlOPC,334,2,64,"Вспышка узелкового дерматита в Приангарье не думает отступать. Ветеринары выявили еще девять очагов в личных подсобных хозяйствах, по постановлению губернатора от 10 сентября 2026 там ввели карантин. "
2026-09-11 10:31,article,Водитель и двое медиков пострадали в ДТП с участием скорой в Тайшете 11 сентября,https://dzen.ru/a/aqPZLBiP9hd_HzOB,1486,0,54,"ДТП с участием скорой в Тайшете 11 сентября 2026 произошло утром на пересечении улиц Ленина и Пушкина. Как сообщили КП-Иркутск в региональной Госавтоинспекции, столкнулись Toyota Highlander и машина с"
2026-09-11 09:55,article,В Иркутской области открыли горячую линию из-за вспышки узелкового дерматита,https://dzen.ru/a/aqPQXRiP9hd_Hxoc,35,1,44,В Иркутской области заработала горячая линия по вопросам заразного узелкового дерматита крупного рогатого скота. Об этом КП-Иркутск сообщили в региональном Управлении Россельхознадзора. - По телефону 
2026-09-11 09:44,article,«Ты привыкла перед мужиками раздеваться? Давай»: подруги из ревности остригли и пустили голой по улице 17-летнюю школьницу,https://dzen.ru/a/aqPN9nOQWXLZlIAr,531,0,175,"В маленьком сибирском городке эта история гремела очень долго и громко*. Две взрослые женщины, решив, что им нанесли смертельное оскорбление, устроили публичный самосуд над 17 летней девушкой. Остригл"
2026-09-11 09:22,article,Жителя Братска осудили за продажу пороха и хранение патронов,https://dzen.ru/a/aqPI93OQWXLZlGYs,53,0,50,Падунский районный суд Братска вынес приговор 46-летнему местному жителю. Его признали виновным в незаконном хранении боеприпасов и сбыте взрывчатых веществ. Об этом КП-Иркутск сообщили в МВД и прокур
2026-09-11 09:00,article,Муж поссорился с женой из-за яичницы и убил её одним ударом в ягодицу,https://dzen.ru/a/aqPEIhiP9hd_Hvfu,158,0,80,"Ночной перекус, который должен был закончиться привычным «пережарил — ну и ладно», обернулся трагедией, потрясшей даже видавших виды следователей. 28 марта* в квартире на улице Хрустальной в Улан Удэ "
2026-09-11 08:57,article,"Сибирячка несла мошенникам 3 миллиона, но до банкомата они не доехали: деньги вытащил вор в автобусе",https://dzen.ru/a/aqPDURiP9hd_HvWL,4555,7,130,"Представьте: четыре дня вы «спасаете» миллионы от «спецслужб», несете наличные курьерам, а потом садитесь в автобус, чтобы перевести последние три миллиона на «безопасный счет». И тут пакет с деньгами"
2026-09-11 08:32,article,Спикер областного парламента посетил Свирскую городскую больницу,https://dzen.ru/a/aqO9sWFhSwy0vQXJ,24,0,75,Председатель Законодательного Собрания Иркутской области Александр Ведерников во время рабочего визита в Свирск побывал в местной городской больнице. Там он познакомился с процессом диспансеризации и 
2026-09-11 08:10,article,Жителя Шелехова осудят за статус «смотрящего» и экстремизм,https://dzen.ru/a/aqO37u6e4WkGCrwx,100,1,48,В Иркутский областной суд ушло уголовное дело против 40-летнего жителя Шелехова. Его обвиняют в занятии высшего положения в преступной иерархии и организации деятельности экстремистской организации. О
2026-09-11 07:48,article,"Грипп может прийти раньше: врач рассказал, ждать ли возвращения ковида и чем будут болеть сибиряки осенью 2026",https://dzen.ru/a/aqOzEO6e4WkGCq0J,639,0,242,"Лето закончилось, дети вернулись за парты, взрослые вышли из отпусков, города снова наполнились людьми. Вместе с привычным осенним ритмом пришла и знакомая напасть: в Иркутской области уже подтвердили"
2026-09-11 07:47,article,В Нижнеудинске приставы спасли мужчину с эпилептическим приступом,https://dzen.ru/a/aqOyTKKBtmtjPfp-,12,0,38,"В Нижнеудинске двое судебных приставов пришли на помощь мужчине, у которого случился приступ эпилепсии. Инцидент произошёл в здании судебных участков мировых судей. - Во время судебного процесса мужчи"
2026-09-11 07:15,article,В Ангарске у пьяного водителя конфисковали «УАЗ Патриот»,https://dzen.ru/a/aqOrIaKBtmtjPdUG,20,0,45,"Ангарский суд вынес приговор 41-летнему местному жителю, которого задержали за повторную езду в нетрезвом виде. - В декабре 2025 года сотрудники патрульно-постовой службы заметили мужчину, который выш"
2026-09-11 06:21,article,В Иркутске днём 11 сентября внезапно хлынул ливень,https://dzen.ru/a/aqOhfcSWjwEs1OEA,209,0,46,Жители Иркутска днём 11 сентября столкнулись с внезапным ливнем. КП-Иркутск собрала видео ливня в Иркутске 11 сентября 2026. Ещё за пять минут до него погода ничего не предвещала - небо оставалось ясн
2026-09-11 04:57,article,В Ангарске пожарные спасли семь человек из горящего дома,https://dzen.ru/a/aqOKmO6e4WkGCkR8,19,0,37,Ночью 11 сентября в Ангарске загорелась квартира на четвёртом этаже многоквартирного дома. На место выехали 19 пожарных на пяти единицах техники. - Восемь жильцов смогли покинуть здание самостоятельно
2026-09-11 04:24,article,В Иркутской области от укусов клещей пострадали 104 человека за неделю,https://dzen.ru/a/aqODQe6e4WkGCjGu,35,0,46,В Иркутской области клещи продолжают сохранять активность. За прошедшую неделю в медучреждения по поводу укусов обратились 104 жителя региона. Всего с начала эпидсезона зарегистрировано 21 324 обращен
2026-09-11 04:09,article,"Дети шли по «зебре», а через мгновение 5-летний мальчик погиб на глазах сестры и брата: «От травм скончался на месте»",https://dzen.ru/a/aqOADKKBtmtjPOk0,364,0,65,"Следственным отделом по городу Ангарску СУ СК России по Иркутской области завели уголовное дело в отношении 63-летней женщины. Она подозревается в совершении преступления, предусмотренного частью 4 ст"
2026-09-11 03:40,article,Жительница Эхирит-Булагатского района выплатила 6 млн после ареста счёта,https://dzen.ru/a/aqN4xqKBtmtjPL2e,18,0,42,"Жительница Эхирит-Булагатского района погасила долг свыше 6 миллионов рублей только после того, как судебные приставы арестовали деньги на её банковском счёте. - Ранее суд обязал женщину выплатить стр"
2026-09-11 03:35,article,Монголка из Иркутской области и её муж нигериец показали своих детей,https://dzen.ru/a/aqN35-6e4WkGCg9f,55,1,63,"Блогер из Иркутской области Энхсоно Нарантуяа, или сокращённо Соня, и её муж Эммануэль Ндукве показали фото своих детей — и соцсети взорвались от восхищения. 6 летняя Наралина и 2 летний Габриэль унас"
2026-09-11 03:22,article,«Это мой первый гигант»: тыква 12-летнего Ерёмы Павленко стала самой большой на фестивале - 817 кг!,https://dzen.ru/a/aqN1de6e4WkGCgfU,342,2,110,Ещё несколько месяцев назад об этом школьнике знали только в узких кругах гигантоводов. А теперь его имя - в топе главных аграрных новостей страны. Тыква Ерёмы весом 817 килограммов стала самой большо
2026-09-11 02:56,article,В Братском районе бойцу СВО выплатили задержанную зарплату после проверки,https://dzen.ru/a/aqNu38WGh2NiF6JG,983,1,36,"Прокуратура Братского района проверила соблюдение трудового законодательства и восстановила права участника специальной военной операции. - Выяснилось, что в январе 2026 года в организация задержала з"
2026-09-11 02:24,article,«Сохраняйте абсолютное спокойствие»: в Ангарске ввели режим повышенной готовности из-за медведей,https://dzen.ru/a/aqNnFqKBtmtjPGLX,483,1,68,В связи с участившимися случаями выхода медведей в пределы городской черты 10 сентября с 19:00 на территории Ангарского округа введён режим повышенной готовности. Такое решение приняли по итогам засед
2026-09-11 02:21,article,В зоне СВО погиб 20-летний боец из Эхирит-Булагатского района Александр Чимитов,https://dzen.ru/a/aqNmQsWGh2NiF353,30,0,55,"В зоне специальной военной операции погиб житель Усть-Ордынского Александр Викторович Чимитов. Он родился 16 июня 2006 года, учился в начальной школе, затем в средней школе № 2. После девятого класса "
2026-09-11 01:57,article,"В Тулуне трое подростков устроили пожар в подъезде, пострадал мужчина",https://dzen.ru/a/aqNgfsSWjwEs1DhO,16,0,48,"Вечером в посёлке Стекольный под Тулуном произошёл пожар в пятиэтажном доме. Трое подростков 11–13 лет поджигали бумагу и бросали её на диван, стоявший в подъезде на последнем этаже. - Когда огонь быс"
2026-09-11 01:57,article,Фейки о медведях мешают охотникам: ситуация с медведями в Иркутской области 11 сентября 2026,https://dzen.ru/a/aqNgf8WGh2NiF2Se,126,0,246,"Ситуация с медведями в Иркутской области 11 сентября 2026 продолжает оставаться напряжённой. В регионе создана 81 оперативная группа, в которых задействованы 209 специалистов и 142 единицы техники. То"
2026-09-11 01:36,article,В Иркутске женщина оштрафована на 50 тысяч за нападение на полицейского,https://dzen.ru/a/aqNbz8WGh2NiF1Gt,155,0,34,Ленинский районный суд Иркутска вынес приговор 67-летней местной жительнице. Её признали виновной в применении насилия в отношении представителя власти. В сентябре 2025 года женщину доставили в отдел 
2026-09-11 00:53,article,Жителя Ангарска осудили за передачу доступа к счёту мошенникам,https://dzen.ru/a/aqNRhcWGh2NiFyDj,37,0,40,Мировой судья Ангарска и Ангарского района вынес приговор 20-летнему местному жителю. Его признали виновным в неправомерном обороте средств платежей. - В декабре 2025 года молодой человек за вознаграж
2026-09-11 00:22,article,В Боханском районе пенсионерку будут судить за отравление бездомной собаки,https://dzen.ru/a/aqNKM6KBtmtjO9da,27,0,39,"В Боханском районе расследовали уголовное дело против 82-летней местной жительницы, которую обвиняют в жестоком обращении с животным. Как сообщили КП-Иркутск в МВД региона, бездомная собака проникла н"
2026-09-10 23:40,article,В Иркутске на Байкальской столкнулись «Газель» и легковушка,https://dzen.ru/a/aqNAi6KBtmtjO6sD,9,0,27,"В Иркутске прокуратура взяла на контроль проверку по факту ДТП на улице Байкальской. - Авария произошла 10 сентября - столкнулись микроавтобус «Газель» и автомобиль Daihatsu Move, - рассказали в проку"
2026-09-10 23:07,article,"В Иркутске 11 сентября ожидается дождь и до +19, возможна гроза",https://dzen.ru/a/aqM4du6e4WkGCXz3,29,0,35,"В пятницу, 11 сентября, в Иркутске ожидается переменная облачность и кратковременный дождь, в пригородной зоне возможна гроза. Ветер северо-западный, 5–10 м/с, утром и днём с порывами до 14 м/с, в при"
2026-09-10 22:00,article,Что произошло в Иркутске в ночь на 11 сентября 2026: последние новости,https://dzen.ru/a/aqMpOMSWjwEs07iC,19,0,44,"В Иркутске открыли мемориальную доску кавалеру ордена Мужества На фасаде иркутской школы № 30 появилась мемориальная доска в честь выпускника Александра Голышева, кавалера ордена Мужества. Он погиб в "
2026-09-10 14:50,article,В Братске из-за грозы и сильного ветра отключили свет,https://dzen.ru/a/aqLEXsWGh2NiFEXI,422,0,52,Непогода неожиданно ворвалась в Иркутскую область. КП-Иркутск рассказывает о последствиях грозы в Братске 10 сентября 2026. Проблемы с электричеством начались из-за мощной грозы с порывистым ветром и 
2026-09-10 14:37,article,"Психолог объяснила, почему ребенок не хочет идти в школу и как ему помочь",https://dzen.ru/a/aqLBJ-6e4WkGCEMZ,19,0,59,"Фраза «не хочу в школу» - это не каприз, а сигнал. Если ребенок повторяет ее раз за разом, ругать и заставлять бесполезно. Семейный психолог Оксана Гайнулина рассказала NEWS.ru, как найти настоящую пр"
2026-09-10 14:21,article,Женщина жестоко расправилась с собакой из-за испорченной грядки,https://dzen.ru/a/aqK9w8SWjwEs0psH,52,0,38,"В Боханском районе завершили расследование уголовного дела против 82-летней местной жительницы. Пенсионерка отравила бездомную собаку, которая забралась на ее участок. Об этом сообщает ИА «Виаком» со "
2026-09-10 13:54,article,"Мужчина получит назад 890 тысяч, украденных мошенниками",https://dzen.ru/a/aqK3FMWGh2NiE-1K,21,0,38,"71-летний житель Кузнецка стал жертвой мошенников в феврале 2026 года. Его убедили перевести сбережения на «безопасный счет», и пенсионер отдал неизвестным 890 тысяч рублей. Об этом сообщает сетевое и"
2026-09-10 13:29,article,Первые выплаты за изъятый из-за болезни скот поступили жителям Иркутского округа,https://dzen.ru/a/aqKx6KKBtmtjOJg0,57,0,58,"Жители Иркутского округа 10 сентября 2026 начали получать компенсации за сельхозживотных, изъятых из-за вспышки узелкового дерматита. Первые деньги уже пришли на счета. Об этом сообщил губернатор Игор"
2026-09-10 13:15,article,«Мы друг друга поддерживаем»: в Иркутске прошёл Форум общественности «Из прошлого в будущее: сила - в единстве»,https://dzen.ru/a/aqKtosWGh2NiE6oZ,0,0,387,"10 сентября в Библиотеке имени Молчанова-Сибирского прошёл Форум общественности города Иркутска «Из прошлого в будущее: сила - в единстве». Мэр, депутаты, общественники, предприниматели, учёные собрал"
2026-09-10 12:19,article,«Отмечаем Рождество и Сагаалган»: монголка вышла замуж за «африканского принца» и родила ему детей необычной красоты,https://dzen.ru/a/aqKgvcWGh2NiE0wf,237,0,271,"— Обращайтесь ко мне сокращённо — Соня, даже муж меня так называет, — просит корреспондента КП-Иркутск Энхсоно Нарантуяа. С супругом Эммануэлем она чаще всего разговаривает на английском языке, иногда"
2026-09-10 12:17,article,В Иркутске открыли мемориальную доску кавалеру ордена Мужества,https://dzen.ru/a/aqKgvcSWjwEs0jSt,39,0,59,"На фасаде иркутской школы № 30 появилась мемориальная доска в честь выпускника Александра Голышева, кавалера ордена Мужества. Он погиб в 2023 году под Кременной в Луганской Народной Республике. Алекса"
2026-09-10 11:28,article,Председатель Заксобрания оценил реализацию инициативных проектов в Свирске,https://dzen.ru/a/aqKVtO6e4WkGB6im,15,0,53,"Спикер областного парламента Александр Ведерников посетил город Свирск. Вместе с мэром, Владимиром Орноевым, он побывал на объектах, где реализуются инициативные проекты местных жителей. Например, скв"
2026-09-10 11:02,article,"Фильм о семье из Иркутска, потерявшей квартиру из-за мошенников, вышел в прокат",https://dzen.ru/a/aqKOy8SWjwEs0fSv,2171,2,43,"10 сентября 2026 в прокат вышел фильм «#CЪЕХАВШИЕ» (18+). Это семейная комедия, основанная на реальной истории Ольги и Вячеслава Деменковых из Иркутска. Напомним, супруги пять лет копили на квартиру, "
2026-09-10 10:49,article,В Заксобрании Иркутской области обсудили поддержку местной прессы,https://dzen.ru/a/aqKMNaKBtmtjN4nJ,2,0,69,"На заседании парламентской комиссии по регламенту, депутатской этике, информационной политике и связям с общественными объединениями Заксобрания обсуждался вопрос поддержки районных и городских средст"
2026-09-10 10:44,article,"Думала, это обычная «болячка», оказалось - опухоль: врачи застыли в ужасе, взглянув на лицо сибирячки",https://dzen.ru/a/aqKKosSWjwEs0edU,395,0,62,"Сибирячка долгие годы отмахивалась от врачей. Однажды зашла домой с тяжелыми сумками, села пить чай и задумалась: может, все-таки пора дойти до поликлиники? На улице ей как раз попалось объявление: лю"
2026-09-10 10:17,article,«Съешь за 15 секунд и получишь приз!»: новая мошенническая схема появилась в Иркутске,https://dzen.ru/a/aqKGmBwIljOW5Hjc,1217,0,54,В Иркутске появилась новая схема обмана. В общественных местах к людям подходят аниматоры с упаковкой популярных пирожных и предлагают денежный приз. Условие простое: съесть одно пирожное целиком за 1
2026-09-10 10:02,article,"Рассказываем, где отключат горячую воду в Иркутске в сентябре 2026",https://dzen.ru/a/aqKA4u6e4WkGB19K,56,0,82,"Отключение горячей воды в Иркутске в сентябре 2026 года затронет несколько районов. Причина - ремонт и аварии на наружных сетях. Публикуем адреса, где воды не будет дольше суток. В Правобережном и Окт"
2026-09-10 09:35,article,"Охотоведы ищут медведя, вышедшего к домам в Киренске",https://dzen.ru/a/aqJ6m6KBtmtjNwcn,98,0,56,"В Иркутской области медведи продолжают выходить к людям. В Киренске в соцсетях разошлось видео: огромный зверь стоит на задних лапах, оглядывается и резко убегает в сторону жилых домов. Как сообщили К"
2026-09-10 09:05,article,Вакцинация скота и выплаты пострадавшим: как обстоит ситуация с узелковым дерматитом в Иркутской области 10 сентября 2026,https://dzen.ru/a/aqJzbxwIljOW4-bN,3,0,164,Ситуация с узелковым дерматитом в Иркутской области 10 сентября 2026 перешла в новую фазу: в населенных пунктах Иркутского муниципального округа началась вакцинация скота. Губернатор Игорь Кобзев пров
2026-09-10 08:13,article,В Иркутске трамваи № 1 и 2 не едут к Центральному рынку из-за обрыва сети,https://dzen.ru/a/aqJniMSWjwEs0WFa,13,0,35,В Иркутске днем 10 сентября 2026 года приостановили движение трамваев маршрутов № 1 и 2 в сторону Центрального рынка. Причина - повреждение контактной сети. Ее задел большегруз в районе Железнодорожно
2026-09-10 07:50,article,"В Иркутске на Байкальской столкнулись иномарка и маршрутка, есть пострадавшие",https://dzen.ru/a/aqJhw6KBtmtjNkd9,94,0,45,"Авария с участием маршрутки в Иркутске 10 сентября 2026 произошла на улице Байкальской около 11:45. Как сообщили КП-Иркутск в городской Госавтоинспекции, 26-летний водитель Daihatsu Move ехал со сторо"
2026-09-10 07:34,article,Врач из Бурятии развенчала мифы об алкоголе и грудном вскармливании,https://dzen.ru/a/aqJes6KBtmtjNi6p,13,0,119,"В рамках Недели сокращения потребления алкоголя главный внештатный специалист по акушерскому делу Минздрава Бурятии Светлана Иванова рассказала о самых распространённых заблуждениях, с которыми сталки"
2026-09-10 07:25,article,В Усольском районе пройдут всероссийские велогонки памяти Вячеслава Киселева,https://dzen.ru/a/aqJcOaKBtmtjNh2s,30,0,60,С 25 по 27 сентября 2026 в Усолье-Сибирском и Усольском районе пройдут всероссийские и открытые областные соревнования по велоспорту на шоссе. Турнир посвящен памяти мастера спорта СССР Вячеслава Кисе
2026-09-10 07:17,article,"«Вокруг следы медведей. Очень много»: новые подробности о поисках туристки, пропавшей в горах Бурятии без еды и теплой одежды",https://dzen.ru/a/aqJase6e4WkGBtFD,1042,7,286,"В горах Восточных Саян уже вторую неделю ищут 58-летнюю жительницу Иркутска. Женщина пропала 29 августа в районе горы Буту-Гол. Несмотря на заморозки, снег и болота, спасатели и добровольцы продолжают"
2026-09-10 07:02,article,Ливень неожиданно начался в Иркутске днем 10 сентября,https://dzen.ru/a/aqJWmqKBtmtjNfbD,3797,2,60,"Говорят, у природы нет плохой погоды, но ливень в Иркутске 10 сентября 2026 года сильно подпортил настроение сибиряков. Накануне Гидрометцентр обещал, что в городе будет тепло, солнечно, а главное – б"
2026-09-10 06:44,article,Известный магазин закрылся в центре Ангарска,https://dzen.ru/a/aqJSn-6e4WkGBrb1,2049,4,44,В самом сердце Ангарска опустела ещё одна знаковая точка: в центре города закрылся магазин «У миленькой». На окнах появилось объявление о сдаче помещения в аренду. Жители города нефтехимиков называют 
2026-09-10 05:59,article,Жителей Иркутска приглашают на гала-концерт «Городская площадь талантов»,https://dzen.ru/a/aqJIT-6e4WkGBpTX,34,0,54,В Иркутске готовят настоящий фейерверк творчества — 12 сентября бульвар Постышева станет главной сценой города. С 13:00 до 16:00 здесь развернётся гала-концерт «Городская площадь талантов»: вместо при
2026-09-10 05:37,article,Масштабная вакцинация домашнего скота началась под Иркутском,https://dzen.ru/a/aqJClhwIljOW4n_t,171,0,56,В Иркутском муниципальном округе стартовала масштабная вакцинация сельхозживотных. Об этом сообщают в пресс-службе правительства Приангарья. Ветеринары работают по особой схеме — по кольцевому принцип
2026-09-10 05:08,article,В Ангарском округе отопительный сезон стартует 14 сентября,https://dzen.ru/a/aqI8ZRwIljOW4lO3,73,0,53,"Ангарск готовится к холодам: подача тепла в систему теплоснабжения города начнётся уже 14 сентября. Об этом сообщили в профильном комитете администрации — по вопросам ЖКХ, строительства, транспорта и "
2026-09-10 05:00,article,Недвижимость запрещённой религиозной организации изъяли в Иркутске,https://dzen.ru/a/aqI6FBwIljOW4kFz,774,2,88,"Накануне ликвидации одна из местных религиозных организаций, запрещённых в России как экстремистская, попыталась спасти своё имущество — и вывести его за пределы страны, а точнее передать во владение "
2026-09-10 04:49,article,«В один момент перестал выходить на связь»: 81-летний мужчина пропал в лесу во время сбора грибов,https://dzen.ru/a/aqI3SxwIljOW4i-P,105,0,55,"Под Иркутском завершилась напряжённая поисковая операция: спасатели отыскали мужчину, который заблудился в лесу во время сбора грибов. Героем этой истории стал 81 летний житель, который 7 сентября отп"
2026-09-10 04:30,article,"Мошенники обманывали жертв, представляясь губернатором Иркутской области",https://dzen.ru/a/aqIzjxwIljOW4hQV,152,0,64,"Кажется, мошенники решили прокачать свои сценарии до уровня блокбастера: теперь не просто звонят, а устраивают целые видеоспектакли. И нашлись те, кто поверил в этот театр одного актёра — да ещё и с б"
2026-09-10 04:22,article,Сбор грибов и ягод запретили в нацпарке Бурятии из-за медведей,https://dzen.ru/a/aqIxGRwIljOW4gPP,93,0,58,"Внимание, туристы: в Забайкальском национальном парке из за медведей введены жёсткие ограничения. С 9 сентября 2026 года под запретом сразу несколько привычных для посетителей активностей. Нельзя оста"
2026-09-10 04:11,article,В Иркутске обсудили меры борьбы с эпизоотией и поддержку пострадавших фермеров,https://dzen.ru/a/aqIuhaKBtmtjNN5l,505,2,76,"В Иркутске состоялось масштабное оперативное совещание по эпизоотической обстановке в регионе, сообщают в пресс-службе правительства Приангарья. Мероприятие возглавил заместитель Министра сельского хо"
2026-09-10 04:03,article,Труп неизвестного мужчины в футболке с надписью «Кипелов» нашли в Улан-Удэ,https://dzen.ru/a/aqItFKKBtmtjNNRu,163,0,41,Жуткая находка в столице Бурятии: 9 сентября у дома № 72 на улице Ключевская в Октябрьском районе Улан Удэ обнаружен труп мужчины. Личность погибшего до сих пор неизвестна. Сотрудники уголовного розыс
2026-09-10 03:52,article,"«А ну пошёл!»: медведь ломился в дверь дома в Иркутской области и испугался, услышав русский мат",https://dzen.ru/a/aqIqg-6e4WkGBjFX,8366,6,86,"А у вас в Сибири медведи по улицам, наверное, ходят? Да, ходят! Ситуация с хищниками в Иркутской области остаётся напряжённой, но остаётся и место для юмора. Так, в Усть-Илимске разыгралась сцена, кот"
2026-09-10 03:19,article,"Жительница Бодайбо оплатила 1,7 млн долга, чтобы сохранить квартиру",https://dzen.ru/a/aqIij8SWjwEs0Gwm,9,0,33,"В Бодайбо 38-летняя предпринимательница выплатила крупный кредитный долг только после того, как судебные приставы арестовали её квартиру. Женщина долгое время не принимала мер к погашению задолженност"
2026-09-10 02:58,article,"«Закрыл курткой лицо и прошёл сквозь огонь»: возвращаясь с работы, полицейский спас женщину и её собаку от страшной смерти",https://dzen.ru/a/aqIds6KBtmtjNG2o,64,0,150,В МВД по Республике Бурятия поступило обращение от местной жительницы со словами искренней благодарности в адрес сотрудника УМВД России по городу Улан-Удэ Александра Маланханова. Страж порядка спас её
2026-09-10 02:26,article,В Тайшете полицейские задержали подозреваемого в краже телевизора у пенсионерки,https://dzen.ru/a/aqIV36KBtmtjND1b,47,0,36,"В Тайшете полицейские по горячим следам раскрыли кражу из комнаты в общежитии. В дежурную часть обратилась 85-летняя местная жительница — у неё пропал телевизор, пишет Тайшет 24. - В ходе оперативно-р"
2026-09-10 01:57,article,"Хищник ломился в дом, но его прогнали криком: рассказываем, как обстоит ситуация с медведями в Иркутской области на 10 сентября 2026",https://dzen.ru/a/aqIPPRwIljOW4Slg,872,1,224,"Ситуация с медведями в Иркутской области 10 сентября 2026 продолжает оставаться напряжённой. В регионе создана 81 оперативная группа, в которых задействованы 209 специалистов и 142 единицы техники. То"
2026-09-10 01:55,article,Жительница Бодайбо оплатила долг после запрета на сделки с недвижимостью,https://dzen.ru/a/aqIObO6e4WkGBdxo,5,0,38,"В Бодайбо 36-летняя местная жительница выплатила крупный налоговый долг только после того, как судебные приставы ограничили её права на недвижимость. Женщина знала о задолженности, но не спешила её оп"
2026-09-10 01:20,article,"В Киренске ветеринары спасли котёнка, который отравился мухомором",https://dzen.ru/a/aqIGhaKBtmtjM9kW,37,0,43,"В Киренскую ветклинику поступил котёнок с серьёзным отравлением. Как выяснилось, хозяин вернулся из леса с грибами и принёс мухомор, чтобы показать детям. - Любопытный питомец принял яркий гриб за игр"
2026-09-10 00:37,article,В Братске 207 домов перевели на газовое отопление,https://dzen.ru/a/aqH8sKKBtmtjM516,78,0,39,"В Братске продолжается масштабный перевод частных домов с угольного и дровяного отопления на газовое. По данным администрации города, полностью переоборудованы уже 207 домов. Ещё в 177 смонтированы си"
2026-09-10 00:07,article,На улице Киренской в Иркутске введут одностороннее движение,https://dzen.ru/a/aqH1vqKBtmtjM26q,290,0,27,Администрация Иркутска сообщила об изменении схемы движения на улице Киренской. С 29 сентября проезд по этому участку станет односторонним - в направлении от улицы Шевцова к улице Николаева. Решение п
2026-09-09 23:36,article,"Психолог ответил, как распознать влияние плохой компании на ребенка",https://dzen.ru/a/aqHv9KKBtmtjM0oT,218,0,48,"Семейный психолог Илья Волков в беседе с news.ru рассказал, как понять, что ребёнок попал под влияние нездорового окружения. По его словам, дети часто сами не осознают, что с ними происходит, поэтому "
2026-09-09 23:07,article,В Иркутске 10 сентября ожидается до +25 и без осадков,https://dzen.ru/a/aqHneO6e4WkGBWT1,24,0,30,"В четверг, 10 сентября, в Иркутске ожидается переменная облачность, существенных осадков не прогнозируется. Ветер северо-западный, ночью 3–8 м/с, днём 6–11 м/с. Температура воздуха ночью +8…+10, днём "
2026-09-09 22:00,article,Что произошло в Иркутской области в ночь на 10 сентября: главные новости,https://dzen.ru/a/aqHXb6KBtmtjMqcz,185,0,143,"В Шелехове 15-летнего подростка осудили за двойное убийство Шелеховский городской суд вынес приговор 15-летнему подростку, признанному виновным в убийстве двух человек. Он проведёт восемь лет в воспит"
2026-09-09 14:33,article,В Усть-Илимске медведь ломился в двери частного дома,https://dzen.ru/a/aqFvMBwIljOW3Pcn,462,1,43,"8 сентября в Иркутской области возле Усть-Илимска медведь забрёл на участок частного дома в садоводстве. Видео с камер наблюдения быстро разлетелось по соцсетям — на кадрах видно, как хищник заходит н"
2026-09-09 13:58,article,В Усть-Илимске ввели режим повышенной готовности из-за медведей,https://dzen.ru/a/aqFmZ6KBtmtjL6nh,68,0,42,В Усть-Илимске ввели режим повышенной готовности для всех служб из-за участившихся выходов медведей к городу и в населённые пункты. Такое решение приняли на заседании комиссии по чрезвычайным ситуация
2026-09-09 12:58,article,На перекрёстке Цукановой и Рабочего Штаба в Иркутске появятся новые полосы,https://dzen.ru/a/aqFY_cSWjwEszPqB,13,0,58,На перекрёстке улиц Марии Цукановой и Рабочего Штаба в Иркутске начались работы по уширению проезжей части. Подрядчик уже приступил к снятию старого асфальта на Рабочего Штаба - это часть комплексного
2026-09-09 11:55,article,Жителей Иркутска просят помочь в розыске без вести пропавшего мужчины,https://dzen.ru/a/aqFKBKKBtmtjLoof,94,0,39,"Следственный комитет по Иркутской области просит жителей Иркутска помочь в установлении личности мужчины, который пропал без вести предположительно в 2020–2023 годах. Его разыскивают в рамках расследо"
2026-09-09 11:26,article,В Октябрьском округе Иркутска принимают 11 отремонтированных дворов,https://dzen.ru/a/aqFDWsSWjwEszCKE,72,0,64,В Октябрьском округе Иркутска завершили ремонт 11 дворов многоквартирных домов. Работы финансировались из городского бюджета. Сейчас специалисты комитета по управлению округом вместе с жителями и пред
2026-09-09 10:47,article,В Иркутске утвердили план осенних отжигов и покоса сухой травы,https://dzen.ru/a/aqE5uaKBtmtjLebJ,3,0,44,В администрации Иркутска под руководством мэра Руслана Болотова прошло заседание комиссии по ЧС. На нём утвердили план профилактических отжигов и покоса сухой растительности на осенний период. До наст
2026-09-09 10:26,article,"Влюбленный в первокурсницу студент помог ей спрятать тело убитого отца, а потом сам сдал её полиции",https://dzen.ru/a/aqE0_MSWjwEsy5J7,296,4,101,"43-летнего рабочего из Иркутской области убила собственная дочь*. На скамье подсудимых — 18-летняя девушка и её бойфренд. В начале августа 2017 года первокурсница педагогического колледжа, учившаяся н"
2026-09-09 10:16,article,В Киренском районе женщина получила зарплату после вмешательства прокуратуры,https://dzen.ru/a/aqEyocSWjwEsy3zy,8,0,29,Прокуратура Киренского района помогла местной жительнице добиться выплаты заработной платы. Женщина обратилась в надзорное ведомство с жалобой на нарушение трудовых прав - при увольнении ей не отдали 
2026-09-09 10:09,article,"«Услышала гул, а через секунду произошло страшное»: обычный выходной на льду Байкала перевернул жизнь матери двоих детей",https://dzen.ru/a/aqEw_8SWjwEsy27V,742,4,214,"То злополучное воскресенье, 15 февраля, перевернуло жизнь 39-летней Ирины Секлетиной с ног на голову. Причем в прямом смысле этого слова. Вместе с подругой они махнули в Листвянку, чтобы покататься на"
2026-09-09 10:04,article,«На теле нашли характерные следы»: стали известны подробности гибели пропавшего на «Тропе испытаний» туриста,https://dzen.ru/a/aqEw_6KBtmtjLZXW,71,0,90,"В Бурятии завершились трёхдневные поиски 59-летнего туриста, пропавшего на полуострове Святой Нос. Мужчина 6 сентября в одиночку отправился по маршруту «Тропа испытаний» и перестал выходить на связь. "
2026-09-09 09:47,article,В Иркутской области завершили ремонт подъездной дороги к Саянску,https://dzen.ru/a/aqErlqKBtmtjLVnS,346,0,63,"В Иркутской области полностью завершён ремонт подъездной дороги к Саянску - важнейшей транспортной артерии, которая соединяет город с федеральной трассой и соседними населёнными пунктами. - Работы про"
2026-09-09 09:14,article,В Иркутске обсудили готовность города к отопительному сезону,https://dzen.ru/a/aqEkUMSWjwEsyu4B,840,1,58,"В администрации Иркутска прошло заседание комиссии по ЧС, где обсудили подготовку города к зиме. Совещание с руководителями структурных подразделений и ресурсоснабжающих организаций провёл мэр Руслан "
2026-09-09 08:41,article,В Заларинском районе осудили дальнобойщика с поддельными правами,https://dzen.ru/a/aqEcNsSWjwEsypul,43,0,37,"В Заларинском районе инспекторы ДПС остановили фуру на федеральной трассе - водитель при обгоне пересек сплошную линию. 36-летний мужчина предъявил удостоверение, но проверка показала, что документ не"
2026-09-09 08:05,article,В Иркутске полиция задержала подозреваемого в угоне фургона,https://dzen.ru/a/aqETUqKBtmtjLGr8,12,0,39,"Вечером в Иркутске на улице Байкальская неизвестный угнал фургон «Фиат Дукато». Очевидец сообщил о происшествии в полицию, по его словам, мужчина вёл себя агрессивно и неправомерно завладел автомобиле"
2026-09-09 07:46,article,В аэропорту Иркутска 10 сентября пройдут учения с имитацией пожара на самолете,https://dzen.ru/a/aqEPWKKBtmtjLD9Y,58,0,41,"В аэропорту Иркутска 10 сентября 2026 проведут традиционные учения по тушению пожара на воздушном судне. Как сообщили КП-Иркутск в пресс-службе воздушной гавани, спасатели отработают взаимодействие сл"
2026-09-09 07:43,article,"«Шестеро детей на букву «А», а седьмой - Сережа»! Семья из Забайкалья объяснила необычный выбор имен",https://dzen.ru/a/aqEOnqKBtmtjLDln,81,0,174,"В селе Ононское Забайкальского края живет большая семья Абесоновых. Павел и его супруга воспитывают семерых детей. Но самое удивительное даже не количество наследников, а их имена. У шестерых они начи"
2026-09-09 07:40,article,В Усольском районе пожарные спасли трёх человек из горящей квартиры,https://dzen.ru/a/aqENxsSWjwEsyglW,3,0,37,Днём 8 сентября в посёлке Белореченский Усольского района загорелась квартира на четвёртом этаже многоквартирного дома. На вызов выехали 7 пожарных на трёх единицах техники. - До прибытия спасателей и
2026-09-09 07:19,article,Более 300 жителей Иркутской области получили компенсацию за полис ОСАГО,https://dzen.ru/a/aqEJCsSWjwEsydop,17,0,53,"С начала 2026 года больше 300 жителей получили компенсацию половины стоимости полиса ОСАГО от Отделения Социального фонда России по Иркутской области. Выплата положена людям с инвалидностью, которым а"
2026-09-09 07:12,article,В Иркутске на улице Седова столкнулись троллейбус и скорая помощь,https://dzen.ru/a/aqEHdsSWjwEsycgM,403,0,20,"В Иркутске 9 сентября на улице Седова произошло ДТП с участием троллейбуса и автомобиля скорой медицинской помощи. Об этом сообщили в Госавтоинспекции Иркутска. - По предварительным данным, столкновен"
2026-09-09 07:03,article,Врач-офтальмолог спас пациентку от мошенников во время приема: распознал схему по одной фразе,https://dzen.ru/a/aqEFEcSWjwEsybIG,71,0,193,"38-летний Чингис Цыдендамбаев - заведующий офтальмологическим дневным стационаром городской поликлиники № 6 в Улан-Удэ. Последние 12 лет он совмещает работу в стационаре с приемом в дневном отделении,"
2026-09-09 06:57,article,"«Осталась одна в лёгкой одежде - без воды, еды»: в Бурятии двенадцатый день ищут туристку из Иркутска",https://dzen.ru/a/aqEFEaKBtmtjK90N,49,0,69,В горах Восточных Саян уже больше недели продолжаются поиски 58-летней жительницы Иркутска . Женщина пропала 29 августа в районе горы Буту-Гол. Несмотря на сложные погодные условия и труднодоступную м
2026-09-09 06:12,article,В Зиминском районе прокуратура через суд помогла бойцу СВО получить выплаты,https://dzen.ru/a/aqD5K8SWjwEsyUBY,3,0,33,"Зиминская межрайонная прокуратура помогла участнику специальной военной операции восстановить свои социальные права. - Мужчина обратился в надзорное ведомство с проблемой: он не мог получить выплаты, "
2026-09-09 06:04,article,"В Бурятии завершены поиски туриста, пропавшего на полуострове Святой Нос",https://dzen.ru/a/aqD3maKBtmtjK1un,2616,1,68,"В Бурятии завершены поиски 59-летнего туриста, пропавшего на полуострове Святой Нос. Мужчина 6 сентября в одиночку отправился по маршруту «Тропа испытаний» и перестал выходить на связь. Родственники з"
2026-09-09 05:55,article,Жители Иркутского округа смогут купить новых животных на льготных условиях,https://dzen.ru/a/aqD1NsSWjwEsyRdm,28,1,43,"Владельцы скота из деревень Иркутского округа, где выявили узелковый дерматит, получат компенсации и смогут приобрести новых животных на льготных условиях. Об этом сообщил заместитель министра сельско"
2026-09-09 05:34,article,Покупка скота на льготных условиях: как решают ситуацию с узелковым дерматитом в Иркутской области 9 сентября 2026,https://dzen.ru/a/aqDwnaKBtmtjKxf1,6,0,198,Ситуация с узелковым дерматитом в Иркутской области 9 сентября 2026 продолжает оставаться на особом контроле властей. В регион лично прибыл заместитель министра сельского хозяйства России Роман Некрас
2026-09-09 04:29,article,В Иркутске могут сдвинуть начало отопительного сезона,https://dzen.ru/a/aqDhjaKBtmtjKo_E,323,0,53,"Начало отопительного сезона в Иркутске могут перенести на более поздние даты. Ранее планировалось запустить отопление с 15 сентября, но погода вносит свои коррективы. По данным метеорологов, в сентябр"
2026-09-09 04:11,article,«Приревновал? Очень сильно!»: 15-летний школьник зарезал подругу и бросившуюся ей на помощь соседку,https://dzen.ru/a/aqDcz8SWjwEsyDlz,2530,2,190,"Тихий панельный дом в 20 квартале Шелехова, обычный осенний вечер и крики, которые соседи уже вряд ли забудут… Спустя 11 месяцев после кровавой бойни суд поставил точку в этой истории. На скамье подсу"
2026-09-09 02:16,article,В Шелехове 15-летнего подростка осудили за двойное убийство,https://dzen.ru/a/aqDCCaKBtmtjKXWx,2220,1,58,"Шелеховский городской суд вынес приговор 15-летнему подростку, который убил двух человек. Он проведет восемь лет в воспитательной колонии. Об этом КП-Иркутск сообщили в прокуратуре и СУ СКР региона. Н"
2026-09-09 02:01,article,Рядовой Сергей Антипин из Эхирит-Булагатского района погиб в зоне СВО,https://dzen.ru/a/aqC-1cSWjwEsxy2Y,93,0,55,"Скорбные вести пришли из Эхирит-Булагатского района. «За ленточкой» героически погиб оператор отделения захвата Сергей Антипин. Об этом сообщает мэр Геннадий Осодоев. Герой родился в поселке Бозой, бы"
2026-09-09 01:29,article,В Иркутской области усилили борьбу с зацепингом,https://dzen.ru/a/aqC25aKBtmtjKR7w,292,0,60,На Восточно-Сибирской магистрали принимают дополнительные меры против зацепинга. С начала 2026 года уже зафиксировали шесть случаев проезда на внешних частях поездов. Все они произошли в Иркутской обл
2026-09-09 01:02,article,Ложные вызовы мешают охотникам: как обстоит ситуация с медведями в Иркутской области 9 сентября 2026,https://dzen.ru/a/aqCwn8SWjwEsxr-V,172,0,244,"Ситуация с медведями в Иркутской области 9 сентября 2026 продолжает оставаться напряженной. Власти наращивают силы: в регионе создана 81 оперативная группа, в которых задействованы 209 специалистов и "
2026-09-09 00:03,article,"Педиатр рассказала, какие дети чаще болеют в начале учебного года",https://dzen.ru/a/aqCjLMSWjwEsxk3N,1,0,48,"Сентябрь - горячая пора не только для школьников, но и для вирусов. Врач Анна Журавлева в разговоре с NEWS.ru объяснила, кого ОРВИ атакует первым, когда дети возвращаются за парты. - В первую очередь "
2026-09-08 23:33,article,В Иркутске 11 сентября запретят продавать алкоголь в магазинах,https://dzen.ru/a/aqCcNKKBtmtjKD0f,189,3,46,Запрет на продажу алкоголя в Иркутске 11 сентября 2026 вводится в магазинах. Ограничения будут действовать с восьми утра до одиннадцати вечера. Причина - Всероссийский день трезвости. Согласно постано
2026-09-08 23:04,article,Дожди и грозы придут в Иркутскую область 9 сентября,https://dzen.ru/a/aqCVD8SWjwEsxdip,1444,0,42,"В Иркутске днем 9 сентября 2026 воздух прогреется до +20…+22 градусов, дождя не ожидается. Как сообщили КП-Иркутск в Иркутском Гидрометцентре, будет дуть северо-западный ветер со скоростью до 3-8 метр"
2026-09-08 22:00,article,Что произошло в Иркутской области в ночь на 9 сентября: последние новости,https://dzen.ru/a/aqCF5MSWjwEsxVC4,137,0,126,"Жительницу Иркутска осудили за убийство, совершённое 14 лет назад Ленинский районный суд Иркутска вынес приговор местной жительнице, признанной виновной в убийстве, которое произошло ещё в 2012 году. "
2026-09-08 14:44,article,В Листвянке оштрафовали капитана судна за нелегальную перевозку туристов,https://dzen.ru/a/aqAgH8SWjwEswZoz,12,0,27,"Байкало-Ангарская транспортная прокуратура проверила акваторию Байкала в районе Листвянки. Надзорное ведомство выявило судно, которое перевозило пассажиров без лицензии, а это грубое нарушение. - Прок"
2026-09-08 13:31,article,"В Иркутске оштрафовали пассажира, закурившего в туалете самолёта",https://dzen.ru/a/aqAOr6KBtmtjIxAP,11,0,34,"В Иркутске транспортные полицейские привлекли к ответственности 39-летнего пассажира, который закурил во время полёта. - Мужчина летел рейсом «Хабаровск — Иркутск» и решил покурить в туалетной комнате"
2026-09-08 12:30,article,В Иркутске началось восстановление памятника Борцам революции,https://dzen.ru/a/aqAAUMSWjwEswCjy,40,0,37,"В Иркутске приступили к восстановлению памятника Борцам революции. Сейчас подрядчик демонтирует старый постамент, на месте которого появится новая скульптурная группа. - Работы ведутся по муниципально"
2026-09-08 12:11,article,"Стало известно о состоянии охотника, пострадавшего от медведя в Братске",https://dzen.ru/a/ap_8dMSWjwEswADW,238,2,39,"В Братске мэр Александр Дубровин навестил в больнице охотника, который пострадал от медведя во время отстрела хищника. - Мужчина чувствует себя хорошо, врачи сделали экстренную операцию, сейчас наблюд"
2026-09-08 11:55,article,В Усть-Илимске пожарные спасли двух человек из горящей квартиры,https://dzen.ru/a/ap_4fqKBtmtjIfzm,7,0,37,Днём 7 сентября в Усть-Илимске на улице Дружбы Народов загорелась квартира на пятом этаже многоквартирного дома. На вызов выехали 14 пожарных и 5 единиц техники. Спасатели эвакуировали с верхних этаже
2026-09-08 11:23,article,Жительница Ангарска получила зарплату после ареста счетов работодателя,https://dzen.ru/a/ap_wiMSWjwEsv48n,16,0,41,В Ангарске сотрудница коммерческой организации наконец получила заработанные деньги - работодатель задолжал ей 140 тысяч рублей за юридические услуги по совместительству. Женщина не могла добиться вып
2026-09-08 10:52,article,В Иркутской области снизилась смертность от инфарктов и инсультов,https://dzen.ru/a/ap_pcsSWjwEsv0nx,21,0,61,В Иркутской области продолжает расти число спасённых пациентов с сердечно-сосудистыми заболеваниями. С января по август этого года благодаря модернизации сосудистой программы и слаженной работе врачей
2026-09-08 10:42,article,Пропавший в Тайшете инспектор транспортной безопасности попал на видео,https://dzen.ru/a/ap_m9MSWjwEsvy_G,1338,1,53,"31 летний Владислав Скорбунов, инспектор транспортной безопасности из Нижнеудинска, пропал 23 июля 2026 года в Тайшете — прямо во время рабочей смены. Он сопровождал электричку. По словам родных, Влад"
2026-09-08 10:39,article,«За выходные отстреляли 19 медведей»: рассказываем о ситуации с медведями в Иркутской области на 8 сентября,https://dzen.ru/a/ap_m9MSWjwEsvy_I,1680,1,118,"Ситуация с медведями в Иркутской области 8 сентября остаётся тревожной. Власти принимают жёсткие меры: созданы 81 оперативная группа, в которых задействованы 209 специалистов и 142 единицы техники. На"
2026-09-08 10:17,article,В Свердловском округе Иркутска завершают ремонт трёх дворов,https://dzen.ru/a/ap_hiaKBtmtjISD7,5,0,65,В Свердловском округе Иркутска завершается ремонт трёх дворов многоквартирных домов. Всего в этом году по программе фонда поддержки избирательных округов обновят 13 придомовых территорий - работы идут
2026-09-08 10:13,article,"«Позвонил на 112 и заявил, что его хотят убить»: инспектор транспортной безопасности исчез во время смены в Тайшете",https://dzen.ru/a/ap_g2KKBtmtjIRru,693,0,198,"В Иркутской области продолжается поиск 31 летнего Владислава Скорбунова — инспектора транспортной безопасности, пропавшего 23 июля 2026 года в городе Тайшете. Последний раз мужчина выходил на связь с "
2026-09-08 10:05,article,"«Я даже не думал, что могу провалиться сам»: школьник вытащил женщину из полыньи на Байкале",https://dzen.ru/a/ap_eT8SWjwEsvtmw,24,0,193,"Он не любит публичность, не считает себя героем и даже не рассказал родителям о случившемся, когда вернулся домой. Для 16-летнего Святослава Деревягина тот мартовский день в Листвянке не был подвигом "
2026-09-08 09:46,article,"На тропе, которую закрыли из-за выхода медведей пропал человек. Туриста ищут третьи сутки",https://dzen.ru/a/ap_aVaKBtmtjIN5q,61,0,54,"В Бурятии третий день продолжаются поиски 59-летнего туриста, пропавшего на полуострове Святой Нос. - Мужчина 6 сентября в одиночку отправился по маршруту «Тропа испытаний» и перестал выходить на связ"
2026-09-08 09:41,article,В Ангарске завели дело о долге по зарплате на 380 тысяч рублей,https://dzen.ru/a/ap_YrsSWjwEsvqb3,118,0,53,"Прокуратура Ангарска провела проверку по обращению местной жительницы, которой после увольнения не выплатили окончательный расчёт — ни компенсацию за отпуск, ни другие положенные выплаты. - Выяснилось"
2026-09-08 09:15,article,В Заларинском районе осудили мужчину за кражу товаров из магазина,https://dzen.ru/a/ap_Sb8SWjwEsvmzk,10,0,37,Мировой судья Заларинского района вынес приговор 44-летнему жителю Саянска. Мужчину признали виновным в краже продуктов и товаров из магазина в посёлке Залари. - В феврале 2026 года он зашёл в торговы
2026-09-08 08:36,article,Спасала жизни и нашла любовь: сибирячка с позывным «Матрёшка» встретила мужа в зоне СВО,https://dzen.ru/a/ap_JSMSWjwEsvihX,16,0,229,"- Я зашла в полевую палатку. Спрашиваю: «У кого тут ангина?» - вспоминает 47-летняя Мария Коваль из Иркутска, начальник медицинской службы добровольческого подразделения. - Еще лица не видела, слышу г"
2026-09-08 08:17,article,"В Шелехове задержали лжериэлтора, обманувшего жителя Иркутска на 350 тысяч",https://dzen.ru/a/ap_FMqKBtmtjIDgV,34,0,41,"В Шелехове полицейские задержали 41-летнего жителя Иркутска, подозреваемого в мошенничестве под видом риэлторских услуг. - В полицию обратился 35-летний житель Иркутска: он искал в интернете специалис"
2026-09-08 07:44,article,"Жительницу Иркутска осудили за убийство, совершённое 14 лет назад",https://dzen.ru/a/ap-93MSWjwEsvdL2,121,0,40,"Ленинский районный суд Иркутска вынес приговор местной жительнице, признанной виновной в убийстве, которое произошло ещё в 2012 году. Женщина отбывала наказание в колонии по другому делу, когда сама р"
2026-09-08 07:14,article,В Братске за сутки отстрелили двух медведей,https://dzen.ru/a/ap-2isSWjwEsvZ1q,32,0,40,"Мэр Братска Александр Дубровин сообщил, что за минувшие сутки в рамках регулирования численности добыты два медведя, представлявших опасность для жителей. - Хищников застрелили в районе СНТ «Кедр» дач"
2026-09-08 07:05,article,В селе Урик открылась новая детская музыкальная школа,https://dzen.ru/a/ap-z_6KBtmtjH7lV,1,0,45,В селе Урик Иркутского муниципального района 7 сентября торжественно открыли детскую музыкальную школу. Идея появилась ещё в декабре 2024 года во время прямой линии с губернатором - жители попросили о
2026-09-08 07:00,article,Видео с медведем у Ивановки под Читой оказалось фейком,https://dzen.ru/a/ap-zNcSWjwEsvYl5,17,0,43,"В пабликах Забайкалья разошлось видео из машины. На кадрах - медведь, который якобы вышел к дачам в районе Ивановки под Читой. Но оказалось, что ролик уже публиковали в других регионах - его выдавали "
2026-09-08 06:45,article,За две недели в Иркутске и районе в ДТП пострадали 14 детей,https://dzen.ru/a/ap-vWMSWjwEsvXAj,23,0,45,"Прокуратура взяла на контроль проверки по фактам ДТП с участием несовершеннолетних, которые произошли в Иркутске и Иркутском районе в конце августа - начале сентября. Всего за две недели пострадали 14"
2026-09-08 06:44,article,Жительница Читы отсудила 375 тысяч рублей за сломанную на льду ногу,https://dzen.ru/a/ap-vV8SWjwEsvXAh,14,0,47,"Обычный зимний выходной обернулся для жительницы Читы переломом и тремя месяцами на больничном. Как сообщает ИА ChitaMedia, 6 января 2025 года женщина с семьей отдыхала на лыжной базе. Когда пришло вр"
2026-09-08 06:15,article,Вертолёт МЧС вылетел на поиски пропавшего в Бурятии мужчины,https://dzen.ru/a/ap-o7MSWjwEsvTuG,55,0,30,"Из Улан-Удэ в Баргузинский район вылетел вертолёт Ми-8 МЧС России. Борт доставит спасателей на полуостров Святой Нос — там уже второй день ищут 59-летнего мужчину, пропавшего 6 сентября. - К поискам п"
2026-09-08 05:51,article,"Пьяный водитель на BMW влетел в толпу у бара. Девушка погибла, семь человек чудом выжили",https://dzen.ru/a/ap-jXcSWjwEsvQz6,33,0,53,"В Чите суд на шесть месяцев продлил арест мужчине, которого обвиняют в убийстве и покушении на убийство восьми (!) человек. Как сообщает ZabNews, трагедия произошла 20 мая 2026 у бара. - Пьяный 39-лет"
2026-09-08 05:21,article,Житель Куйтуна отдал мошенникам полмиллиона рублей из-за «замены домофона»,https://dzen.ru/a/ap-cFsSWjwEsvNOc,20,0,48,"53-летний житель поселка Куйтун лишился около 500 тысяч рублей после звонка лжесотрудника управляющей компании. Как сообщили КП-Иркутск в МВД региона, мужчине сообщили о плановой замене домофона и пре"
2026-09-08 05:00,article,В Братском перинатальном центре продолжается капитальный ремонт,https://dzen.ru/a/ap-XYqKBtmtjHtrD,5,0,67,"Заместитель председателя правительства Иркутской области Наталья Дикусарова побывала в Братском перинатальном центре. Она проверила, как идет капитальный ремонт, который начали в 2023 году. В блоке Б "
2026-09-08 04:41,article,"Посредник во взятке вернет государству 1,6 млн рублей в Иркутской области",https://dzen.ru/a/ap-ShsSWjwEsvIX2,99,0,46,"В Иркутской области суд обязал посредника во взяточничестве вернуть в доход государства 1,6 миллиона рублей. Деньги он получил от предпринимателя за содействие в заключении сделки на строительство. Об"
2026-09-08 04:28,article,Водитель «Мазды» насмерть сбила пешехода в Усть-Куте,https://dzen.ru/a/ap-PVKKBtmtjHpqo,10,0,38,"В Усть-Куте полиция разбирается в обстоятельствах смертельной аварии. Ночью 8 сентября 53-летняя женщина за рулем Mazda Bianте сбила мужчину, который находился на проезжей части. - Прибывшие медики ко"
2026-09-08 03:13,article,В Иркутске хирурги спасли ребенка с редкой аномалией почки,https://dzen.ru/a/ap997cSWjwEsu-Zh,32,0,45,"В Иркутской областной детской клинической больнице провели сложную операцию ребенку с подковообразной почкой. Это редкая врожденная патология, при которой две почки сращены нижними полюсами и образуют"
2026-09-08 03:04,article,Выплаты за изъятый скот и уничтожение зараженных животных: ситуация с узелковым дерматитом в Иркутской области остается сложной,https://dzen.ru/a/ap-KDKKBtmtjHnDj,1589,25,231,"Ситуация с узелковым дерматитом в Иркутской области 8 сентября 2026 года остается сложной, но контролируемой. Власти принимают все меры, чтобы остановить распространение болезни. Для людей вирус не оп"
2026-09-08 02:53,article,"В Тулуне ветеринары спасли кота, попавшего в капкан",https://dzen.ru/a/ap95MMSWjwEsu8IL,60,0,44,"В Тулунскую ветклинику принесли трехлетнего кота с … капканом на передней лапе! Хозяева рассказали, что вечером питомец ушел гулять и не вернулся, а утром его нашли во дворе со стальной ловушкой. Вете"
2026-09-08 02:31,article,Бурятия усилит защиту от узелкового дерматита из-за вспышки в Иркутской области,https://dzen.ru/a/ap9ztsSWjwEsu6B1,99,0,68,В Бурятии вводят режим повышенной готовности из-за вспышки заразного узелкового дерматита в соседней Иркутской области. На границах с Приангарьем и Забайкальским краем организуют круглосуточные ветери
2026-09-08 02:04,article,Крестный ход на Иоаннову гору отменили в Бурятии из-за медведей,https://dzen.ru/a/ap9t36KBtmtjHZ30,233,0,61,"В Бурятии отменили крестный ход на Иоаннову гору, который должен был состояться 11 сентября 2026. Причина - участившиеся случаи выхода медведей к людям. Об этом сообщили в Свято-Троицком Селенгинском "
2026-09-08 01:38,article,Землетрясение произошло в Иркутске 8 сентября,https://dzen.ru/a/ap9nkqKBtmtjHW9S,296,1,34,"Землетрясение в Иркутске 8 сентября 2026 года произошло около 2:52 ночи. На сайте Единой геофизической службы Российской академии наук говорится о том, что в эпицентре сила толчков достигла 2-3 баллов"
2026-09-08 01:21,article,Медведя заметили в районе Курчатовского лога в Братске,https://dzen.ru/a/ap9jhKKBtmtjHVHc,64,0,42,В Братске охотоведы проверяют информацию о появлении медведя в районе Курчатовского лога. Жителей просят со всей серьезностью отнестись к предупреждению. - Воздержитесь от прогулок в районе Курчатовск
2026-09-08 01:00,article,"«Была истощена, искусана клещами»: спасенная на Байкале нерпа Сергеевна вернулась домой после долгого лечения",https://dzen.ru/a/ap9e3qKBtmtjHS-V,67,0,113,"История, за которой несколько месяцев следили тысячи человек, получила счастливый финал. Нерпу Сергеевну, найденную весной 2026 на льду Байкала, выпустили в естественную среду обитания. Местом возвращ"
2026-09-08 00:02,article,"Кардиолог объяснила, как приход осени влияет на организм",https://dzen.ru/a/ap9RXqKBtmtjHMhn,11,0,45,"С наступлением холодов у некоторых людей начинает расти артериальное давление. Кардиолог Луиза Алиева рассказала NEWS.ru, почему так происходит и кому стоит быть особенно внимательным. - На холоде сос"
2026-09-07 23:30,article,17-летнюю жительницу Киренска оштрафовали за помощь мошенникам,https://dzen.ru/a/ap9JhKKBtmtjHIwx,13,0,50,"В Киренском районе суд вынес приговор 17-летней девушке, которая участвовала в схеме по переводу чужих денег. Через ее банковскую карту прошло около 200 тысяч рублей. За свою помощь мошенникам она пол"
2026-09-07 23:03,article,До +21 градуса потеплеет в Иркутске 8 сентября,https://dzen.ru/a/ap9DU6KBtmtjHF7-,24,0,40,"В Иркутске днем 8 сентября 2026 потеплеет до +19…+21 градуса, дождя не ожидается. Как сообщили КП-Иркутск в Иркутском Гидрометцентре, будет дуть юго-восточный ветер со скоростью до 3-8 метров в секунд"
2026-09-07 22:00,article,Что произошло в Иркутске в ночь на 8 сентября 2026: последние новости,https://dzen.ru/a/ap80PMSWjwEsubto,31,0,38,В Братске водитель сбил трёх подростков и скрылся Подростки получили травмы и были доставлены в больницу. Сейчас полиция устанавливает все обстоятельства произошедшего и разыскивает виновника. В Иркут
2026-09-07 14:44,article,"Психолог объяснила, почему нельзя кормить ребенка под мультики",https://dzen.ru/a/ap7OfaKBtmtjGH2I,26,0,49,"Привычка включать малышу мультфильм за обедом кажется безобидной, но на самом деле она вредит развитию. Психолог Мария Сафонова рассказала NEWS.ru, чем оборачивается еда перед экраном. - Когда ребенок"
2026-09-07 14:18,article,В Иркутске увековечили память погибшего бойца СВО Алексея Цаплина,https://dzen.ru/a/ap7IK6KBtmtjGEfO,262,0,55,"На фасаде иркутской школы № 28 появилась мемориальная доска в честь ее выпускника Алексея Цаплина, кавалера ордена Мужества. Как сообщил мэр города Руслан Болотов, герой отправился в зону специальной "
2026-09-07 13:44,article,Пилот разбившегося вертолета в Забайкалье получил два с половиной года колонии,https://dzen.ru/a/ap7ANqKBtmtjF_7w,62,0,58,"В Забайкалье вступил в силу приговор командиру вертолета Ми-8, который разбился при посадке в Могоче в мае 2022 года. Как сообщает ZabNews, пилот проведет два с половиной года в колонии-поселении. Еще"
2026-09-07 13:12,article,В Иркутске прошел чемпионат по игре вэйци,https://dzen.ru/a/ap65AqKBtmtjF73a,10,0,48,"В Иркутске 5 и 6 сентября состоялся Открытый чемпионат по игре вэйци. Соревнования прошли при поддержке Генерального консульства Китая и собрали больше 70 участников из Иркутской области, Бурятии, Хак"
2026-09-07 12:46,article,Двух жителей Ангарска осудили за мошенничество с материнским капиталом,https://dzen.ru/a/ap6ypqKBtmtjF4RA,12,0,48,Ангарский городской суд вынес приговор двум местным жителям за мошенничество с материнским капиталом. 25-летняя женщина и 42-летний мужчина провернули схему с фиктивной недвижимостью. Об этом КП-Иркут
2026-09-07 11:20,article,В Иркутской области снижается смертность от сосудистых болезней,https://dzen.ru/a/ap6ehaKBtmtjFsu-,102,0,55,"С января по август 2026 года в Иркутской области удалось сохранить на 200 жизней больше, чем за тот же период прошлого года. Такой результат дали кардиологическая и неврологическая службы, а также мод"
2026-09-07 11:02,article,"«Уперся ногами в торосы»: школьник спас женщину, провалившуюся под лед на Байкале",https://dzen.ru/a/ap6aJMSWjwEstIl_,939,0,46,"В Иркутске наградили ученика школы № 9 имени Пушкина Святослава Деревягина. В марте 2025 года он спас женщину, которая провалилась под лед на Байкале в поселке Листвянка. Подросток услышал крики о пом"
2026-09-07 10:52,article,Иркутская область заняла 19-е место в рейтинге рынка труда,https://dzen.ru/a/ap6Xz8SWjwEstHeZ,49,2,39,"Иркутская область заняла 19-ю строчку в рейтинге регионов России по ситуации на рынке труда по итогам 2025 года. Как сообщает «РИА Новости», Приангарье набрало 75,96 балла. Годом ранее регион был на 1"
2026-09-07 09:45,article,"Мужчина умер после нападения медведя в Бурятии: он провожал жену на остановку, а на обратном пути встретил хищника",https://dzen.ru/a/ap6KVqKBtmtjFhtl,2113,0,142,"В Бурятии введены серьезные ограничения из-за медведей. Повод – первое в 2026 году смертельное нападение на человека. Мужчина шел провожать жену на автобус, но по дороге свернул в лес - проверить дома"
2026-09-07 08:56,article,Аэропорт Киренска откроют для самолетов 8 сентября,https://dzen.ru/a/ap58m8SWjwEss38i,26,0,54,"Аэропорт Киренска возобновит прием регулярных рейсов с 8 сентября 2026. Перед этим специалисты проверили качество ремонта взлетно-посадочной полосы и оценили взлет и посадку на Ан-24, который обычно л"
2026-09-07 08:37,article,Боец Сергей Хафизов из Слюдянки героически погиб в зоне СВО,https://dzen.ru/a/ap54p8SWjwEss11r,547,0,38,В Слюдянке 7 сентября 2026 простились с героем специальной военной операции Сергеем Хафизовым. Церемония прощания состоялась в Свято-Никольской церкви. Об этом сообщает мэр Алексей Шульц. - Боец вырос
2026-09-07 08:15,article,Хищник залез в детсад в Ангарске и атаковал депо в Тайшете: ситуация с медведями в Иркутской области 7 сентября остается тревожной,https://dzen.ru/a/ap5zFMSWjwEssyYn,1525,3,275,"Пожалуй, ни одна другая тема сейчас не обсуждается жителями Приангарья так бурно, как нашествие медведей. Сибиряки боятся не только выезжать на природу, но и выходить на собственные дачные участки! Ко"
2026-09-07 07:53,article,В Братске водитель сбил трёх подростков и скрылся,https://dzen.ru/a/ap5uQaKBtmtjFREJ,20,0,36,"В Братске прокуратура Падунского района взяла на контроль проверку по факту ДТП, в котором пострадали трое подростков. - Авария произошла 5 сентября в жилом районе Гидростроитель на улице Енисейской. "
2026-09-07 07:37,article,В Чунском районе 17-летний подросток на мотоцикле попал в ДТП,https://dzen.ru/a/ap5qYaKBtmtjFO2I,267,0,38,"Прокуратура Чунского района направила в суд уголовное дело в отношении 44-летнего местного жителя. Мужчину обвиняют в том, что он дал своему несовершеннолетнему сыну мотоцикл, заведомо зная об опаснос"
2026-09-07 07:30,article,Медсестра из Нижнеилимского района отдала мошенникам 700 тысяч,https://dzen.ru/a/ap5owKKBtmtjFN5P,7,0,47,"В Нижнеилимском районе 44-летняя медсестра стала жертвой мошенников, потеряв более 700 тысяч рублей. Всё началось со звонка от якобы работника домофонной компании, которая сообщила о плановой замене о"
2026-09-07 07:10,article,"В Иркутской области суд рассмотрит дело судоводителя, сбившего женщину на льду",https://dzen.ru/a/ap5kWMSWjwEsspj7,6,0,31,"В Иркутской области перед судом предстанет 26-летний судоводитель, обвиняемый в нарушении правил безопасности на водном транспорте. - Трагедия произошла ещё 15 февраля 2026 года на Байкале в районе Ли"
2026-09-07 06:48,article,Медведь забрался на территорию детского сада в Ангарске,https://dzen.ru/a/ap5erqKBtmtjFH4T,106,0,32,"Вечером 6 сентября в Ангарске медведь забрался на территорию детского сада. Видео с хищником, который спокойно гулял по территории садика, мгновенно разлетелись по соцсетям - кадры вызвали серьёзное б"
2026-09-07 06:46,article,"«Звал до самого утра»: турист 10 дней ищет жену, исчезнувшую в горах Бурятии без еды и тёплой одежды",https://dzen.ru/a/ap5eraKBtmtjFH4O,1684,1,152,"Десять дней. Десять дней 58-летняя Жанна Козлова числится пропавшей в горах Окинского района Бурятии. Всё это время о судьбе женщины ничего неизвестно. Она пропала без воды, еды, в лёгкой одежде и в н"
2026-09-07 06:22,article,С начала года СФР автоматически оформил СНИЛС 13 тыс. детям в Иркутской области,https://dzen.ru/a/ap5ZCqKBtmtjFE2n,5,0,49,Отделение Социального фонда России по Иркутской области с января автоматически оформило СНИЛС более чем 13 тысячам новорождённых. - Родителям не пришлось никуда обращаться - документ появился в личном
2026-09-07 06:01,article,За сутки в Иркутской области зафиксировали 17 выходов медведей к людям,https://dzen.ru/a/ap5UL8SWjwEssgZ-,706,0,45,"В Иркутской области медведи продолжают выходить к людям - только за прошедший день полиция зафиксировала 17 таких случаев. - Хищников видели в Иркутском районе, Ангарске, Нижнеилимском районе, Усть-Ил"
2026-09-07 04:55,article,В Байкальске пожарные спасли двух человек из горящей квартиры,https://dzen.ru/a/ap5EWKKBtmtjE4ze,3,0,33,Вечером 6 сентября в байкальском микрорайоне Южном загорелась квартира на первом этаже многоквартирного дома. На место выехали 7 пожарных на двух автоцистернах. - До прибытия первых расчётов из задымл
2026-09-07 04:24,article,В Слюдянском районе двух молодых людей осудили за угон ВАЗ-2107,https://dzen.ru/a/ap49IsSWjwEssTlg,12,0,36,В Слюдянском районе суд вынес приговор двум местным жителям — 22 и 23 лет. Они признаны виновными в угоне автомобиля группой лиц по предварительному сговору. - В конце мая этого года нетрезвые парни н
2026-09-07 04:14,article,"Звала на помощь, пока медведь рвал её мужа: мужчину чудом спасли от зверя",https://dzen.ru/a/ap46yKKBtmtjEzdW,800,3,86,"Ситуация с медведями в Бурятии становится всё более напряжённой. Власти вводят ограничения, увеличивают количество охотничьих бригад, а жители в соцсетях требуют перевести школьников на дистанционное "
2026-09-07 03:42,article,"В Иркутске в ДТП сгорела Toyota Corolla, пострадал водитель",https://dzen.ru/a/ap4zpMSWjwEssN8B,122,0,27,"В Октябрьском округе Иркутска сегодня утром произошло ДТП с участием трёх автомобилей. - По предварительным данным, водитель Toyota Corolla двигался по улице Байкальской от развязки плотины ГЭС в стор"
2026-09-07 03:19,article,В Братске раненый медведь напал на охотника во время отстрела,https://dzen.ru/a/ap4uJKKBtmtjEsFn,900,4,48,"В Братске мобильные группы охотников и сотрудников службы по охране животных за выходные добыли трёх медведей. Хищников застрелили в правобережном районе возле кладбища, недалеко от жилого района Бике"
2026-09-07 03:10,article,В Ангарске силовики отработали действия при нападении террористов и атаке дронов,https://dzen.ru/a/ap4rzcSWjwEssJh_,95,0,49,В Ангарске прошло масштабное учение силовых и специальных служб по плану Национального антитеррористического комитета. Оперативный штаб Иркутской области отработал действия при совершении теракта — в 
2026-09-07 02:51,article,"Мать, напоившая годовалую дочь уксусом, шокировала заявлением: «Я не хотела убивать»",https://dzen.ru/a/ap4nzqKBtmtjEobn,152,1,65,В Забайкальском краевом суде началось рассмотрение резонансного уголовного дела в отношении 28-летней жительницы Балея. Женщину обвиняют в убийстве собственной годовалой дочери с особой жестокостью. С
2026-09-07 02:45,article,"Сценарии комедий Гайдай писал, вдохновляясь жизнью и детством в Иркутске",https://dzen.ru/a/ap4mR8SWjwEssGg5,276,0,57,"Леонид Гайдай, чьи комедии уже несколько десятилетий остаются любимыми миллионами, черпал вдохновение в обычной жизни. Многие культовые сцены и персонажи рождались из воспоминаний, случайных встреч и "
2026-09-07 02:28,article,"За неделю в Иркутской области в ДТП пострадали 49 человек, трое погибли",https://dzen.ru/a/ap4iZaKBtmtjEk86,85,0,37,"С 31 августа по 6 сентября на дорогах Иркутской области произошло 38 аварий. В них пострадали 49 человек, среди которых 13 детей. Трое взрослых погибли. Всего повреждено 58 машин. Чаще всего аварии сл"
2026-09-07 01:50,article,«Удача на стороне Овец и Собак»: зурхай на неделю с 7 по 13 сентября,https://dzen.ru/a/ap4ZX6KBtmtjEfsY,3,0,154,"Еши Намжил лама — известный буддийский астролог, настоятель Курумканского дацана в Бурятии — составил традиционный зурхай на неделю с 7 по 13 сентября. Прогноз поможет лучше подготовиться к событиям, "
2026-09-07 01:48,article,В Иркутской области принято решение о добыче 160 медведей,https://dzen.ru/a/ap4Yq6KBtmtjEfX4,74,0,49,В Иркутской области сохраняется напряжённая обстановка с выходами медведей к людям. Все сообщения о появлении хищников специалисты Службы по охране животных принимают и отрабатывают. Для оперативного 
2026-09-07 00:45,article,В Иркутской области привели в порядок склад древесины после проверки,https://dzen.ru/a/ap4JvMSWjwEsr2qC,265,0,33,"Нижнеудинская транспортная прокуратура проверила предприятие, которое занимается внешнеэкономической деятельностью. - Выяснилось, что его территория завалена опилками и порубочными остатками — это нар"
2026-09-07 00:13,article,Почти 164 тысячи ветеранов труда в Иркутской области получают льготы и выплаты,https://dzen.ru/a/ap4CAMSWjwEsryxV,1149,2,76,"В первое воскресенье сентября в Иркутской области чествуют ветеранов труда. В 2026 году эта дата пришлась на 6 сентября. Сейчас различные меры поддержки получают около 163,8 тысячи жителей, у которых "
2026-09-06 23:41,article,"Психолог дала советы, как преодолеть страх полета на самолете",https://dzen.ru/a/ap362MSWjwEsrvCo,8,0,68,"Аэрофобия — одна из самых распространённых тревог, с которой люди обращаются к психологам. Как в беседе с News.ru объяснила специалист Екатерина Булгакова, боязнь полётов вполне поддаётся коррекции — "
2026-09-06 23:09,article,В Иркутске в понедельник ожидается до +21 и без осадков,https://dzen.ru/a/ap3y9aKBtmtjELJ8,31,0,37,"В понедельник, 7 сентября, в Иркутске ожидается переменная облачность, существенных осадков не прогнозируется. - Утром в пригородной зоне возможен туман. Ветер ночью слабый, до 6 м/с, днём юго-восточн"
2026-09-06 22:00,article,Что произошло в Иркутской области в ночь на 7 сентября: последние новости,https://dzen.ru/a/ap3jQaKBtmtjECGT,984,9,54,"В деревнях Бутырки и Коты Иркутского района ввели режим ЧС из-за вспышки узелкового дерматита крупного рогатого скота. Официально подтверждены восемь очагов инфекции. Причиной распространения, предпол"
2026-09-06 11:55,article,В селах под Иркутском из-за дерматита скота уничтожат 96 зараженных животных,https://dzen.ru/a/ap1VfaKBtmtjC5PZ,1756,13,59,"В Иркутской области в селах Бутырки и Коты ветеринарные врачи выявили заразный узелковый дерматит крупного рогатого скота. На территории этих населенных пунктов введен карантин, и все зараженные живот"
2026-09-06 10:49,article,В Зиме прокуратура добилась квартиры для мужчины с инвалидностью,https://dzen.ru/a/ap1FoMSWjwEsqTG8,11,0,38,"В городе Зима Иркутской области прокуратура восстановила жилищные права местного жителя с инвалидностью. Мужчина, страдающий хроническим заболеванием, долгое время не мог получить отдельное жилое поме"
2026-09-06 09:43,article,Температура опустится до -3 градусов в Иркутской области 7 сентября,https://dzen.ru/a/ap02rMSWjwEsqL-b,82,0,78,"По данным Иркутского УГМС и МЧС России, 7 и 8 сентября в северо-западных и западных районах Иркутской области сохранится высокая (IV класса) и чрезвычайная (V класса) пожароопасность лесов. Также в эт"
2026-09-06 08:31,article,В Приангарье из-за дерматита скота ввели режим ЧС в двух деревнях,https://dzen.ru/a/ap0lR6KBtmtjCiFt,694,20,81,В Иркутском районе в деревнях Бутырки и Коты Оекского административного округа введен режим чрезвычайной ситуации из-за вспышки заразного узелкового дерматита крупного рогатого скота. Об этом на сходе
2026-09-06 07:44,article,"В дикой природе травма бы его убила: изюбрь Гриша лишился ноги, но получил шанс на жизнь",https://dzen.ru/a/ap0bMsSWjwEsp-Ws,180,0,158,"Изюбря Гришу, которого в начале августа спасли на Большой байкальской тропе, ждала непростая судьба. Когда туристы заметили его, он стоял по колено в воде Байкала. Худой, обессиленный, с застарелым пе"
2026-09-06 07:31,article,"Умерла Татьяна Павлова, заслуженный врач-неонатолог Иркутской области",https://dzen.ru/a/ap0XOaKBtmtjCa3c,931,0,77,"В Иркутской области 4 сентября умерла Татьяна Павлова, заслуженный врач Российской Федерации, кандидат медицинских наук, выдающийся неонатолог. Вся ее жизнь была посвящена медицине. Окончив Иркутский "
2026-09-06 06:25,article,Пожилой мужчина не мог встать после падения в квартире в Бурятии,https://dzen.ru/a/ap0HpMSWjwEsp0ZT,48,0,54,"В Гусиноозерске Бурятии спасатели пришли на помощь пожилому мужчине, который упал в своей квартире и не мог самостоятельно встать. Сигнал о происшествии поступил оперативному дежурному Бурятской респу"
2026-09-06 05:51,article,"Ночью на улицу нельзя, туризм под вопросом: рассказываем о ситуации с медведями в Иркутской области на 6 сентября 2026",https://dzen.ru/a/ap0AkKKBtmtjCPiR,311,0,281,"Ситуация с выходами медведей к людям в Иркутской области 6 сентября 2026 года продолжает быть напряженной. Хищников замечают в городах, поселках и на популярных туристических тропах. В Братске ввели р"
2026-09-06 05:19,article,Люди годами живут в доме с трещинами в стенах в Усть-Илимске,https://dzen.ru/a/apz4aqKBtmtjCLZ7,1238,6,53,Председатель Следственного комитета России Александр Бастрыкин поручил доложить о результатах проверки по обращению жителей Усть-Илимска о ненадлежащем содержании многоквартирного дома на улице Наймуш
2026-09-06 04:13,article,В Красночикойском округе Забайкалья разрешили регулировать численность медведей,https://dzen.ru/a/apzoqKKBtmtjCDtx,25,0,51,В Красночикойском муниципальном округе Забайкальского края введено регулирование численности медведей. Решение принято Министерством природных ресурсов региона в связи с зафиксированными случаями выхо
2026-09-06 03:07,article,В Иркутске из за крестного хода перекрыли центр города 6 сентября,https://dzen.ru/a/apzZlsSWjwEspd0F,18,0,43,В Иркутске 6 сентября ввели временные ограничения движения транспорта в центре города. Проезд закрыт на четырех участках с 7:00 до 13:30. Под запрет попали Нижняя Набережная - от Сухэ-Батора до Ленина
2026-09-06 02:01,article,Черемхово официально присвоили звание «Город трудовой доблести»,https://dzen.ru/a/apzJ4qKBtmtjB0e5,47,0,65,Черемхово в Иркутской области официально получило почетное звание «Город трудовой доблести». Указ об этом 5 сентября 2026 года подписал Президент России Владимир Путин. Как сообщил мэр города Вадим Се
2026-09-06 01:53,article,"«Двухлетний мальчик знал, когда поклоняться»: Крестный ход объединил тысячи человек со всей страны в Иркутске",https://dzen.ru/a/apzIS8SWjwEspVEQ,362,0,193,"В Иркутске утром 6 сентября состоялся масштабный крестный ход с участием тысяч верующих. Накануне, 5 сентября, в город прибыла десница святителя Спиридона Тримифунтского - великая христианская святыня"
2026-09-05 11:59,article,В Иркутской области 6 сентября ожидаются заморозки,https://dzen.ru/a/apwEYsSWjwEsnuo-,625,0,72,"По данным Иркутского УГМС и МЧС России, с 6 по 8 сентября в северо-западных и западных районах Иркутской области ожидается высокая (IV класса) и чрезвычайная (V класса) пожароопасность лесов. Также в "
2026-09-05 10:53,article,Пенсионерка из Балаганского района через суд добилась права на квартиру,https://dzen.ru/a/apv1caKBtmtjAFkv,200,0,54,"В Балаганском районе прокуратура помогла 81-летней местной жительнице восстановить свои жилищные права. Женщина обратилась в надзорное ведомство с жалобой на то, что не может оформить в собственность "
2026-09-05 10:19,article,"В Бурятии в ДТП пострадали 6 человек, трое из которых - дети",https://dzen.ru/a/apvticSWjwEsnjYN,52,0,29,В Прибайкальском районе Бурятии днем 5 сентября произошло серьезное ДТП. Вблизи села Татаурово столкнулись автомобили «Тойота Калдина» и «Хонда Стрим». В результате аварии травмы различной степени тяж
2026-09-05 10:05,article,"Что известно о пожаре больнице Железногорска-Илимского 5 сентября 2026, где погиб пациент",https://dzen.ru/a/apvqZKKBtmtjAAVC,201,0,125,"В городе Железногорске-Илимском Иркутской области произошел пожар в психонаркологическом отделении центральной районной больницы. По предварительным данным, в результате возгорания погиб один человек."
2026-09-05 09:57,article,В Забайкалье двое подростков получили условные сроки за нападение на инвалида,https://dzen.ru/a/apvoFMSWjwEsngn0,97,0,56,"В Забайкальском крае суд вынес приговор двум несовершеннолетним, которые в январе 2026 года в селе Заречное Тунгиро-Олекминского района совершили нападение на односельчанина с расстройством личности и"
2026-09-05 08:50,article,В Усольском районе на пожаре в садовом доме погибла 70-летняя женщина,https://dzen.ru/a/apvYQKKBtmtj_3Jp,59,0,54,"В Усольском районе вечером 4 сентября загорелся садовый дом в товариществе «Архиреевка-4». Сообщение о возгорании поступило на номер 112, и к моменту прибытия первого подразделения строение уже было п"
2026-09-05 07:48,article,В Забайкалье две бригады охотников патрулируют территории из-за медведей,https://dzen.ru/a/apvJ58SWjwEsnRLr,36,0,62,В Красночикойском муниципальном округе Забайкальского края усилены меры реагирования в связи с участившимися выходами медведей к населенным пунктам. Для оперативного контроля за ситуацией созданы две 
2026-09-05 06:48,article,Директор фирмы организовал майнинговую ферму в подвале дома в Иркутской области,https://dzen.ru/a/apu7h8SWjwEsnJTf,326,0,69,В Иркутской области завершено расследование уголовного дела в отношении двух жителей Бодайбо - генерального директора и главного инженера коммерческой фирмы. Их обвиняют в злоупотреблении полномочиями
2026-09-05 06:35,article,Режим ЧС и комендантский час: рассказываем о ситуации с медведями в Иркутской области на 5 сентября 2026,https://dzen.ru/a/apu6w8SWjwEsnJAn,537,0,294,"Ситуация с выходами медведей к людям в Иркутской области 5 сентября 2026 года остается напряженной. Хищников замечают в городах, поселках и на туристических маршрутах. В Братске ввели режим повышенной"
2026-09-05 05:38,article,«Услышал хлопок и бросился к братьям»: попытка приготовить ужин едва не обернулась кошмаром для троих детей,https://dzen.ru/a/apurH6KBtmtj_fGu,18,0,59,В селе Амитхаша Агинского муниципального округа 4 сентября произошел пожар в жилом доме на улице Дорожной. Сообщение о возгорании поступило в пожарную охрану в 20:39. К моменту прибытия спасателей дом
2026-09-05 05:06,article,"«Тело нашли через 7 дней»: родные не знали, что отдых на берегу закончится настоящим кошмаром",https://dzen.ru/a/apz2EKKBtmtjCKJy,695,2,163,"Это лето стало одним из самых трагичных для жителей Иркутской области. Вода забирала жизни повсюду: в озёрах, реках, водохранилищах. Она забирала детей и взрослых, опытных туристов и тех, кто просто р"
2026-09-05 04:30,article,Черемхово может получить звание «Город трудовой доблести»,https://dzen.ru/a/apubTMSWjwEsm4Gt,478,1,59,Город Черемхово в Иркутской области вошел в список 12 претендентов на почетное звание «Город трудовой доблести». Такое предложение 4 сентября озвучил президент Российской академии наук Геннадий Красни
2026-09-05 03:24,article,В Иркутске ночью сгорел частный дом из-за аварийного режима электросети,https://dzen.ru/a/apuMdKKBtmtj_O0V,35,0,45,"В Иркутске ночью 4 сентября на улице Дмитрия Донского загорелся частный дом. Сигнал о пожаре поступил спасателям, и на место оперативно выехали 14 огнеборцев на четырех единицах техники МЧС России. Ка"
2026-09-05 02:30,article,Прибытие мощей Спиридона Тримифунтского в Иркутск 5 сентября 2026: прямая онлайн-трансляция,https://dzen.ru/a/apuAbsSWjwEsmq5z,269,1,460,"В Иркутске утром 5 сентября произошло событие, которое православные верующие ждали с огромным нетерпением. В город прибыла десница святителя Спиридона Тримифунтского - великая христианская святыня, ко"
2026-09-05 02:19,article,В Иркутской области ликвидировано 70 медведей,https://dzen.ru/a/apt8iaKBtmtj_GU1,353,3,82,"В Иркутской области продолжает сохраняться напряженная ситуация, связанная с выходами медведей к населенным пунктам. Служба по охране и использованию объектов животного мира держит вопрос на постоянно"
2026-09-05 02:00,article,"Кабачковый шницель и палочки фри: осенние рецепты от победителя «Битвы шефов», которые вы точно не пробовали",https://dzen.ru/a/apt30sSWjwEsmmGE,1911,0,271,"Сентябрь - время, когда кабачки становятся главным овощем на столе. Они не заканчиваются, а только начинаются: с грядок, с балконов, из погребов - зеленые и желтые «богатыри» все еще ждут своего звезд"
2026-09-04 22:00,article,Что произошло в Иркутской области в ночь на 5 сентября: последние новости,https://dzen.ru/a/aps_tcSWjwEsmIo0,501,4,98,"Два медведя вышли к людям в Братске за сутки За сутки в Братске охотоведы отстрелили двух медведей. Один хищник вышел к людям на Моргудоне, второго заметили возле Братской ГЭС, рядом с гаражным коопер"
2026-09-04 22:00,article,Что произошло в Иркутской области в ночь на 6 сентября: последние новости,https://dzen.ru/a/apvR56KBtmtj_zzC,68,0,61,"Утром 5 сентября в Иркутск из Греции доставили десницу святителя Спиридона Тримифунтского, которую торжественно внесли в Богоявленский собор. В храме с самого утра было многолюдно: люди приходили семь"
2026-09-04 14:40,article,Медведи всё чаще выходят к людям в Бурятии,https://dzen.ru/a/aprY-MSWjwEslQpG,83,0,49,"В Бурятии выходы медведей в сёла и к туристическим базам перестали быть редкостью. С начала года зафиксировано уже 52 таких случая. Хищников всё чаще замечают возле школ, на мусорках и даже у заборов "
2026-09-04 13:52,article,Пожарный извещатель спас семью из шести человек в Култуке,https://dzen.ru/a/aprN58SWjwEslJue,7,0,77,В ночь на 2 сентября в посёлке Култук в переулке Оборонном загорелся частный дом. Семья из шести человек проснулась от громкого сигнала пожарного извещателя. Через дверь выйти не удалось — пламя уже о
2026-09-04 12:44,article,"Жительница Черемхово потеряла 2,7 миллиона рублей на криптоинвестициях",https://dzen.ru/a/apq93MSWjwEsk_3X,8,0,52,"В полицию Черемхово обратилась 47-летняя местная жительница — она стала жертвой мошенников, лишившись более 2,7 миллиона рублей. В апреле этого года женщина познакомилась в мессенджере с мужчиной, кот"
2026-09-04 12:06,article,Двух пассажиров в аэропорту Иркутска не пустили на рейсы из-за нарушений,https://dzen.ru/a/apq1K8SWjwEsk6MQ,96,0,40,"За сутки в иркутском аэропорту транспортные полицейские привлекли к ответу двоих пассажиров, которые не смогли улететь по назначению. Первый инцидент случился на борту самолёта, готовившегося к вылету"
2026-09-04 11:57,article,Рассказываем о ситуации с медведями в Иркутской области на 4 сентября 2026,https://dzen.ru/a/apqyxMSWjwEsk46L,728,0,190,"Ситуация с медведями в Иркутской области на 4 сентября 2026 остаётся напряжённой. В регионе создана рабочая группа по защите населения от хищников. Медведи всё чаще выходят к людям, и власти принимают"
2026-09-04 11:31,article,В Слюдянском районе осудили женщину за поддельные водительские права,https://dzen.ru/a/apqscMSWjwEsk1PK,158,0,47,"Слюдянский районный суд вынес приговор 31-летней жительнице Республики Бурятия. Её признали виновной в использовании поддельного водительского удостоверения. - В феврале 2025 года женщина, не имея пра"
2026-09-04 10:54,article,Администрация Иркутска напомнила владельцам собак о регистрации питомцев,https://dzen.ru/a/apqjuMSWjwEskv1K,13,0,30,"Администрация Иркутска и Служба ветеринарии Иркутской области напоминают владельцам собак: всех питомцев нужно регистрировать — независимо от размера, породы или того, взяли вы щенка в питомнике, подо"
2026-09-04 10:19,article,В Усть-Илимске в пожаре погибла 69-летняя женщина,https://dzen.ru/a/apqb0sSWjwEskray,11,0,46,Ночью 4 сентября в Усть-Илимске на улице Наймушина загорелась квартира на втором этаже многоквартирного дома. До приезда пожарных из задымлённого подъезда сами эвакуировались 8 человек. - Пожарные при
2026-09-04 09:36,article,СК завел дело после гибели двух рабочих в карьере в Бодайбинском районе,https://dzen.ru/a/apqRhcSWjwEskmK7,194,0,31,Бодайбинский межрайонный следственный отдел СУ СК России по Иркутской области возбудил уголовное дело по факту гибели двух рабочих на предприятии в Бодайбинском районе. - Все произошло 1 сентября: авт
2026-09-04 09:11,article,Мужчина затеял ремонт в квартире и случайно нашел тело убитой женщины,https://dzen.ru/a/apqL_6KBtmtj8-EP,1180,0,276,"Летом 2006 года хозяин квартиры пришел проверить жилье - и обнаружил тело квартиросъемщицы. Но самое страшное открылось позже, когда он взялся за ремонт. В коридоре стоял старый шкаф, заколоченный гво"
2026-09-04 09:05,article,"Поднимаясь в горы, туристка не подозревала, что вот-вот исчезнет. Ее разыскивают пятый день, а мужа опросила полиция",https://dzen.ru/a/apqKc6KBtmtj89V-,813,2,54,"В Бурятии 5 день продолжаются поиски 58-летней туристки, которая пропала в горах Окинского района. Женщина потерялась 29 августа в районе горы Буту. Заявление о пропаже поступило от мужа пропавшей в Т"
2026-09-04 08:55,article,"Стало известно, кто назначен новым главой Ленинского округа Иркутска",https://dzen.ru/a/apqICKKBtmtj879F,1056,1,57,Мэр Иркутска Руслан Болотов подписал приказ о назначении Инны Грошевой на должность заместителя мэра – председателя комитета по управлению Ленинским округом. Трудовой путь Инны Владимировны начался ещ
2026-09-04 08:21,article,"«Сайн байна, багша!»: первый класс с изучением бурятского языка открылся в Иркутске",https://dzen.ru/a/apqAEqKBtmtj837m,33,0,117,В гимназии №1 открылся первый в Иркутске класс с изучением бурятского языка. Набор шёл с 1 апреля 2026 года. В итоге все места оказались заняты: 25 первоклашек — 13 девочек и 12 мальчиков — уже вовсю 
2026-09-04 08:20,article,В Прибайкальском нацпарке закрыли ещё два маршрута из-за медведей,https://dzen.ru/a/apqAE6KBtmtj837r,209,0,40,С 4 сентября в Прибайкальском национальном парке приостановили выдачу разрешений на посещение Большой Байкальской тропы и маршрута «Бакланий камень — Бугульдейка». Решение приняли на оперативном штабе
2026-09-04 07:57,article,Более 360 пассажиров высадили из поездов в Прибайкалье за лето,https://dzen.ru/a/app6haKBtmtj80_z,33,0,39,За три летних месяца транспортная полиция Прибайкалья сняла с поездов 361 пассажира. Все они не доехали до нужной станции из-за нарушений порядка в вагонах. Всего на хулиганов и дебоширов составили бо
2026-09-04 07:25,article,В Черемхово завели дело на водителя с поддельными правами,https://dzen.ru/a/appzaaKBtmtj8x1Z,244,0,39,"В Черемховском районе сотрудники ГИБДД остановили на трассе «Черемхово – Свирск» автомобиль Suzuki Wagon. За рулём сидел 37-летний житель Свирска. Документы, которые он предъявил, показались полицейск"
2026-09-04 07:03,article,Пройти диспансеризацию и сохранить здоровье – поможет страховая компания,https://dzen.ru/a/appsXGegBULSSURM,9,0,223,"Диспансеризация по полису обязательного медицинского страхования (ОМС) – это бесплатная возможность для граждан проверить свое здоровье, выявить скрытые угрозы и начать лечение до развития серьезных о"
2026-09-04 06:54,article,Жительницу Зиминского района осудили на полтора года за невыплату долга,https://dzen.ru/a/apprlMSWjwEskTkt,25,0,39,В Зиминском районе 50 тысяч рублей долга обернулись для местной жительницы полутора годами колонии. Девушку осудили за кражу телефона и перевод денег с него на свой счёт — суд обязал её возместить пот
2026-09-04 06:18,article,Два медведя вышли к людям в Братске за сутки,https://dzen.ru/a/appjeMSWjwEskPv4,229,0,37,"В Братске за 3 сентября 2026 года охотоведы убрали двух медведей. Одного - на Моргудоне, второго - возле Братской ГЭС, рядом с гаражным кооперативом «Динамо». Об этом сообщает ИА «Виаком». - Ситуация "
2026-09-04 06:17,article,В Боханском районе суд лишил отца выплат за погибшего бойца СВО,https://dzen.ru/a/appit6KBtmtj8pff,41,0,32,"Боханский районный суд с участием прокуратуры рассмотрел иск матери погибшего участника специальной военной операции. Женщина требовала лишить бывшего мужа права на выплаты, положенные семье военнослу"
2026-09-04 06:15,article,"Узнали, насколько вырастут тарифы ЖКХ в Иркутской области с 1 октября 2026",https://dzen.ru/a/appi36KBtmtj8plm,455,1,270,"Электричество, отопление, горячая и холодная вода в квартире – это то, без чего многие уже не представляют своей жизни. В этом году привычного июльского повышения цен на ЖКУ не было, суммы в «платежка"
2026-09-04 05:59,article,Обвиняемая в убийстве дочери жительница Забайкалья родила ребёнка,https://dzen.ru/a/appe1sSWjwEskNZS,409,2,69,"28-летняя жительница города Балей Забайкальского края, обвиняемая в жестоком убийстве годовалой дочери, была беременна на момент ареста. Об этом сообщает КП-Иркутск со ссылкой на издание «Чита. Редакц"
2026-09-04 05:58,article,В Иркутской области снижается активность клещей,https://dzen.ru/a/appe1sSWjwEskNZT,15,0,46,"В Иркутской области отмечают снижение активности клещей. За неделю с 27 августа по 3 сентября 2026 за помощью к медикам обратились 153 человека. Всего с начала сезона зарегистрировали 21 220 укусов, ч"
2026-09-04 05:43,article,"Эксперт объяснил, как помочь ребенку пережить смену школы без стресса",https://dzen.ru/a/appa88SWjwEskLa3,99,0,54,"Переход в новую школу или класс - это всегда испытание. Незнакомая обстановка, чужие лица и страх, что не примут, могут настолько повысить тревожность, что учеба отойдет на второй план. Директор домаш"
2026-09-04 05:37,article,"«Кормила уксусом, мечтая о её смерти»: просьба матери, которая два дня зверски пытала годовалую дочь, шокировала суд",https://dzen.ru/a/appZU8SWjwEskKwZ,809,9,227,"В маленьком городе Балей, что в Забайкальском крае, мать-зверь замучила собственного ребёнка с изощрённой жестокостью. Из этого ада девочка не вышла живой, а подробности случившегося до сих пор не даю"
2026-09-04 05:28,article,Насмерть придавило зерном: мужчина погиб при странных обстоятельствах на ферме,https://dzen.ru/a/appXrcSWjwEskJ2l,14,0,40,В городе Аткарске Саратовской области завели уголовное дело после гибели рабочего. Трагедия произошла 3 сентября на территории крестьянско-фермерского хозяйства. Об этом сообщает телеканал «Саратов 24
2026-09-04 05:08,article,"Суд в Иркутске вынес приговор за контрабанду драгоценностей на 6,3 млн рублей",https://dzen.ru/a/appS8cSWjwEskHrb,22,0,35,"Октябрьский районный суд Иркутска вынес приговор иностранке. Как сообщили КП-Иркутск в Восточно-Сибирской транспортной прокуратуре, в январе 2026 года женщина проходила таможенный контроль в иркутском"
2026-09-04 04:43,article,В Иркутской области выстроили систему трудовой реабилитации участников СВО,https://dzen.ru/a/appNX8SWjwEskFEu,19,0,63,"В Иркутской области работает система трудовой реабилитации участников специальной военной операции. Для вернувшихся бойцов сформирован банк вакансий, работает Кадровый центр, где каждому обратившемуся"
2026-09-04 04:13,article,"В Иркутске почтили память 46 медиков, погибших от COVID-19",https://dzen.ru/a/appGIqKBtmtj8bwt,254,0,54,"В Иркутске прошла церемония в память о медицинских работниках, которые погибли при исполнении обязанностей во время пандемии коронавируса. Мероприятие состоялось 4 сентября в сквере Героев-медиков на "
2026-09-04 03:44,article,В Тайшете ветеринары спасли корову после укуса гадюки,https://dzen.ru/a/apo_H8SWjwEsj-NO,161,0,50,"В Тайшетскую ветклинику поступил срочный вызов. Хозяин рассказал, что его корову на пастбище укусила змея - прямо в вымя! Когда ветеринары приехали, животному было совсем плохо: вымя сильно отекло, на"
2026-09-04 03:22,article,В десяти школах Иркутской области начнут ставить оценки за поведение,https://dzen.ru/a/apo6YqKBtmtj8WHe,70,0,51,С 1 сентября 2026 года в школах России стартует эксперимент по выставлению оценок за поведение. В Иркутской области в нем участвуют десять учебных заведений. Среди них - гимназия-интернат в Усть-Ордын
2026-09-04 03:04,article,"""Резко пропал слух"". Женщина приняла симптомы за обычную простуду, но правда оказалась куда страшнее",https://dzen.ru/a/apo1rMSWjwEsj58v,163,0,89,"Сибирячка подхватила обычную, как ей казалось, простуду. Но болезнь дала странное осложнение - резко пропал слух. Сначала на это не обратили особого внимания. Потом начались головные боли, стала подво"
2026-09-04 02:24,article,22 рабочих места для людей с инвалидностью создали в Иркутской области,https://dzen.ru/a/aposOsSWjwEsj1xp,251,0,53,В Иркутской области 20 работодателей обустроили 22 специальных рабочих места для сотрудников с инвалидностью. На это компании получили субсидии до 200 тысяч рублей. Среди трудоустроенных - два участни
2026-09-04 02:02,article,Медведь пришел на территорию детского сада в Забайкалье,https://dzen.ru/a/aponucSWjwEsjz1r,42,0,41,Днем 2 сентября в селе Большая Речка Красночикойского округа медведь забрел прямо на территорию детского сада! Об этом сообщает «АиФ-Забайкалье» со ссылкой на главу поселения. - Рядом с детсадом наход
2026-09-04 01:44,article,Спрос на руководителей с навыками продаж в Иркутской области вырос на 51%,https://dzen.ru/a/apoitsSWjwEsjxrg,279,1,58,"Работодатели Иркутской области стали заметно чаще искать управленцев, которые умеют развивать продажи. По данным hh.ru, за пять лет спрос на такие компетенции вырос на 51%. Сейчас «управление продажам"
2026-09-04 00:53,article,Главный режиссер Иркутского драмтеатра покинул свой пост после восьми лет работы,https://dzen.ru/a/apoW56KBtmtj8Geb,71,0,55,"Иркутский академический драматический театр имени Н.П. Охлопкова начинает новый сезон без главного режиссера. Станислав Мальцев, руководивший коллективом ровно восемь лет, попрощался с труппой на трад"
2026-09-04 00:26,article,Мошенники рассылают опасные «видео» от имени соседей в Иркутске,https://dzen.ru/a/apoQkMSWjwEsjpkf,316,0,49,"В Иркутске мошенники придумали новую схему обмана. Они пишут в мессенджерах от лица соседей и сообщают, что у двери ходит подозрительный человек. Для правдоподобности называют номер квартиры и прикреп"
2026-09-04 00:02,article,"Биолог рассказала, какой овощ выводит токсины из организма",https://dzen.ru/a/apoLGaKBtmtj8BQP,5,0,54,"Самый мощный детокс-эффект дает свекольный сок, но пить его нужно с умом. Биолог Ирина Лялина в беседе с NEWS.ru объяснила, почему этот корнеплод полезен и чем может навредить при неправильном употреб"
2026-09-03 23:32,article,В Иркутске сносят 25 самовольных гаражей на Баумана,https://dzen.ru/a/apoEBcSWjwEsjj_V,153,0,44,"В Иркутске продолжают принудительно сносить 25 гаражей возле домов № 160 и 161 по улице Баумана. Как сообщили КП-Иркутск в городской администрации, суд признал постройки самовольными и приказал их раз"
2026-09-03 23:05,article,В Иркутске днем 4 сентября потеплеет до +16 градусов,https://dzen.ru/a/apn9zsSWjwEsjhBT,15,0,44,"В Иркутске днем 4 сентября 2026 потеплеет до +14…+16 градусов, дождя не ожидается. Как сообщили КП-Иркутск в Иркутском Гидрометцентре, будет дуть ветер со скоростью 3-8 метра в секунду. После захода с"
2026-09-03 22:00,article,Что произошло в Иркутске в ночь на 4 сентября 2026: последние новости,https://dzen.ru/a/apnuu6KBtmtj7zsS,702,2,39,В Братске ввели режим повышенной готовности из-за медведей Режим повышенной готовности позволит усилить меры безопасности. Председателей садоводств и гаражных кооперативов просят провести беседы с жит
2026-09-03 14:46,article,"Психолог объяснила, почему осенью накатывает тоска",https://dzen.ru/a/apmIs6KBtmtj66Uq,14,0,46,"Осенняя хандра - это не выдумка и не лень, а сезонное аффективное расстройство. Об этом в беседе с NEWS.ru рассказала клинический психолог Елена Куперштейн. По ее словам, состояние напрямую связано с "
2026-09-03 14:23,article,"Рассказываем, чем опасен узелковый дерматит в Иркутском округе 2026",https://dzen.ru/a/apmDJaKBtmtj62rc,497,1,70,"Узелковый дерматит в Иркутском округе в сентябре 2026 года стал поводом для введения карантина. Как сообщили КП-Иркутск в местной администрации, очаг заболевания нашли в деревне Бутырки Оекского админ"
2026-09-03 12:40,article,В Иркутске нужны волонтеры в Дни русской духовности и культуры,https://dzen.ru/a/aplrZ8SWjwEsiOPY,47,0,46,"В Иркутске объявлен срочный дополнительный набор волонтёров — они помогут во время пребывания в городе мощей святителя Спиридона Тримифунтского и святителя Иннокентия Иркутского. Дежурства пройдут 5, "
2026-09-03 12:37,article,"Прогулка, которая не входила в программу: капитана лодки осудили за гибель пяти туристов на Байкале",https://dzen.ru/a/aplqncSWjwEsiNvD,72,0,92,"Группа туристов из Москвы и Подмосковья завершала путешествие по Байкалу. Катание на катере не входило в обязательную программу тура, но должно было стать красивым финалом. Вместо этого - ледяная вода"
2026-09-03 12:07,article,"«Один прыжок – и он уже рядом…»: турист рассказал, как смог отбиться от медведя на берегу Байкала",https://dzen.ru/a/apljbqKBtmtj6i52,261,2,123,"«У меня сегодня второй день рождения», - говорит 65-летний байкер из Красноярска Сергей Сорокин. Еще утром 3 сентября он собирался спокойно погулять по берегу Байкала и любоваться местными красотами. "
2026-09-03 10:51,article,В Иркутском округе ввели карантин из-за опасного вируса у коров,https://dzen.ru/a/aplR28SWjwEsh-g5,1239,0,56,В Иркутском муниципальном округе объявили режим повышенной готовности из-за вспышки узелкового дерматита у крупного рогатого скота. Очаг обнаружили в деревне Бутырки Оекского административного округа.
2026-09-03 10:29,article,"«Мама, почему мне не пришили пальчик?»: 6-летнему ребенку оторвало фалангу во время игры в прятки",https://dzen.ru/a/aplM7cSWjwEsh794,1042,2,223,"- Мама, скорее вызывай скорую! Кирилл истекает кровью, ему оторвало палец! – в ужасе позвонила 9-летняя дочь матери. Кирилл - ее 6-летний брат. В тот день, 12 августа, они играли с соседскими ребятами"
2026-09-03 10:23,article,В Черемхово угледобывающую компанию оштрафовали за отвалы за пределами участка,https://dzen.ru/a/aplLUsSWjwEsh7JN,46,0,45,"Прокуратура Черемхово проверила, как горнодобывающая организация соблюдает закон о недропользовании. Выяснилось, что компания, которая добывает уголь, размещала отвалы вскрышных пород за пределами сво"
2026-09-03 09:46,article,В Братске ввели режим повышенной готовности из-за медведей,https://dzen.ru/a/aplCrsSWjwEsh12C,769,1,43,"С 3 сентября с 17:00 в Братске вводится режим повышенной готовности для всех городских служб. Причина - медведи, которые все чаще выходят к окраинам города и дачным кооперативам. Об этом сообщил мэр А"
2026-09-03 09:20,article,Семья из шести человек едва не сгорела в собственном доме. Спасло их настоящее чудо,https://dzen.ru/a/apk8LMSWjwEshx8L,5,0,46,"Ночью 2 сентября семья из Култука едва не сгорела заживо в собственном доме. В переулке Оборонном вспыхнул пожар. Когда люди проснулись, веранда уже полыхала, и путь через дверь был отрезан. Оставалос"
2026-09-03 08:53,article,В Иркутской области усилят борьбу с дикорастущей коноплей,https://dzen.ru/a/apk2dKKBtmtj6H0Y,89,2,69,"В Иркутской области усилят работу по уничтожению дикорастущей конопли. Поводом стали контрольные выезды, которые показали: заросли опасных растений до сих пор остаются в Иркутском, Усть-Удинском, Зала"
2026-09-03 08:18,article,В Иркутской области обсудили подготовку к 90-летию региона и 300-летию Епархии,https://dzen.ru/a/apkt0aKBtmtj6CXy,23,0,69,"В правительстве Иркутской области обсудили, как регион встретит 2027 год. Он будет богат на юбилеи. Главные даты - 90 лет Иркутской области и 300 лет Иркутской Епархии. Губернатор Игорь Кобзев отметил"
2026-09-03 08:11,article,В Иркутске благоустраивают общественные пространства,https://dzen.ru/a/apksLsSWjwEshnzf,49,0,64,В Иркутске идет благоустройство сквера около Культурного центра Александра Вампилова. Финансирование - 15 млн рублей - выделено по программе «Формирование комфортной городской среды» нацпроекта «Инфра
2026-09-03 07:53,article,"Школьница раскачивалась на качелях, как вдруг случилось страшное: они рухнули и едва не погубили ее",https://dzen.ru/a/apkoTsSWjwEshlR5,22,0,57,"Ленинский районный суд Иркутска вынес приговор мужчине, который отвечал за содержание двора на улице Полярной, но не убрал опасные качели. Конструкция не была закреплена к земле и в итоге упала на 13-"
2026-09-03 07:52,article,Кондитеру из Иркутска выплатили 85 тысяч после незаконного увольнения,https://dzen.ru/a/apkoSKKBtmtj5-6K,76,0,35,"Жительница Иркутска добилась выплаты заработанных денег после того, как работодатель незаконно уволил её из кондитерского цеха. Женщина не согласилась с решением и обратилась в суд, который встал на е"
2026-09-03 07:50,article,"Тело нашли в 800 метрах от места ДТП: что известно о старшеклассницах, погибших при падении машины с моста в реку",https://dzen.ru/a/apkngsSWjwEshkyo,13,0,137,"В маленьком посёлке Чара в Каларском округе Забайкалья эти дни проходят в тишине. В ночь на 26 августа здесь произошла страшная трагедия: в ДТП погибли две школьницы, ещё трое парней спаслись чудом. И"
2026-09-03 07:28,article,В Иркутске хирурги удалили девочке желчный пузырь с камнями с помощью робота,https://dzen.ru/a/apkiAsSWjwEshhLe,247,0,53,"В Иркутской областной детской клинической больнице провели роботизированную операцию 11-летней пациентке. Как сообщил главврач Юрий Козлов, школьнице удалили желчный пузырь, в котором было несколько к"
2026-09-03 07:21,article,Жителя Иркутской области судят за поддельные права на управление лодкой,https://dzen.ru/a/apkgYqKBtmtj552x,11,0,30,"Байкало-Ангарская транспортная прокуратура утвердила обвинительное заключение против 53-летнего местного жителя. Его обвиняют в использовании поддельного удостоверения, дающего право управлять маломер"
2026-09-03 06:57,article,Ветеринары не нашли болезней у погибших пчел в Иркутской области,https://dzen.ru/a/apkamaKBtmtj52PN,257,1,45,"Ветеринары не нашли у погибших пчел из поселка Харик Куйтунского района никаких заболеваний. Служба ветеринарии проверила насекомых на акарапидоз, браулез, варроатоз, нозематоз и амебиаз. Все результа"
2026-09-03 06:50,article,Трёх жителей Иркутска судят за браконьерство на Ангаре на 545 тысяч рублей,https://dzen.ru/a/apkZCsSWjwEshbhd,34,0,33,"Байкало-Ангарская транспортная прокуратура утвердила обвинительное заключение в отношении трёх жителей Иркутска. Их обвиняют за незаконную добычу водных биоресурсов, совершённую группой лиц. - В мае э"
2026-09-03 06:34,article,Тыква из Иркутской области весом 800 кг участвует в конкурсе «Битва гигантов»,https://dzen.ru/a/apkV48SWjwEshZx5,435,0,43,12-летний Еремей Павленко из села Савватеевка Ангарского района вырастил тыкву весом больше 800 килограммов! Гигантский овощ отправили в Москву на Национальный чемпионат урожая «Битва гигантов». Финал
2026-09-03 06:31,article,Мужчина выжил после нападения медведя вблизи Байкала в Бурятии,https://dzen.ru/a/apkUT6KBtmtj5yuG,166,0,59,"Сегодня, 3 сентября, утром в Северо-Байкальском районе Бурятии произошло нападение медведя на 65-летнего мужчину. Инцидент случился в местности Хакусы. - Хищник нанёс мужчине травмы ног, однако постра"
2026-09-03 05:55,article,В Заксобрании Иркутской области обсудили развитие туризма,https://dzen.ru/a/apkMhaKBtmtj5t3I,725,2,98,"В Законодательном Собрании Иркутской области прошло заседания Общественного совета при ЗС, посвященное повышению конкурентоспособности туристских услуг в Приангарье. Как отметил спикер регионального п"
2026-09-03 05:48,article,Житель Иркутска получил 3 года колонии за мошенничество на 4 млн рублей,https://dzen.ru/a/apkK5qKBtmtj5s4k,32,0,46,"Октябрьский районный суд Иркутска вынес приговор 32-летнему местному жителю, работавшему специалистом по закупкам в коммерческом отделе одного из предприятий. Мужчину признали виновным в мошенничестве"
2026-09-03 05:04,article,Иркутского предпринимателя оштрафовали за продажу контрафакта на 120 тысяч,https://dzen.ru/a/apkAeKKBtmtj5nMX,137,1,37,"Байкало-Ангарская транспортная прокуратура проверила, как в Иркутске соблюдают закон о противодействии контрафакту. - В одном из магазинов нашли товары с незаконно нанесёнными товарными знаками извест"
2026-09-03 04:36,article,"В Иркутской области объяснили, как поставить домашнюю птицу на учёт по новым правилам",https://dzen.ru/a/apj6RsSWjwEshJ8S,971,29,48,"Ветеринарная служба Приангарья и Россельхознадзор разъяснили порядок учёта домашней птицы в личных подсобных хозяйствах. С 1 сентября 2026 года владельцы, у которых больше 10 голов птицы, обязаны заре"
2026-09-03 04:23,article,Больше 10 кур? Придётся зарегистрировать: новые правила учёта домашней птицы вступили в силу в Иркутской области,https://dzen.ru/a/apj27sSWjwEshISm,18836,241,215,"С 1 сентября 2026 года вступили в силу новые правила учёта домашней птицы в Иркутске 2026. Маркировка в личных подсобных хозяйствах обязательна. Если у вас во дворе больше 10 кур, уток, гусей или пере"
2026-09-03 03:56,article,Заморозки до -3 градусов придут в Иркутскую область,https://dzen.ru/a/apjwkKKBtmtj5etY,94,0,59,"3 сентября днём сильные и очень сильные дожди ожидаются в западных, центральных, южных и верхнеленских районах, 4 сентября — в северо восточных. В горах возможен мокрый снег. Порывы северо западного в"
2026-09-03 03:49,article,Жители Иркутска могут побороться за Национальную премию «Патриот»,https://dzen.ru/a/apju7sSWjwEshD50,0,0,64,"У иркутских активистов, команд и организаций появился шанс громко заявить о себе на всероссийском уровне: открыт приём заявок на Национальную премию «Патриот». Премия пройдёт в ноябре в рамках Всеросс"
2026-09-03 03:41,article,"«Думала, что буду доставлять документы»: девушка согласилась на подработку и вскоре сильно пожалела",https://dzen.ru/a/apjtTaKBtmtj5c9U,257,0,69,"В Иркутске под стражу заключили 24 летнюю девушку, которую подозревают в пособничестве мошенникам. По данным пресс-службы ГУ МВД России по Иркутской области, она прилетела из другого региона, чтобы за"
2026-09-03 03:27,article,В каких автобусах в Иркутске можно платить картой «Тройка»: названы номера маршрутов,https://dzen.ru/a/apjphaKBtmtj5a7t,99,0,55,С 3 сентября в Иркутске стартует необычный эксперимент: пассажиры автобусов смогут оплачивать проезд московской картой «Тройка». Нововведение запустили в компании «БайкалАвтоТранс» — и Иркутск стал пе
2026-09-03 03:04,article,Житель Иркутска осуждён за ложное сообщение о минировании,https://dzen.ru/a/apjko8SWjwEsg-gX,13,0,57,"Ленинский районный суд Иркутска вынес приговор местному жителю, признанному виновным в преступлении за заведомо ложное сообщение об акте терроризма. - В сентябре 2025 года подсудимый, будучи в состоян"
2026-09-03 02:48,article,"Психолог объяснила, как справиться с осенней хандрой",https://dzen.ru/a/apjguqKBtmtj5V4L,8,0,39,"С наступлением осени многие ощущают упадок сил, тоску и апатию. Психолог Екатерина Каталина объяснила, что это нормальная реакция организма на смену сезонов. - Переход от лета к осени сопровождается г"
2026-09-03 02:09,article,3 сентября в Иркутске ожидается сильный дождь и +13 градусов тепла,https://dzen.ru/a/apjXVKKBtmtj5RWL,32,0,34,"В среду, 3 сентября, в Иркутской области ожидается переменная облачность и кратковременные дожди. Местами — особенно в Нижнеудинском, Тулунском, центральных, южных и верхнеленских районах — осадки буд"
2026-09-03 02:00,article,В Иркутской области создали штаб по защите людей от нашествия медведей,https://dzen.ru/a/apjU3MSWjwEsg17m,185,0,61,"В Иркутской области участились выходы медведей к людям — хищников замечают в Братском, Слюдянском, Усть-Илимском районах и даже в черте городов. Губернатор поручил создать специальную рабочую группу п"
2026-09-02 22:00,article,Что произошло в Иркутске и Иркутской области в ночь на 3 сентября: последние новости,https://dzen.ru/a/apicgaKBtmtj4xYW,182,0,105,"В Иркутске пассажир заявил о бомбе в багаже из-за опоздания на рейс В Иркутске осудят 47-летнего мужчину, который в июле опоздал на рейс в Домодедово и сгоряча заявил сотрудникам аэропорта, что в его "
2026-09-02 14:47,article,В Иркутской области ввели штрафы за выезд на лёд вне переправ,https://dzen.ru/a/apg3ccSWjwEsffRR,1037,1,48,"В Иркутской области принят закон, устанавливающий административную ответственность за выезд на лёд транспортных средств вне специально оборудованных переправ. Поводом для ужесточения правил стали траг"
2026-09-02 14:13,article,В пригороде Улан-Удэ полицейские застрелили агрессивного медведя,https://dzen.ru/a/apgxpMSWjwEsfakX,340,0,32,"Минувшей ночью, около часа ночи, в дежурную часть полиции Улан-Удэ поступил тревожный звонок от сотрудника базы отдыха в микрорайоне Верхняя Берёзовка. Мужчина сообщил, что из леса к жилым корпусам вы"
2026-09-02 13:41,article,В Братске водитель троллейбуса спасла пенсионерку от потери миллионов,https://dzen.ru/a/apgoPMSWjwEsfVrc,2684,0,45,1 сентября в Братске 70-летняя женщина возвращалась с рынка на троллейбусе №6. Сначала ей позвонила «сотрудница соцзащиты» и убедила назвать код из СМС для перерасчёта пенсии. Следом начали звонить «п
2026-09-02 12:40,article,На Байкале пресекли нелегальные пассажирские перевозки по воде,https://dzen.ru/a/apgZp8pJF0LmJQ4H,11,0,27,"Байкальская транспортная прокуратура проверила, как судоводители соблюдают безопасность пассажиров на воде. - Выяснилось, что в июле в Северобайкальском районе Бурятии местный судоводитель перевозил л"
2026-09-02 12:04,article,За август в Иркутской области в пожарах погибли три человека,https://dzen.ru/a/apgRsMpJF0LmJL64,2,0,49,"В августе в Иркутской области произошло 273 пожара. В пожарах погибли три человека, ещё трое получили травмы. Пожарным удалось спасти 41 человека, а из опасных зон эвакуировали 393 местных жителей. - "
2026-09-02 11:33,article,Жителя Иркутской области осудили за причинение смерти по неосторожности,https://dzen.ru/a/apgKc1E6NU7Dd6Qf,54,0,47,"Эхирит-Булагатский районный суд вынес приговор 66-летнему жителю села Олой. Мужчина признан виновным в смерти знакомого, которую причинил по неосторожности, а также в умышленном нанесении лёгких телес"
2026-09-02 10:59,article,Прокуратура Иркутской области проверит оказание помощи ребёнку с травмой,https://dzen.ru/a/apgCj1E6NU7Dd1S-,37,0,32,"Прокуратура Иркутской области организовала проверку по обращению жительницы Нижнеилимского района. - Женщина сообщила, что её 6-летний сын в Железногорске-Илимском получил травму пальца, однако необхо"
2026-09-02 10:11,article,Врачи провели выездную диспансеризацию в посёлке Большие Коты,https://dzen.ru/a/apf3TMpJF0LmI6x1,21,0,55,"В Иркутской районной больнице прошла выездная диспансеризация жителей посёлка Большие Коты. Медицинская помощь была организована с учётом труднодоступности населённого пункта, расположенного на побере"
2026-09-02 09:43,article,В Иркутской области выявили 250 нарушений миграционного законодательства,https://dzen.ru/a/apfwJ8pJF0LmI13D,25,0,40,В Иркутской области прошли рейдовые мероприятия по контролю за соблюдением миграционного законодательства. Полицейские проверили места возможного пребывания и работы иностранцев — объекты сельского хо
2026-09-02 09:13,article,Осенью во всех лесничествах Иркутской области пройдут субботники,https://dzen.ru/a/apfptspJF0LmIxcr,14,0,50,В Иркутской области стартуют осенние экологические субботники. Они пройдут во всех 37 лесничествах региона. Организатором выступает министерство лесного комплекса. Основная цель — очистка лесов от мус
2026-09-02 09:03,article,"Водитель троллейбуса сохранила пассажирке миллионы рублей, услышав всего одну фразу из ее телефонного разговора",https://dzen.ru/a/apfnQVE6NU7Ddjbs,4613,1,219,"Днем 1 сентября 70-летняя Нелли Николаевна из Братска отправилась на рынок. Купила соленья и с полной авоськой уже подходила к троллейбусной остановке, как вдруг зазвонил телефон. - Я из соцзащиты, - "
2026-09-02 08:37,article,"Стало известно, кто возглавит Межмуниципальное управление МВД России «Иркутское»",https://dzen.ru/a/apfg58pJF0LmIrwb,251,0,69,"В Иркутске назначен новый руководитель Межмуниципального управления МВД России «Иркутское». Им стал полковник полиции Роман Цуркан, который с марта 2026 года исполнял обязанности начальника. Официальн"
2026-09-02 08:29,article,В аэропорту Иркутска пассажир заявил о бомбе в багаже из-за опоздания на рейс,https://dzen.ru/a/apffW1E6NU7DdeZx,65,0,41,"В Иркутске перед судом предстанет 47-летний житель Московской области, который заявил о бомбе в своём багаже, опоздав на посадку. Инцидент произошёл в июле в аэропорту Иркутска. Работник аэропорта соо"
2026-09-02 08:14,article,На пересечении Ленина и Карла Маркса в Иркутске уложили новый асфальт,https://dzen.ru/a/apfbT1E6NU7DdbpO,17,0,26,"В Иркутске завершился очередной этап ремонта на пересечении улиц Ленина и Карла Маркса. Здесь уложили свежий асфальт. - Работы организовали в ночное время, когда трамваи не ходят. Перед этим на участк"
2026-09-02 07:49,article,Житель Иркутской области осуждён на 5 лет за оправдание терроризма,https://dzen.ru/a/apfV1VE6NU7DdYBj,32,0,33,"В Иркутской области суд вынес приговор местному жителю, который публично оправдывал терроризм в интернете. - Мужчина оставил в сети комментарий, в котором одобрял действия террориста, совершившего пре"
2026-09-02 07:42,article,В Забайкалье движение поездов приостановлено из-за обвала скалы,https://dzen.ru/a/apfUOFE6NU7DdW5i,30,0,63,"Утром 2 сентября в 11:18 на перегоне Кручина – Новая Забайкальской железной дороги произошёл обвал скальной породы. Камни рухнули прямо на пути, в результате чего движение поездов на этом участке было"
2026-09-02 07:17,article,Жительница Ангарска получила условный срок за кражу денег с чужой карты,https://dzen.ru/a/apfN9VE6NU7DdSwD,71,0,43,"Ангарский городской суд вынес приговор 51-летней местной жительнице, которая обвинялась в краже денег с банковской карты. - В июне 2026 года женщина ехала в такси и обнаружила на заднем сиденье чужой "
2026-09-02 06:50,article,В Иркутской области сняты карантинные ограничения по опасной болезни КРС,https://dzen.ru/a/apfHdcpJF0LmIbMu,31,0,55,"В Иркутской области отменили карантинные ограничения, введённые из-за вспышки опасного заболевания крупного рогатого скота — пастереллеза. Регион снова получил статус благополучного по этой инфекции. "
2026-09-02 06:16,article,Управляющую компанию в Нижнеудинске обязали пересчитать плату за жильё,https://dzen.ru/a/ape_ocpJF0LmIXGf,275,1,35,"Нижнеудинская межрайонная прокуратура провела проверку начислений за содержание жилья. - Выяснилось, что с января 2026 года управляющая компания без согласия собственников включила в платёжки 5% НДС с"
2026-09-02 05:34,article,В Иркутской области победители школьной олимпиады получат премии до 40 тысяч,https://dzen.ru/a/ape2I1E6NU7DdFN6,70,0,64,"В Иркутской области назвали имена школьников, которые в 2026 году получат премии губернатора за успехи на Всероссийской олимпиаде. Как сообщили КП-Иркутск в региональном правительстве, всего поощрят 6"
2026-09-02 05:06,article,В Иркутской области директор стройфирмы выплатил миллионный долг за коммуналку,https://dzen.ru/a/apevwspJF0LmIOE7,29,0,43,"Руководитель строительной организации в Иркутской области задолжал больше миллиона рублей. Как сообщили КП-Иркутск в ГУФССП региона, суд обязал фирму выплатить деньги за тепло, электроэнергию и горячу"
2026-09-02 04:43,article,В Иркутской области продавцов алкоголя оштрафовали на 470 тысяч за август,https://dzen.ru/a/apeqPMpJF0LmILEF,64,0,49,Служба потребительского рынка Иркутской области подвела итоги проверок за август 2026. За месяц специалисты выявили шесть нарушений в сфере продажи алкоголя. Среди них - несоблюдение лицензионных треб
2026-09-02 04:23,article,Полиция установила участников подростковой драки в Братске,https://dzen.ru/a/apelbcpJF0LmIIuu,76,0,52,"Прокуратура Братска подключилась к проверке конфликта между подростками 14 и 15 лет. Напомним, случилось все 31 августа на пустыре на Бульваре Победы. Видео, на котором двое парней наносят друг другу "
2026-09-02 03:33,article,В Братске начали проверку после видео с дракой подростков,https://dzen.ru/a/apeZnMpJF0LmICwt,69,0,44,"В Братске толпа из 50-60 подростков собралась в круг, пока двое парней дрались. Происходящее снимал кто-то из жильцов соседнего дома. Видео быстро разошлось по соцсетям. Ситуацию прокомментировала упо"
2026-09-02 03:14,article,В Иркутской области сократилось число работников в строительстве,https://dzen.ru/a/apeVpcpJF0LmIA04,25,0,63,"В Иркутской области за первое полугодие 2026 года заметно уменьшилось число занятых в строительстве и недвижимости. По данным Иркутскстата, строительная отрасль потеряла 14,3% работников по сравнению "
2026-09-02 03:10,article,На подошву мажу мёд — пусть жених меня найдёт: как я испытывала популярные обряды для привлечения мужа,https://dzen.ru/a/apeT8cpJF0LmIAFj,9,0,265,"— С ума сошла? — воскликнула бабушка, увидев, как я размазываю мёд ложкой по подошве туфель. — Это примета такая, чтобы мужа скорее найти! Народный обряд я подглядела в соцсетях. Прошлым летом все оди"
2026-09-02 02:02,article,Иркутская область вернула благополучный статус по опасной болезни скота,https://dzen.ru/a/apeEClE6NU7DcsEl,16,0,41,Россельхознадзор признал Иркутскую область благополучной по пастереллезу крупного рогатого скота. Карантинные ограничения сняты. Об этом КП-Иркутск сообщили в региональном правительстве. Регион лишилс
2026-09-02 01:39,article,Землетрясение произошло в Бурятии 2 сентября,https://dzen.ru/a/apd_AlE6NU7DcpiE,30,0,42,"Землетрясение в Бурятии 2 сентября 2026 года произошло в Северо-Байкальском районе. Как сообщает «Ариг Ус», подземный толчок произошел в 4:39 по местному времени. - Эпицентр находился в 60 километрах "
2026-09-02 01:20,article,"«Товарищи, пробка здесь до следующего июля!»: водители застряли на улице Маяковского в Иркутске утром 2 сентября",https://dzen.ru/a/apd6YFE6NU7DcnQE,1304,1,33,"Наступил первый учебный день, а значит и пора пробок! В Иркутске утром 2 сентября скопились очереди на улице Маяковского. - Товарищи, эта пробка до следующего июля! Сил нам и терпения… - Верните обрат"
2026-09-02 00:54,article,"Завершены поиски 11-классницы, пропавшей после страшного ДТП: машина с подростками слетела с моста в реку",https://dzen.ru/a/apd0u8pJF0LmHwtJ,6146,5,102,"Почти неделю близкие и добровольцы всматривались в мутную воду и перебирали коряги на реке Чара в Забайкалье. Семья 16-летней девушки жила в состоянии, которое сложно описать словами: с одной стороны,"
2026-09-02 00:03,article,"Тренер рассказала, как заинтересовать ребенка спортом без давления",https://dzen.ru/a/apdoElE6NU7Dcd9E,8,0,48,"Заставлять из-под палки - худший способ привить любовь к движению. Тренер Ольга Яблокова в беседе с NEWS.ru рассказала, что спорт должен ассоциироваться у детей не с нормативами, а с игрой и радостью."
2026-09-01 23:34,article,Московские ворота в Иркутске готовы на 99% после ремонта,https://dzen.ru/a/apdhy8pJF0LmHnJY,56,0,49,В Иркутске завершается ремонт Московских ворот - триумфальной арки на Нижней набережной. Готовность объекта составляет 99%. Комиссия администрации проверила качество покраски фасадов и соответствие пр
2026-09-01 23:02,article,Дожди и заморозки придут в Иркутскую область 2 сентября,https://dzen.ru/a/apdZvFE6NU7DcWsC,95,0,42,"В Иркутске 2 сентября 2026 года резко похолодало. Как сообщили КП-Иркутск в Иркутском Гидрометцентре, воздух прогреется лишь до +15…+17 градусов. Будет дуть северо-западный ветер со скоростью до 6-11 "
2026-09-01 22:00,article,Что произошло в Иркутске в ночь на 2 сентября 2026: последние новости,https://dzen.ru/a/apdLY1E6NU7DcO2z,12,0,48,В Иркутске можно бесплатно и анонимно провериться на ВИЧ и гепатиты 2 сентября тест-мобиль будет стоять на парковке Центрального рынка с 10:00 до 15:00. 4 сентября - на острове Конный с 14:00 до 19:30
2026-09-01 14:44,article,Житель Забайкалья получил ожоги при ремонте бензонасоса в гараже,https://dzen.ru/a/apbls8pJF0LmGmVX,2,0,42,В поселке Чернышевск Забайкалья 31 августа мужчина решил отремонтировать бензонасос в своей машине прямо в гараже. При подключении аккумулятора вспыхнула искра - и автомобиль загорелся. Огонь быстро п
2026-09-01 14:23,article,"Врач объяснил, откуда берутся отеки и мешки под глазами",https://dzen.ru/a/apbg2lE6NU7DbXVD,54,0,46,"Иногда утренние мешки под глазами - это сигнал, что лимфатическая система не справляется с выводом лишней жидкости. Врач Вячеслав Артищев в разговоре с NEWS.ru перечислил неожиданные факторы, которые "
2026-09-01 13:57,article,"Педиатр из Читы рассказала, почему у подростков появляется перхоть",https://dzen.ru/a/apbailE6NU7DbTsn,16,0,49,"Чаще всего родители списывают перхоть на плохой шампунь, но причина может быть глубже. Педиатр Екатерина Иванова в разговоре с «МК в Чите» объяснила, что это не просто косметическая проблема, а повод "
2026-09-01 13:42,article,"Звонок, перечеркнувший все: женщина лишилась 1,8 миллиона из-за ""замены счетчиков""",https://dzen.ru/a/apbWhcpJF0LmGdvr,58,0,51,"69-летняя жительница Пензы стала жертвой классической схемы обмана. Как сообщает сетевое издание «Столица 58» со ссылкой на МВД региона, все началось со звонка от «сотрудника управляющей компании», ко"
2026-09-01 12:19,article,"«Кожа серая, губы синие». Смелая первоклассница спасла двухлетнего брата от жуткой смерти",https://dzen.ru/a/apbDnMpJF0LmGSzZ,1104,1,240,"У Даяны Раднаевой из Улан-Удэ большой праздник - она впервые переступила порог школы. Белые банты, букет цветов, линейка - как у всех. Только ее мама Эржена смотрит на дочь и видит не просто первоклас"
2026-09-01 12:03,article,В Чите соседки потребовали 2 млн рублей за шум из квартиры сверху,https://dzen.ru/a/apa_rFE6NU7DbEZq,12,0,45,"Две жительницы Читы решили, что постоянный шум от соседки сверху стоит целый миллион рублей. С 2022 года они жаловались на топот, грохот и вибрацию, уверяя, что все это мешает спать, поднимает давлени"
2026-09-01 11:36,article,Из дома ни ногой: комендантский час ввели в Слюдянском районе из-за медведей,https://dzen.ru/a/apa5R8pJF0LmGM1N,403,1,91,"Комендантский час из-за медведей в Слюдянском районе с 1 сентября 2026 – похоже на злую шутку, но, увы, это реальность. Сибиряки перепуганы. И дело даже не в том, что лучше не соваться в лес. Хищники "
2026-09-01 11:16,article,"Бассейн, стадион, и девять корпусов: первый звонок прозвенел в иркутской школе №58 - самой большой за Уралом",https://dzen.ru/a/apa0iFE6NU7Da9zK,1952,2,254,"Школа № 58 имени 80-летия Великой Победы в Иркутске — исполин. Девять корпусов, 34 тысячи квадратных метров, бассейн, стадион, актовый зал на 550 мест, столовая на 720 человек. Построенная за 2,8 милл"
2026-09-01 10:57,article,"Директор фирмы в Иркутске похитил 1,4 млн рублей на ремонте здания",https://dzen.ru/a/apawm8pJF0LmGHzE,70,0,46,"Восточно-Сибирская транспортная прокуратура направила в суд дело о крупном мошенничестве при строительных работах. Как сообщили КП-Иркутск в пресс-службе ведомства, директор коммерческой организации о"
2026-09-01 10:30,article,В Иркутске можно бесплатно и анонимно провериться на ВИЧ и гепатиты,https://dzen.ru/a/apaqJPWX808cArKa,9,0,36,"В Иркутске продолжают работать мобильные пункты тестирования, где любой желающий может бесплатно и анонимно узнать свой ВИЧ-статус, а также провериться на вирусные гепатиты В и С и сифилис. Результат "
2026-09-01 10:11,article,Многодетный отец из Эхирит-Булагатского района погиб в зоне СВО,https://dzen.ru/a/apalPvWX808cAoQT,600,0,39,Боец специальной военной операции Андрей Шептяков героически погиб во время выполнения поставленной задачи. Об этом сообщает мэр Эхирит-Булагатского района Геннадий Осодоев. Герой родился в поселке Св
2026-09-01 09:46,article,В Иркутске отработали эвакуацию жителей на случай угрозы беспилотников,https://dzen.ru/a/apafwCWD6W9q5-Ri,113,1,61,В Иркутске на улице Багратиона прошли учения по эвакуации жителей при угрозе атаки беспилотников. Тренировка затронула пять многоквартирных домов. Об этом КП-Иркутск сообщили в городской администрации
2026-09-01 09:29,article,"«Дернул за руку за секунду до удара»: соседка едва не убила школьницу, но друг спас ее в последний момент",https://dzen.ru/a/apacNfWX808cAjTw,231,1,242,"Обычный частный сектор в Советском районе Улан-Удэ: деревянные дома, высокие заборы, за каждой калиткой - своя жизнь. Соседи здесь давно знают друг друга, перебрасываются парой слов на улице, иногда з"
2026-09-01 09:14,article,Иркутской школе № 30 присвоили имя погибшего героя СВО Ильи Легкодимова,https://dzen.ru/a/apaYBfWX808cAhEw,130,0,60,В День знаний иркутская школа № 30 отметила особое событие. За десять дней до 1 сентября ей присвоили имя героя специальной военной операции Ильи Легкодимова - выпускника и педагога этой школы. Уполно
2026-09-01 08:46,article,Жителя Бурятии осудят за поджог полицейской машины,https://dzen.ru/a/apaRT_WX808cAdpG,9,0,46,В Кабанском районе Бурятии завершили расследование дела о поджоге служебного автомобиля. Перед судом предстанет ранее судимый местный житель. Об этом сообщает «Ариг Ус» со ссылкой на СУ СКР республики
2026-09-01 08:10,article,В Иркутском суворовском училище заложили памятную аллею,https://dzen.ru/a/apaJS_WX808cAZOg,43,0,49,В Иркутском суворовском военном училище 1 сентября заложили новую традицию - памятную еловую аллею как символ преемственности поколений. Вместе с воспитанниками деревья посадил губернатор Игорь Кобзев
2026-09-01 07:45,article,Второй серийный МС-21 передали на летные испытания в Иркутске,https://dzen.ru/a/apaDjPWX808cAWib,32,1,52,Иркутский авиационный завод продолжает наращивать темпы выпуска новых самолетов. Второй серийный МС-21-310 с заводским номером 0015 передан из цеха окончательной сборки в летно-испытательное подраздел
2026-09-01 07:42,article,Рейс Москва — Чита перенаправили в Улан-Удэ из-за тумана,https://dzen.ru/a/apaC0SWD6W9q5vIS,7,0,29,"Утром 31 августа рейс, следовавший из Москвы в Читу, не смог приземлиться в пункте назначения из-за сильного тумана. Самолёт, который должен был прибыть в 07:40, ушёл на запасной аэродром и совершил п"
2026-09-01 07:23,article,Студенты Иркутской области могут получить пособие по беременности,https://dzen.ru/a/apZ93yWD6W9q5sgD,164,0,52,"В Иркутской области уже год пособие по беременности и родам студентвм назначает и выплачивает Социальный фонд России. - Раньше за это отвечали образовательные организации, теперь порядок единый для вс"
2026-09-01 07:07,article,"Один погиб, семеро пострадали: ЧП произошло на газовом месторождении в Иркутской области ночью 31 августа",https://dzen.ru/a/apZ6sSWD6W9q5q3D,58,0,71,"ЧП на газовом месторождении в Иркутской области 31 августа 2026 произошло ночью. Подробности рассказали в МЧС региона. Как сообщили КП-Иркутск, погиб один человек, семеро пострадали. Случилось все в К"
2026-09-01 06:57,article,Аэропорт Усть-Кута возобновил работу после ремонта,https://dzen.ru/a/apZ4VCWD6W9q5pfH,43,0,69,"С 1 сентября аэропорт Усть-Кута снова принимает и отправляет самолёты — завершён первый этап ремонта взлётно-посадочной полосы. Губернатор Игорь Кобзев прибыл в город техническим рейсом, чтобы лично п"
2026-09-01 06:31,article,В Ленинском районе Иркутска частично отключили свет,https://dzen.ru/a/apZx2yWD6W9q5mMA,2,0,31,"В Иркутске 1 сентября в Ленинском районе произошло частичное отключение электроэнергии. Информация поступила в 12:39 по местному времени. Без света остались жители улицы Олонской, а также дачных и сад"
2026-09-01 05:56,article,В Иркутске пьяного водителя отправили в колонию и конфисковали машину,https://dzen.ru/a/apZp7fWX808cAJM7,40,0,48,"В Иркутске суд вынес приговор 45-летнему местному жителю, который повторно сел за руль в состоянии сильного опьянения. Инцидент произошёл 12 сентября прошлого года на улице Лермонтова. - Инспекторы ДП"
2026-09-01 05:00,article,В Иркутске открылся новый травмпункт на улице Трилиссера,https://dzen.ru/a/apZcQfWX808cABpz,26,0,70,"В Иркутске по новому адресу — на улице Трилиссера, 60 — начал приём пациентов травматологический пункт городской клинической больницы №1. Ранее отделение работало на Байкальской, 118к3. Переезд в отде"
2026-09-01 04:31,article,Жители Иркутска могут оплатить налоги онлайн через личный кабинет,https://dzen.ru/a/apZV8CWD6W9q5XxS,267,0,35,В Иркутске жители могут оплачивать налоги дистанционно — через личный кабинет налогоплательщика. Сервис позволяет управлять обязательствами перед бюджетом без личного визита в инспекцию. - Помимо этог
2026-09-01 03:57,article,В иркутском зоосаде умерла верблюдица Земфира,https://dzen.ru/a/apZOCyWD6W9q5T0b,360,0,24,"В иркутском зоосаде умерла верблюдица Земфира. Животное погибло несколько дней назад. - Специалисты делали всё возможное, но болезнь оказалась слишком серьёзной, и спасти питомицу не удалось, - расска"
2026-09-01 03:25,article,Прокуратура помогла предпринимателям вернуть места для торговли в Иркутске,https://dzen.ru/a/apZGLfWX808c_21F,3049,4,33,"Прокуратура Иркутской области провела проверку соблюдения прав предпринимателей в сфере торговли. Выяснилось, что некоторые места, предусмотренные схемой размещения нестационарных торговых объектов, ф"
2026-09-01 02:53,article,Школьные линейки в Слюдянском районе проведут в помещениях из-за медведей,https://dzen.ru/a/apY-2yWD6W9q5L_D,2018,10,35,В Слюдянском районе из-за участившихся выходов медведей в город приняты экстренные меры безопасности. Комиссия по чрезвычайным ситуациям запретила проведение школьных линеек на открытом воздухе. - Все
2026-09-01 02:25,article,Роспотребнадзор вновь проверил водоёмы Иркутской области,https://dzen.ru/a/apY4fvWX808c_v11,58,0,47,"Специалисты Роспотребнадзора провели новые исследования качества воды в водоёмах Иркутской области. В девяти местах, расположенных в черте населённых пунктов, выявлены нарушения микробиологических нор"
2026-09-01 01:53,article,В Иркутске пройдёт бесплатное анонимное тестирование на ВИЧ и гепатиты,https://dzen.ru/a/apYwYvWX808c_rza,6,0,42,"В Иркутске с 1 по 7 сентября все желающие смогут бесплатно и анонимно проверить своё здоровье на ВИЧ-инфекцию, вирусные гепатиты В и С, а также сифилис. - Обследование проводится в мобильных пунктах, "
2026-09-01 01:47,article,"«Отдыхал в заведении, а через месяц узнал о кредитах»: подросток украл 335 тысяч рублей",https://dzen.ru/a/apYu7yWD6W9q5Dzl,149,0,61,"В Улан-Удэ сотрудники уголовного розыска задержали 17-летнего подростка, который оформил два кредита на чужое имя через мобильное приложение банка. - Всё началось с того, что 40-летняя жительница горо"
2026-09-01 01:15,article,В Зиме и Саянске полиция провела рейд по проверке иностранцев,https://dzen.ru/a/apYnxfWX808c_npw,23,0,45,"В Зиме и Саянске завершилось оперативно-профилактическое мероприятие, направленное на контроль соблюдения миграционного и трудового законодательства. - Полицейские проверили 22 объекта, включая точки "
2026-09-01 00:43,article,Суд обязал недропользователя восстановить земли в Тулунском районе,https://dzen.ru/a/apYf5fWX808c_jsZ,70,0,41,"Братская межрайонная природоохранная прокуратура провела проверку соблюдения законодательства о недропользовании на участке «Марусинское» в Тулунском районе. - Выяснилось, что предприятие, у которого "
2026-09-01 00:11,article,Жителей Иркутска приглашают оценить зелёные насаждения в городе,https://dzen.ru/a/apYYq_WX808c_gIM,3,0,31,"В Иркутске стартовал опрос, посвящённый качеству и состоянию зелёных насаждений в областном центре. Организаторы приглашают горожан принять участие в исследовании, чтобы оценить текущую ситуацию с озе"
2026-08-31 23:38,article,"Психолог раскрыла, как выявить использующего ИИ афериста на сайте знакомств",https://dzen.ru/a/apYQtiWD6W9q40y4,3,0,35,"Психолог Наталья Наумова в беседе с NEWS.ru рассказала, как распознать мошенника, который использует искусственный интеллект для общения на сайтах знакомств. По словам специалиста, для этого достаточн"
2026-08-31 23:05,article,В Иркутске 1 сентября ожидается до +29,https://dzen.ru/a/apYJgiWD6W9q4xVj,15,0,34,"В Иркутске 1 сентября погода порадует теплом. Синоптики обещают переменную облачность, без существенных осадков. Ветер юго-восточный, 5–10 м/с, днём порывы до 14 м/с. - Ночью температура составит +12…"
2026-08-31 22:00,article,Что изменится в Иркутске и Иркутской области с 1 сентября 2026,https://dzen.ru/a/apX5iCWD6W9q4o6y,322,0,189,"С 1 сентября в Иркутской области вступает в силу сразу несколько изменений, которые затронут транспорт, торговлю и социальные выплаты. Рассказываем подробнее о каждом из них. В Иркутске с 1 сентября з"
2026-08-31 14:43,article,За выходные мошенники похитили у жителей Иркутской области более 7 млн рублей,https://dzen.ru/a/apWTsPWX808c-ZU1,16,0,55,"С 29 по 30 августа жители Иркутской области лишились более 7 миллионов рублей из-за действий мошенников. Самая крупная сумма украдена у жительницы Черемхово — женщина решила заработать на инвестициях,"
2026-08-31 14:14,article,Дочь обвиняют в краже 285 тысяч рублей у своего отца,https://dzen.ru/a/apWMifWX808c-VDV,57,0,38,"В Пензе полиция завела уголовное дело в отношении 45-летней женщины, которая перевела на свой счёт 285 тысяч рублей, принадлежащих её 77-летнему отцу, сообщает ПензаПресс. - По версии следствия, она п"
2026-08-31 13:28,article,«Упала и ударилась головой о стену»: появились новые подробности истории про избиение врача во время приема,https://dzen.ru/a/apWDIfWX808c-P1v,1480,4,74,"10 июля в гинекологическом кабинете врач вела осмотр беременной пациентки. Внезапно в кабинет ворвались мужчина и женщина, которые требовали немедленно решить их вопрос. Медик попросила покинуть помещ"
2026-08-31 13:24,article,Школы Иркутской области готовы к новому учебному году,https://dzen.ru/a/apWBgSWD6W9q3oqw,8,0,46,В Иркутской области завершилась подготовка к новому учебному году. 1 сентября за парты в 841 школе сядут почти 327 тысяч учеников. Управление Роспотребнадзора по региону держит на контроле ключевые ас
2026-08-31 12:47,article,В Иркутске полиция ищет троих похитителей шоколада на 35 тысяч рублей,https://dzen.ru/a/apV46fWX808c-Kaf,92,1,26,"В Иркутске работники супермаркета обратились в полицию с заявлением о краже шоколада. - Общая сумма похищенного превысила 35 тысяч рублей, - рассказали в ГУ МВД России по Иркутской области. Изучив зап"
2026-08-31 12:05,article,"Житель Иркутской области сжёг 2,2 тыс. кубометров леса из-за костра",https://dzen.ru/a/apVuYfWX808c-EqV,6,0,37,"Прокуратура Муйского района утвердила обвинительное заключение в отношении местного жителя, который по неосторожности уничтожил значительную часть лесного массива. - Мужчина обвиняется по ч. 1 ст. 261"
2026-08-31 11:27,article,"Капремонт дома в Ангарске, повреждённого взрывом газа, закончат в октябре",https://dzen.ru/a/apVlh_WX808c9_yO,190,0,51,"В Ангарске продолжается капитальный ремонт многоквартирного дома № 12 в 12-м микрорайоне, пострадавшего от взрыва бытового газа. Губернатор проверил ход работ. По словам гендиректора Фонда капремонта "
2026-08-31 10:36,article,«Им не понравились длинные волосы»: мать ищет свидетелей избиения 14-летнего сына незнакомцами,https://dzen.ru/a/apVZtPWX808c95ZJ,515,1,206,"В социальных сетях мать 14-летнего школьника из Усолья-Сибирского просит о помощи: по ее словам, сына жестоко избили трое незнакомцев возле школы, нужно найти свидетелей. Подробности - в материале КП-"
2026-08-31 10:21,article,В Братске осудили троих за осквернение мемориала Славы,https://dzen.ru/a/apVWiyWD6W9q3RJ3,1658,5,28,В Братске Иркутский областной суд вынес приговор троим местным жителям. Мужчин признали виновными в осквернении символов воинской славы и оскорблении памяти защитников Отечества. - В сентябре 2024 год
2026-08-31 09:57,article,«В Иркутске мишка!»: медведя заметили у аэропорта и в ДНТ «Миловиды»,https://dzen.ru/a/apVRDSWD6W9q3Nxu,782,1,59,"В Иркутске 30 августа зафиксировали сразу два сообщения о появлении медведя в разных частях города. Днём, около 14:00, хищника заметили в ДНТ «Миловиды». А спустя несколько часов, уже в 3 часа ночи, п"
2026-08-31 09:37,article,В Кадровый центр Иркутской области обратились 3 тыс. работодателей с начала года,https://dzen.ru/a/apVMI63UpQP2whHz,6,0,60,"С января по август 2026 года в Кадровый центр Иркутской области поступило более 3 тысяч обращений от работодателей. Специалисты предоставили им свыше 12,7 тысячи услуг. Лидером спроса стала помощь в п"
2026-08-31 09:15,article,В Куйтунском районе задержали пьяного 14-летнего мотоциклиста,https://dzen.ru/a/apVGlV_t_ztBB003,27,0,43,"В Куйтунском районе инспекторы ДПС задержали 14-летнего подростка, который управлял мотоциклом в состоянии сильного алкогольного опьянения. - Вечером в посёлке Харик полицейские заметили мотоцикл «Rac"
2026-08-31 08:41,article,«Папа!»: двухлетняя дочь проснулась рано утром и стала звать отца. В тот же день семье сообщили о его смерти в зоне СВО,https://dzen.ru/a/apU-qF_t_ztBBwhV,496,4,297,"Он умел падать с высоты, гореть в кадре и выживать в самых безумных трюках. Но свой главный бой Чингиз Додиев принял не на съемочной площадке. 3 июня 2026 года мастер спорта по рукопашному бою, каскад"
2026-08-31 08:38,article,В Иркутске временно перенесут трамвайную остановку «Центральный рынок»,https://dzen.ru/a/apU911_t_ztBBwGP,14,0,38,"В Иркутске с 1 сентября временно изменится место расположения трамвайной остановки «Центральный рынок». Остановочный пункт, который находился на улице Тимирязева, 24, перенесут на улицу Байкальскую, 1"
2026-08-31 08:13,article,В Иркутске ужесточили приговор организаторам подпольного казино,https://dzen.ru/a/apU4Ia3UpQP2wZ12,203,0,60,"В Иркутске организаторы подпольного казино, действовавшего в цокольном этаже на улице Красногвардейской, получили реальные сроки лишения свободы. - В феврале 2026 года Куйбышевский районный суд призна"
2026-08-31 07:59,article,Молодожены из Москвы дошли пешком до Байкала за 224 дня,https://dzen.ru/a/apU07l_t_ztBBq9E,138,1,35,"Молодожены Павел Шабалин и Тамара Погосян, которые идут пешком из Москвы во Владивосток, добрались до Байкала. На 224-й день пути они преодолели участок от Подкаменной до Култука - 44 километра за ден"
2026-08-31 07:50,article,"Погода в Иркутске на 1 сентября сулит настоящую, летнюю жару до +29",https://dzen.ru/a/apUyel_t_ztBBpsX,30,0,52,Погода в Иркутске на 1 сентября 2026 порадует теплом. В День знаний синоптики обещают переменную облачность и без существенных осадков. В Иркутской области погода будет разнообразной. Ожидается переме
2026-08-31 07:38,article,В шести селах Иркутской области с 1 сентября полностью запретят продажу алкоголя,https://dzen.ru/a/apUwGF_t_ztBBodH,915,9,45,"С 1 сентября 2026 года в шести населенных пунктах Приангарья появится полный запрет на розничную продажу алкоголя. В перечень «трезвых сел» вошли Тарасово и Юхта в Казачинско-Ленском районе, Банщиково"
2026-08-31 07:30,article,В центре Иркутска 6 сентября изменится схема движения автобусов,https://dzen.ru/a/apUurV_t_ztBBns3,12,0,59,В Иркутске 6 сентября в связи с крестным ходом в рамках Дней русской духовности и культуры «Сияние России» изменится движение общественного транспорта. - Ограничения будут действовать с 7:00 до 13:30 
2026-08-31 07:19,article,На заправках Иркутска подорожал бензин АИ-95,https://dzen.ru/a/apUraa3UpQP2wVLR,66,0,41,"На утро 31 августа 2026 года на большинстве заправок Иркутска цены остались прежними. Единственной крупной компанией, которая изменила стоимость топлива за последние семь дней, стала БРК. Здесь на руб"
2026-08-31 07:06,article,За неделю на водоёмах Иркутской области оштрафовали 100 судоводителей,https://dzen.ru/a/apUoP1_t_ztBBkT4,4,0,58,"В Иркутской области завершился третий этап акции «Вода – безопасная территория», который проходил с 24 по 30 августа. Ежедневно на водоёмах работали до 165 межведомственных патрульных групп. - Специал"
2026-08-31 06:35,article,"В Тайшете двое детей устроили пожар, играя со спичками",https://dzen.ru/a/apUhQWni3D3wdZ7R,29,0,40,В Тайшете вечером 30 августа в микрорайоне имени Мясникова загорелось неэксплуатируемое строение. Причиной пожара стала детская шалость — двое мальчиков 10 и 13 лет баловались со спичками и поджигали 
2026-08-31 06:12,article,В Иркутске напомнили о правилах использования БПЛА,https://dzen.ru/a/apUbqV_t_ztBBdlY,270,0,73,"Администрация Иркутска вновь обратилась к жителям с напоминанием о строгих правилах использования беспилотных летательных аппаратов (БПЛА). В соответствии с законодательством, полёты дронов и квадроко"
2026-08-31 05:26,article,"Женщина напала на врача скорой с ножом. То, что произошло дальше, не ожидал никто",https://dzen.ru/a/apUQpF_t_ztBBYJ-,391,1,78,"Работа на скорой - это не только спасение жизней, но и ежедневный риск. Врачи и фельдшеры, выезжая на адрес, никогда не знают, что ждет их за дверью. Эта история случилась в поселке Агинское Забайкаль"
2026-08-31 04:40,article,Жительницу Иркутска обеспечат жизненно важным лекарством за 19 млн рублей,https://dzen.ru/a/apUGLq3UpQP2wI4n,3359,2,43,"Прокуратура Ленинского района Иркутска помогла женщине с инвалидностью получить дорогостоящий препарат. Как сообщили КП-Иркутск в пресс-службе ведомства, она страдает орфанным заболеванием и не могла "
2026-08-31 04:21,article,В Братске увеличили число групп для отлова медведей,https://dzen.ru/a/apUBgGni3D3wdUx0,1457,3,37,Ситуация с выходом медведей в Братске остается напряженной. Специалисты службы по охране животного мира работают практически круглосуточно и отрабатывают каждое сообщение от жителей. Количество операт
2026-08-31 04:03,article,Так и не вернулся с прогулки: 16-летний парень бесследно исчез в Бурятии,https://dzen.ru/a/apT9h1_t_ztBBPM8,81,0,37,"16-летний парень ушел к друзьям, а после … бесследно исчез! О том, где он может находиться, родные не знают уже третий день. Обратились за помощью к полиции, волонтерам, по сети распространяют множест"
2026-08-31 03:25,article,Семь человек погибли в ДТП в Иркутской области за неделю,https://dzen.ru/a/apT0x1_t_ztBBK2Z,46,0,44,"С 24 по 30 августа 2026 года на дорогах Иркутской области произошло 52 аварии. В них пострадали 66 человек, 15 из которых - несовершеннолетние. Погибли семь человек, включая 16-летнего подростка. Об э"
2026-08-31 02:07,article,"Мать и дочь попали в ловушку. То, что с ними случилось, было похоже на страшный сон",https://dzen.ru/a/apTih2ni3D3wdPzF,55,0,58,"62-летняя жительница Бурятии и ее дочь лишились почти 2,3 миллиона рублей после серии звонков от лжесиловиков. Как сообщили КП-Иркутск в МВД республики, сначала женщине позвонила «сотрудница военкомат"
2026-08-31 01:43,article,В Иркутске завершились поиски 13-летнего подростка,https://dzen.ru/a/apTc_V_t_ztBA_eN,206,0,42,"- Помогите, сын пропал! – обратился в отдел полиции 29 августа 2026 года обеспокоенный отец. С его слов, 13-летний парень вышел из дома около 11:29 дня, а после бесследно исчез. На связь не выходил, у"
2026-08-31 01:11,article,Кадровый центр Иркутской области с начала года помог более 3 тыс. работодателей,https://dzen.ru/a/apTVI63UpQP2v5Rp,34,0,56,"С начала 2026 года в Кадровый центр Иркутской области обратились больше трех тысяч работодателей. Им предоставили свыше 12,7 тысячи мер поддержки. Чаще всего компании просят помочь с подбором сотрудни"
2026-08-31 00:53,article,"«Собак ждет успех, Курицы столкнутся с проблемами»: зурхай от бурятского ламы с 31 августа по 6 сентября 2026",https://dzen.ru/a/apTRNa3UpQP2v4EF,38,0,186,"Зурхай на неделю с 31 августа по 6 сентября 2026 составил настоятель Курумканского дацана в Бурятии Еши Намжил лама. Это прогноз, который основан на древней тибетской астрологии. С его помощью можно у"
2026-08-31 00:01,article,"Эксперт объяснила, почему крик - худший способ привлечь внимание ребенка",https://dzen.ru/a/apTEpmni3D3wdLKF,15,0,49,"Чем чаще родители повышают голос, тем быстрее ребенок привыкает и перестает слышать обычную речь. Эксперт по речевому влиянию Ольга Прокудина рассказала NEWS.ru, как общаться с детьми, чтобы они слуша"
2026-08-30 23:32,article,Участники СВО из Иркутской области могут получить больше 20 мер поддержки,https://dzen.ru/a/apS-RK3UpQP2vyGa,469,2,64,"В Иркутской области действует комплексная система помощи участникам специальной военной операции и их семьям. Им доступно более 20 льгот, которые касаются самых разных сфер жизни. Об этом КП-Иркутск с"
2026-08-30 23:03,article,+27 градусов ожидается в Иркутске 31 августа,https://dzen.ru/a/apS3J63UpQP2vvtS,13,0,42,"Вот и настал последний день лета! Он порадует сибиряков хорошей погодой, в Иркутске днем 31 августа 2026 года потеплеет до +25…+27 градусов, дождя не ожидается. Как сообщили КП-Иркутск в Иркутском Гид"
2026-08-30 22:00,article,"Рассказываем, когда начнется отопительный сезон в Иркутске в сентябре 2026 года",https://dzen.ru/a/apVpmCWD6W9q3bhb,75,0,104,В Иркутске началась подготовка к осенне-зимнему периоду. Специалисты администрации и ресурсоснабжающих организаций уже утвердили планы по запуску тепла в жилых домах и социальных учреждениях. Рассказы
2026-08-30 22:00,article,Что произошло в Иркутской области в ночь на 31 августа: последние новости,https://dzen.ru/a/apSoGK3UpQP2vq0I,767,0,50,"Жительница поселка Утулик Алина Реброва случайно оказалась на месте страшной аварии на трассе Р-258 «Байкал». Во время аварии погибли женщина и трехлетний ребенок, а в кабине грузовика зажало водителя"
2026-08-30 14:11,article,"«Сердце замирало от красоты»: тысячи иркутян собрались, чтобы посмотреть парад яхт на фестивале «Алые паруса»",https://dzen.ru/a/apQ6Hq3UpQP2vJu-,240,2,138,"В предпоследний день лета, 30 августа, Иркутск в пятый раз встретил «Алые паруса» (6+) – и этот праздник стал одним из самых зрелищных за всю историю фестиваля. Площадка у ледокола «Ангара» на берегу "
2026-08-30 11:54,article,В Иркутске с 1 сентября запускают новый автобусный маршрут № 441,https://dzen.ru/a/apQa8V_t_ztB_mWu,140,0,36,В Иркутске и Марковском административном округе с 1 сентября начнет работу новый межмуниципальный автобусный маршрут № 441. Он напрямую свяжет сразу несколько микрорайонов. «Он напрямую свяжет микрора
2026-08-30 10:48,article,Мошенники стали чаще использовать имя губернатора Иркутской области,https://dzen.ru/a/apQLeGni3D3wcu4X,49,0,68,"Губернатор Иркутской области Игорь Кобзев обратился к жителям с предупреждением. В последнее время мошенники активно используют его имя и образ для обмана людей. Они звонят по видеосвязи, показывают н"
2026-08-30 09:42,article,В Иркутской области ветеринары спасли двух красноухих черепах от гнойного отита,https://dzen.ru/a/apP76l_t_ztB_YoB,12,0,55,В Киренскую ветеринарную клинику обратились встревоженные владельцы двух красноухих черепах. Они заметили у своих питомцев странные уплотнения в области челюстей. После тщательного осмотра врачи поста
2026-08-30 09:42,article,Органистка с дипломом авиаинженера и интерактивное путешествие: чем удивит афиша Иркутска на сентябрь 2026,https://dzen.ru/a/apP7JK3UpQP2u24S,14,0,287,"Сентябрь в Иркутске обещает быть по-настоящему культурным - филармония, драмтеатр, музеи и галереи подготовили для горожан насыщенную программу. Концерты, спектакли и выставки представлены на любой вк"
2026-08-30 08:36,article,В Иркутской области 31 августа ожидается до +28 градусов тепла,https://dzen.ru/a/apPsEF_t_ztB_SE8,58,0,51,"В Иркутской области 31 августа объявлено предупреждение об опасных метеорологических явлениях. По данным регионального УГМС и МЧС России, местами ожидается высокая (IV класса) и чрезвычайная (V класса"
2026-08-30 07:52,article,Новым директором библиотеки Распутина в Иркутске стала Нина Буланова,https://dzen.ru/a/apPhvV_t_ztB_Ncb,178,0,57,"В Иркутске назначен новый директор Научной библиотеки имени Распутина. Им стала Нина Буланова, которая до этого возглавляла департамент инновационного развития юридического института Иркутского госуда"
2026-08-30 07:20,article,"«Заставляла думать о новорожденном ребенке»: женщина 40 минут держала за руку зажатого в кабине водителя фуры, чтобы спасти",https://dzen.ru/a/apPdD2ni3D3wcn5L,3777,13,245,"В Иркутской области произошла история, которая доказывает, что все в жизни – не просто так. Вечером 22 июля жительница поселка Утулик Алина Реброва случайно оказалась на месте страшного ДТП на 170-м к"
2026-08-30 06:24,article,В Иркутской области 18-летняя девушка погибла при опрокидывании автомобиля,https://dzen.ru/a/apPM8a3UpQP2upaj,629,0,34,В Иркутском районе утром 30 августа произошла смертельная авария. Около 10 часов утра в селе Хомутово на улице Ивана Тропинина 30-летний водитель автомобиля Subaru Impreza не справился с управлением. 
2026-08-30 05:18,article,"В Иркутске спасли косулю, загнанную собаками на стройку в СНТ",https://dzen.ru/a/apO9bV_t_ztB-9CF,42,0,71,В Иркутске сотрудники питомника К9 совершили настоящую спасательную операцию. В СНТ «Ангарский берег» на 19-м километре Байкальского тракта на строительную площадку забежала косуля. Ее загнали туда бр
2026-08-30 04:19,article,В Иркутске произошел пожар в торговом центре на улице Советской,https://dzen.ru/a/apOvpq3UpQP2ug7A,123,0,43,"В Иркутске утром 29 августа произошел пожар в здании торгового центра на улице Советская, 58/1. Сигнал о возгорании поступил спасателям в 7:45. На место незамедлительно выехали десятки пожарных и спец"
2026-08-30 03:08,article,"Пострадавших вытаскивали спасатели: легковушка съехала в кювет и врезалась в столб на трассе, травмы получили пять человек",https://dzen.ru/a/apOfjK3UpQP2ucOO,48,0,38,В Забайкальском крае за минувшие сутки произошла серьезная авария с пострадавшими. На 481-м километре федеральной дороги А-350 Чита – Забайкальск водитель легкового автомобиля не справился с управлени
2026-08-30 02:01,article,"Ученые рассказали, стоит ли жителям Иркутской области бояться магнитных бурь в сентябре 2026 после мощных вспышек на Солнце",https://dzen.ru/a/apOQe1_t_ztB-pfU,21,0,121,"На Солнце произошла серия мощных вспышек, которые встревожили ученых. Однако, по последним данным, магнитные бури, вызванные ими, не затронут Иркутск. Активность начала расти 25 августа примерно с пол"
2026-08-30 02:00,article,В поселке Молодежный под Иркутском без света остались 20 улиц,https://dzen.ru/a/apOPpa3UpQP2uXiR,9,1,34,"Утром 30 августа в поселке Молодежный под Иркутском произошло частичное отключение электроэнергии. Без света остались жители примерно 20 улиц, в том числе Байкальской, Лесной, Маршала Жукова, Подгорно"
2026-08-29 12:14,article,Директор библиотеки имени Молчанова-Сибирского покинула свой пост,https://dzen.ru/a/apLNql_t_ztB9MOY,1792,0,65,"Директор Иркутской областной библиотеки имени Молчанова-Сибирского Лариса Сулейманова покинула свой пост. Она работала в учреждении с 2008 года: начинала заведующей отделом краеведческой литературы, з"
2026-08-29 11:58,article,12 добровольцев из Братска отправились в зону СВО,https://dzen.ru/a/apLJq1_t_ztB9KJf,103,0,51,"12 добровольцев из Братска отправились в зону СВО. Мужчины приняли решение заключить контракт с Министерством обороны, чтобы встать на защиту Родины. Об этом КП-Иркутск сообщили в пресс-службе админис"
2026-08-29 11:46,article,"«Ты монстр!»: Ренат Агзамов едва не завизжал от восторга, попробовав блюдо повара из Иркутска",https://dzen.ru/a/apLHT1_t_ztB9I8g,1139,4,324,"Захар Мирошник из Иркутска покорил лучших шефов страны необычным стритфудом. 27-летний повар приехал в Москву, чтобы побороться за звание лучшего в шоу «Битва шефов», - и стал победителем. Выпуск с уч"
2026-08-29 08:50,article,"«Хотела ехать к детям, а встретила смерть в компании таинственного спутника»: история жестокого убийства королевы красоты",https://dzen.ru/a/apKeGl_t_ztB81Xq,2217,4,364,"Участие в конкурсе красоты, таинственное исчезновение, двойное убийство и еще одна смерть... История Сэсэг Буиновой из Бурятии вышла далеко за пределы республики, вызвала огромный общественный резонан"
2026-08-29 08:24,article,Житель Катангского района угнал мотоцикл у приятеля,https://dzen.ru/a/apKXo2ni3D3wbzPv,62,1,40,"В Катангском районе вынесли приговор 25-летнему местному жителю, который в июле 2025 года угнал у знакомого мотоцикл «Днепр». Мужины распивали спиртное во дворе дома на улице Юктуконской в селе Ербога"
2026-08-29 08:15,article,Музей имени Леонида Гайдая откроют в особняке на Урицкого в Иркутске,https://dzen.ru/a/apKWG1_t_ztB8xFR,171,3,68,"В Иркутске готовится к реализации проект креативного кластера «Гайдай Центр». Он расположится в историческом особняке на улице Урицкого, 9. Семья Леонида Гайдая уже дала согласие на создание музея и и"
2026-08-29 08:02,article,В парке Парижской коммуны в Иркутске меняют центральную аллею,https://dzen.ru/a/apKS8V_t_ztB8vbg,22,0,69,"В парке имени Парижской коммуны в Иркутске начался ремонт центральной аллеи и других пешеходных транзитов. Работы ведутся за счет городского бюджета. Подрядчик уже демонтировал старый асфальт, сейчас "
2026-08-29 07:54,article,256 жителей Иркутской области пострадали от укусов клещей за неделю,https://dzen.ru/a/apKQqF_t_ztB8uKv,10,0,42,За прошедшую неделю 256 жителей Иркутской области обратились за медицинской помощью после укусов клещей. Всего с начала эпидсезона зарегистрировано 21 067 случаев обращений. В аналогичный период 2025 
