published_at,type,title,url,views,comments,size_sec,lead
2026-09-19 07:30,article,Ремонт дороги на улице Байкальской в Иркутске завершат к 15 октября,https://dzen.ru/a/aq468k5PhhqP5hP-,0,0,78,Мэр Иркутска Руслан Болотов проверил ход ремонта автомобильной дороги на улице Байкальской — на участке от остановки «ВСИЭП» до улицы Ржанова. Работы идут в рамках двухлетнего контракта по нацпроекту 
2026-09-19 06:20,article,Проект нового аэропорта в Иркутске разработают к 2028 году,https://dzen.ru/a/aq4qoUjUgT5jnZf7,0,0,81,"Предпроектная документация для строительства нового аэропорта города Иркутска полностью разработана и прошла все необходимые согласования. Работу выполнило ФГУП ""Аэропроект"" — Государственный проектно"
2026-09-19 06:05,article,В Иркутской области введён режим повышенной готовности из‑за выходов медведей,https://dzen.ru/a/aq4nFt8hLg35qyV8,0,0,54,Губернатор Иркутской области Игорь Кобзев с 18 сентября ввёл режим повышенной готовности — причина в участившихся выходах медведей к населённым пунктам и нападениях на людей. Указ опубликован на порта
2026-09-19 05:52,article,Три города региона с самым чистым воздухом этим летом назвали учёные из Иркутска,https://dzen.ru/a/aq4kQt8hLg35qxMG,0,0,34,"Учёные из Иркутска выяснили, что воздух в регионе этим летом был чистым. Они зафиксировали низкий уровень загрязнения. Самыми благополучными по этому показателю стали три города – Саянск, Свирск и Анг"
2026-09-19 05:50,article,Восемь многодетных семей Иркутской области получили микроавтобусы,https://dzen.ru/a/aq4kQt8hLg35qxMF,0,0,14,"Общественным транспортом теперь могут не пользоваться восемь многодетных семьей Прибайкалья. Им вручили ключи от микроавтобусов за победу в региональном конкурсе. В нём принимали участие супруги, у ко"
2026-09-19 05:48,article,В Иркутске схема движения общественного транспорта начнёт меняться с 1 ноября,https://dzen.ru/a/aq4jit8hLg35qw9v,0,0,41,"Новую схему движения общественного транспорта разработали в областном центре. Часть трамвайных и троллейбусных маршрутов отменят, а автобусные переименуют и перенаправят. Это решили сделать после обсл"
2026-09-19 05:47,article,«Плавающие» опоры ЛЭП установили в Шелеховском районе из-за болотистой почвы,https://dzen.ru/a/aq4jih3cWgqrOPCr,0,0,8,"Качество электроснабжения в Шелеховском районе улучшается. Там появились особые опоры – плавающие. Как они выглядят и каким образом их устанавливают, увидела Карина Фокирова."
2026-09-19 05:45,article,48 нарушений санитарного законодательства выявили при проверке качества воды в Приангарье,https://dzen.ru/a/aq4i1d8hLg35qwuX,0,0,48,Почти на половине объектов водоснабжения Иркутской области нашли нарушения санитарного законодательства. Это итоги проверки Роспотребнадзора региона за первое полугодие. Специалисты нагрянули с ревизи
2026-09-19 05:42,article,"В первый день выборов в Иркутской области явка избирателей оказалась выше, чем в 2021 году",https://dzen.ru/a/aq4iH0jUgT5jnWTh,0,0,16,"Первый день выборов в Иркутской области прошёл. Явка избирателей на 15 часов 18 сентября составила почти 9,5 процентов, это выше показателя 2021 года. Отличились избиратели Катангского района. Проголо"
2026-09-19 05:39,video_long,Три города региона с самым чистым воздухом этим летом назвали учёные из Иркутска,https://dzen.ru/video/watch/6aae2000db08b026301fafd3,0,0,53,
2026-09-19 05:37,video_long,Восемь многодетных семей Иркутской области получили микроавтобусы,https://dzen.ru/video/watch/6aae1f3a7defab6a1890e213,4,0,132,
2026-09-19 05:35,video_long,В Иркутске схема движения общественного транспорта начнёт меняться с 1 ноября,https://dzen.ru/video/watch/6aae1ed9b0ba502767d8baf7,0,0,64,
2026-09-19 05:33,video_long,«Плавающие» опоры ЛЭП установили в Шелеховском районе из-за болотистой почвы,https://dzen.ru/video/watch/6aae1e657a14aa401fe87238,2,0,112,
2026-09-19 05:31,video_long,48 нарушений санитарного законодательства выявили при проверке качества воды в Приангарье,https://dzen.ru/video/watch/6aae1e08fb5ce0192fef3514,0,0,62,
2026-09-19 05:29,video_long,"В первый день выборов в Иркутской области явка избирателей оказалась выше, чем в 2021 году",https://dzen.ru/video/watch/6aae1d957a14aa401fe757d5,2,0,151,
2026-09-19 05:20,article,Иркутская студентка взяла золото на федеральном чемпионате высоких технологий,https://dzen.ru/a/aq4cgd8hLg35quk8,0,0,57,"Студентка Иркутского энергетического колледжа Александра Сухарева заняла первое место в финале чемпионата высоких технологий, который прошёл с 14 по 18 сентября в Великом Новгороде. Победа одержана в "
2026-09-19 04:05,article,"В Приангарье за первый день на выборах депутатов Государственной Думы явка составила 14,2%",https://dzen.ru/a/aq4Ksh3cWgqrOKrs,0,0,30,"В Иркутской области идёт второй день голосования на выборах депутатов Государственной Думы. По итогам первого дня, 18 сентября, явка в регионе составила 14,2%. Для избирателей работают 1 852 участковы"
2026-09-19 03:10,article,15 новых машин класса скорой помощи прибыли В в Иркутскую область,https://dzen.ru/a/aq39LkjUgT5jnJf4,4,0,56,в Иркутскую область доставили 15 автомобилей скорой медицинской помощи класса В. Поставка прошла в рамках общероссийского распределения спецавтомобилей между субъектами РФ в 2026 году — всего регионам
2026-09-19 02:50,article,В Ангарске назвали лучших юных пожарных,https://dzen.ru/a/aq35oR3cWgqrOH1H,1,0,85,В Ангарске с 16 по 18 сентября прошёл 18‑й региональный слёт Дружин юных пожарных. В масштабном событии приняли участие 135 ребят из 15 муниципальных образований Иркутской области. Об этом сообщает пр
2026-09-18 10:04,article,В Байкальске ввели комендантский час с 19:00 из-за выхода медведей,https://dzen.ru/a/aq0NsN8hLg35pEmF,4,0,34,"Администрация Байкальска в тг-канале объявила о введении режима повышенной готовности. Причиной стали нападения медведей на людей, которые привели к смертельным исходам. В связи с этим в городе начали"
2026-09-18 09:30,article,В Иркутске отменят два троллейбусных и три трамвайных маршрута,https://dzen.ru/a/aq0F40jUgT5jlk-V,7,0,60,В областном центре с 1 ноября начнут внедрять новую схему пассажирских перевозок. Об этом сообщила администрация Иркутска. В 2024 году при разработке Комплексной программы развития городского наземног
2026-09-18 07:44,article,Как будем отдыхать в 2027 году?,https://dzen.ru/a/aqztAh3cWgqrNQCj,4,0,53,"В 2027 году благодаря переносу выходных россияне будут отдыхать 5 раз по 3 дня – в феврале, марте, дважды в мае и июне. Нас также ждут 11 дней отдыха на новогодние праздники и четырехдневные выходные "
2026-09-18 07:28,article,В Шелехове подросток с малолетним братом на электросамокате врезался в авто,https://dzen.ru/a/aqzoxUjUgT5jlYXz,4,0,33,"В Шелехове 15-летний пользователь электросамоката и его 5-летний брат получили травмы в ДТП. Об этом сообщает Госавтоинспекция Иркутской области По предварительной информации, подросток ехал на электр"
2026-09-18 07:02,article,"Международный фестиваль ""Звёзды на Байкале"" завершился в Иркутске",https://dzen.ru/a/aqzjGN8hLg35ox8U,1,0,26,"В Иркутске завершился фестиваль академической музыки ""Звёзды на Байкале"". За время фестиваля состоялись 13 концертов с участием четырёх оркестров, известных дирижёров, солистов, артистов балета и лаур"
2026-09-18 06:15,article,В Иркутской области только 81% жителей обеспечен централизованной качественной водой,https://dzen.ru/a/aqzYa0jUgT5jlRpq,2,0,48,"Роспотребнадзор Иркутской области подвёл итоги исследований качества воды за первое полугодие 2026-го года. Специалисты проверили 106 объектов, связанных с подготовкой и подачей воды. Исследовали жидк"
2026-09-18 04:31,article,В Зиме 20-летний водитель насмерть сбил пешехода,https://dzen.ru/a/aqy_ix3cWgqrNHCM,0,0,15,"В Зиме 20-летний водитель насмерть сбил 64-летнего пешехода. По предварительной информации, мужчина шёл по дороге в попутном направлении без световозвращающих элементов. От полученных травм он скончал"
2026-09-18 04:28,article,На торжественном открытии кинофестиваля в Иркутске с гостями пообщался актёр Алексей Чадов,https://dzen.ru/a/aqy_i0jUgT5jlIRI,4,0,16,"Каждый день по 5-10 фильмов предстоит смотреть экспертам и членам жюри Байкальского кинофестиваля ""Человек и природа"". Он проходит в Иркутске в 25-й раз. Программа насыщенная. Настолько, что торжестве"
2026-09-18 04:27,article,В Иркутской области стройматериалы подорожали на 7-15%,https://dzen.ru/a/aqy-2EjUgT5jlIBS,0,0,26,"Топливный кризис отразился и на других сферах. Так, нехватка горючего в том числе повлияла на стоимость стройматериалов в Иркутской области. В целом они подорожали на 7-15%. Отразилось это и на цене л"
2026-09-18 04:25,article,Стартовала на Байкале и стала межрегиональным проектом: акция «360» отметила 15-летие,https://dzen.ru/a/aqy-2N8hLg35ojcr,1,1,11,"От первой уборки на Байкале до большой экологической акции по всей стране — «360» отмечает 15-летие. Волонтёры фонда Олега Дерипаска «Вольное Дело» вновь объединились, чтобы сделать чище берега рек и "
2026-09-18 04:23,article,Первую за полвека новую крупную электростанцию возводят в Приангарье,https://dzen.ru/a/aqy-Id8hLg35ojKt,0,0,67,"Масштабный проект реализуется в Усолье-Сибирском. Там возводят новую тепловую электростанцию. Что сейчас происходит на стройплощадке, узнаете далее. 25 метров под землей. На столько вбивают сваи новой"
2026-09-18 04:20,video_long,На торжественном открытии кинофестиваля в Иркутске с гостями пообщался актёр Алексей Чадов,https://dzen.ru/video/watch/6aacbbffdb08b02630215730,10,0,138,
2026-09-18 04:19,video_long,В Иркутской области стройматериалы подорожали на 7-15%,https://dzen.ru/video/watch/6aacbb80ddf67e56944a36c5,8,0,133,
2026-09-18 04:16,video_long,Стартовала на Байкале и стала межрегиональным проектом: акция «360» отметила 15-летие,https://dzen.ru/video/watch/6aacbb0eddf67e569449b5bd,1,0,167,
2026-09-18 04:15,video_long,Первую за полвека новую крупную электростанцию возводят в Приангарье,https://dzen.ru/video/watch/6aacba9b55d0c37ffa4fd28a,3,0,74,
2026-09-18 03:26,article,В Ербогачёне мужчину осудили за избиение родственника из-за ревности,https://dzen.ru/a/aqywS0jUgT5jlDG1,3,1,26,Катангский районный суд приговорил 31-летнего жителя Ербогачёна к 240 часам обязательных работ за избиение родственника. Инцидент произошёл в январе 2026 года. Мужчина пришёл к двоюродной сестре домой
2026-09-18 03:12,article,Убившего двух сборщиков ягод медведя ликвидировали в Киренском округе,https://dzen.ru/a/aqysyk5PhhqP4Ssf,6,0,22,"Медведь, напавший на сборщиков ягод в Киренском районе, ликвидирован. Об этом сообщил губернатор Иркутской области Игорь Кобзев агентству ТАСС. По его словам, охотники сработали оперативно. Напомним, "
2026-09-18 03:04,article,В Иркутской области открылись 1852 избирательных участка,https://dzen.ru/a/aqyrax3cWgqrNDpz,3,0,41,"Сегодня, 18 сентября, в Приангарье открылись 1852 избирательных участка. Жители региона выбирают депутатов Государственной Думы девятого созыва. Ранее досрочное голосование прошло на 43 участках в отд"
2026-09-18 02:52,article,В Иркутске инспекторы ДПС помогли женщине со схватками добраться до роддома,https://dzen.ru/a/aqyoet8hLg35obsB,5,0,23,"Ранним утром 2 июля на улице Седова в Иркутске к экипажу ДПС подъехал взволнованный мужчина и попросил о помощи. В его машине находилась беременная супруга, у которой начались схватки. Женщине срочно "
2026-09-17 11:02,article,ЮНЕСКО поддержала проведение Байкальского международного экологического конгресса,https://dzen.ru/a/aqvLOU5PhhqP3pbz,8,1,67,Байкальский международный экологический конгресс удостоен эгиды ЮНЕСКО. Разрешение использовать логотип организации с формулировкой «под эгидой ЮНЕСКО» организаторы получили накануне. Мероприятие запл
2026-09-17 10:51,article,Как система «Лесохранитель» от Эн+ защищает Иркутскую область от лесных пожаров,https://dzen.ru/a/aqvIZUjUgT5jjuX0,0,0,142,"Каждое лето мы с тревогой смотрим на небо: затянет ли город едким дымом от лесных пожаров? Леса – легкие нашей планеты, но они беззащитны перед огнем. Многие до сих пор с содроганием вспоминают 2021 г"
2026-09-17 08:30,article,Иркутянина осудили за финансирование террористической организации,https://dzen.ru/a/aqulk98hLg35m6Gp,5,0,26,"В Иркутске 35-летний местный житель отправится в тюрьму,а потом в исправительную колонию строгого режима за переводы средств террористической организации. Его деятельность пресекли сотрудники Центра п"
2026-09-17 08:02,article,В Зиминском районе неизвестный водитель насмерть сбил пешехода и скрылся,https://dzen.ru/a/aquf3R3cWgqrMR24,2,0,24,"В Зиминском районе неизвестный водитель насмерть сбил пешехода на 1606-м километре федеральной трассы Р-255 ""Сибирь"". Авария произошла около 00:30 17 сентября. По предварительной информации, 42-летний"
2026-09-17 07:57,article,В поисках новых сотрудников работодатели Приангарья активно увеличивают зарплаты,https://dzen.ru/a/aquekd8hLg35m3Nc,3,0,65,"При выборе работы многие обращают внимание на размер оплаты. В Иркутской области зарплатные предложения за год выросли на 16 процентов. Кто в регионе стал зарабатывать больше, узнаете в следующем мате"
2026-09-17 07:54,article,"Полиграфолог СК из Иркутска рассказала, как отвлекается от трудной работы",https://dzen.ru/a/aquefk5PhhqP3gBc,1,0,21,"Работают с нарушителями закона, расследуют громкие уголовные дела и разбираются в сложных вопросах следователи ежедневно. Но сегодня в Иркутске они предстали совсем в другой ипостаси. В областном цент"
2026-09-17 07:51,article,В Ангарском округе на обновление оборудования и сетей к зиме направили более 1 млрд рублей,https://dzen.ru/a/aquduEjUgT5jjcTx,2,0,9,В некоторые районы холода приходят раньше. В Ангарске перед стартом отопительного сезона прошли проверки на ТЭЦ после масштабного обновления оборудования. Тему продолжит Олег Фёдоров.
2026-09-17 07:49,article,Холодный воздух из Якутии принёс дыхание осени в Иркутскую область,https://dzen.ru/a/aqudA98hLg35m2ly,7,0,61,Зона климатического наблюдения в Иркутской области обширна из-за размеров нашего региона. Поэтому и погода может сильно отличаться в разных районах Прибайкалья. Но сейчас дыхание осени почувствуют все
2026-09-17 07:47,article,Почти 4 тыс. наблюдателей будут следить за порядком на выборах в Иркутской области,https://dzen.ru/a/aqucbkjUgT5jjbvO,2,0,48,"До предстоящих выборов в Госдуму и довыборов в Заксобрание Иркутской области осталось совсем немного. Голосование стартует уже в эту пятницу, 18 сентября. Запланированы также семь муниципальных кампан"
2026-09-17 07:43,video_long,В поисках новых сотрудников работодатели Приангарья активно увеличивают зарплаты,https://dzen.ru/video/watch/6aab99fa7586b9279ebebae8,3,0,70,
2026-09-17 07:41,video_long,"Полиграфолог СК из Иркутска рассказала, как отвлекается от трудной работы",https://dzen.ru/video/watch/6aab999da859423cd32e8b05,7,0,168,
2026-09-17 07:39,video_long,В Ангарском округе на обновление оборудования и сетей к зиме направили более 1 млрд рублей,https://dzen.ru/video/watch/6aab990eb9c2bb6dba955710,2,0,101,
2026-09-17 07:38,video_long,Холодный воздух из Якутии принёс дыхание осени в Иркутскую область,https://dzen.ru/video/watch/6aab98aaa4af3e4d649d0ec2,34,0,81,
2026-09-17 07:35,video_long,Почти 4 тыс. наблюдателей будут следить за порядком на выборах в Иркутской области,https://dzen.ru/video/watch/6aab9839b4a3026618438a04,0,0,63,
2026-09-17 06:45,article,СМС-оповещения с предупреждениями о медведях будут рассылать жителям Приангарья,https://dzen.ru/a/aquNYB3cWgqrMOKE,4,0,39,СМС-оповещения жителей неблагополучных в связи с выходами медведей районов о необходимости воздержаться от походов в лес для собственной безопасности будут рассылать в Иркутской области. Такое решение
2026-09-17 06:37,article,Медведь задрал двух сборщиков ягод в Киренском районе,https://dzen.ru/a/aquL8d8hLg35mv1f,4,0,45,"В Иркутской области полицейские и охотники работают в тайге в районе нападения медведя на сборщиков ягоды. Об этом сообщили в ГУ МВД России по региону. Накануне хищник набросился на группу мужчин, в р"
2026-09-17 06:33,article,Два села Иркутской области вошли в рейтинг самых красивых поселений России,https://dzen.ru/a/aquKlB3cWgqrMNmW,14,0,44,Сёла Анга и Верхоленск из Иркутской области вошли в рейтинг самых красивых поселений России. Об этом сообщили в правительстве Иркутской области. Ассоциация самых красивых деревень и городков России по
2026-09-17 06:14,article,Представители Иркутской области стали участниками международного форума в Тюмени,https://dzen.ru/a/aquGRR3cWgqrMM3l,0,0,27,Свой потенциал презентовали представители Прибайкалья на международном промышленно-энергетическом форуме TNF. В этом году в Тюмени на ключевое для данной отрасли мероприятие собрались более 18 тысяч у
2026-09-17 05:15,article,Мужчина в Зиминском районе заплатит штраф за продажу чужого телёнка по кличке Малыш,https://dzen.ru/a/aqt4cE5PhhqP3ZDU,2,0,32,"Житель Зиминского района продал чужого телёнка, выдав за собственного. Мужчина обнаружил животное на своём земельном участке без присмотра. Тогда он решил забрать его себе и запер в стайке. На следующ"
2026-09-17 04:49,article,Режим ЧС ввели в Хомутово из-за узелкового дерматита,https://dzen.ru/a/aqtyCR3cWgqrMJUR,2,0,31,В Хомутовском округе ввели режим ЧС из-за распространения узелкового дерматита среди крупного рогатого скота. Основанием стал указ губернатора Иркутской области от 15 сентября. Хомутово включили в спи
2026-09-17 04:38,article,В Слюдянке школьник попал под колёса УАЗа,https://dzen.ru/a/aqtv50jUgT5jjK8q,2,0,21,"В Слюдянке 10-летний школьник попал под колёса УАЗа, когда перебегал дорогу. Мальчика с травмами доставили в больницу. По предварительной информации, двое детей решили перейти дорогу в неположенном ме"
2026-09-17 04:14,article,"Ангарчанина осудили за продажу несуществующих авто на 8,7 млн рублей",https://dzen.ru/a/aqtqOU5PhhqP3WqQ,2,0,37,Ангарский городской суд вынес приговор 30-летнему местному жителю. Его признали виновным в мошенничестве в крупном размере. Об этом сообщили в пресс-службе судов Иркутской области. Мужчина предлагал л
2026-09-17 03:30,article,Суд освободил из-под стражи водителей фур по делу об атаке дронов в Среднем,https://dzen.ru/a/aqte405PhhqP3Uw0,1,0,63,"Четырёх водителей, которых обвиняют в доставке дронов для атаки на военную часть в посёлке Среднем Усольского района, освободили из-под стражи. Как сообщает ""Коммерсантъ"", первый заместитель генеральн"
2026-09-17 03:00,article,Почти миллион пассажиров: аэропорт Иркутска подвёл итоги за лето,https://dzen.ru/a/aqtXxN8hLg35mdzF,0,0,30,За три летних месяца 2026 года аэропорт Иркутска обслужил 999 558 пассажиров. Об этом сообщили в пресс-службе воздушной гавани. Большинство пассажиров летали по внутренним направлениям. Самыми популяр
2026-09-17 02:45,article,В Иркутске владелица иномарки пыталась уйти от столкновения и перевернула авто,https://dzen.ru/a/aqtU7d8hLg35mc_L,4,0,22,"В Иркутске женщина пострадала в ДТП с опрокидыванием автомобиля. По предварительной информации, 33-летний водитель выезжал с прилегающей территории и не уступил дорогу иномарке, которая ехала со сторо"
2026-09-17 02:29,article,В Усть-Куте бизнесмен продавал немаркированные куртки и шубы,https://dzen.ru/a/aqtRYE5PhhqP3SsO,3,2,31,"В Усть-Куте полицейские изъяли 107 курток, пальто и шуб, которые продавали без обязательной маркировки. В полицию обратился местный житель. Он сообщил, что проходит временная выставка-продажа курток, "
2026-09-17 01:00,article,Специалисты МЧС внепланово нагрянули с проверкой на избирательные участки Приангарья,https://dzen.ru/a/aqs8wkjUgT5ji58s,0,0,38,"В Иркутской области на соответствие требованиям пожарной безопасности проверили объекты, задействованные в проведении выборов. В целях обеспечения пожарной безопасности объектов, задействованных в про"
2026-09-16 07:16,article,В Иркутском округе расширили зону карантина от узелкового дерматита,https://dzen.ru/a/aqpE1x3cWgqrLRzP,6,0,45,"В Иркутском округе расширили зону карантина из-за узелкового дерматита крупного рогатого скота. В указе губернатора Иркутской области от 15 сентября, в список неблагополучных территорий добавили ещё с"
2026-09-16 06:30,article,В Катангском районе мужчина добился компенсации после травмы на работе через два года,https://dzen.ru/a/aqo4b0jUgT5jhUm2,2,0,38,"Работнику, который получил производственную травму в Катангском районе, выплатят 300 тысяч рублей компенсации. Об этом сообщает прокуратура Иркутской области. Несчастный случай произошёл 31 мая 2024 г"
2026-09-16 06:01,article,Полицейский в Усть-Илимском районе застрелил медведя в СНТ,https://dzen.ru/a/aqoyCd8hLg35ktco,3,0,32,"В Усть-Илимском районе полицейский застрелил медведя, который вышел к СНТ ""Лесники"". Сообщение о животном в садоводстве поступило 15 сентября. Жители рассказали, что медведь ходит по одной из улиц. На"
2026-09-16 05:36,article,В Иркутской области планируют ввести штрафы за выпас скота в неположенных местах,https://dzen.ru/a/aqor_x3cWgqrLM3W,9,0,42,"В Иркутской области планируют ввести штрафы за выпас и прогон сельскохозяйственных животных на общественных и других непредназначенных для этого территориях. Речь идёт о придомовых территориях, газона"
2026-09-16 05:07,article,В Приангарье на обустройство контейнерных площадок потратили более 350 млн рублей,https://dzen.ru/a/aqok4N8hLg35koYo,1,0,32,Министерство природных ресурсов и экологии Иркутской области подвело промежуточные итоги развития инфраструктуры для сбора твёрдых коммунальных отходов в 2026 году. Всего с начала года в регионе обуст
2026-09-16 03:54,article,Водитель иномарки спровоцировал смертельное массовое ДТП в Ангарске,https://dzen.ru/a/aqoUL05PhhqP2XBE,3,0,36,"В массовой аварии в Ангарске погиб человек. Об этом сообщает Госавтоинспекция Иркутской области. По предварительной информации, 33-летний водитель автомобиля «Ниссан Жук» при перестроении на левую пол"
2026-09-16 03:46,article,В Ангарске аферисты вынудили школьницу отдать 2 млн рублей из семейных сбережений,https://dzen.ru/a/aqoSCt8hLg35kiJ_,5,0,57,В Ангарском городском округе аферисты вынудили 16-летнюю девушку отдать более двух миллионов рублей из семейных сбережений. Старшеклассница поверила угрозам мошенников об уголовной ответственности для
2026-09-16 03:30,article,Включённый на ночь обогреватель стал причиной пожара в Мамакане,https://dzen.ru/a/aqoNwt8hLg35kg2_,0,0,34,В поселке Мамакан Бодайбинского района произошел пожар в двухэтажном доме. Сообщение о поступило ночью 16 сентября. Горела квартира на втором этаже. Там находился 11-летний мальчик. Перед сном он вклю
2026-09-16 03:06,article,В Иркутске директора стройкомпании осудили за организацию незаконной миграции,https://dzen.ru/a/aqoIz05PhhqP2VXS,2,0,38,"В Иркутске суд вынес приговор 55-летнему руководителю строительной компании за организацию незаконной миграции. По данным дела, в 2025-2026 годах мужчина подготовил поддельные договоры на выполнение с"
2026-09-16 02:41,article,15 работ известных импрессионистов из фондов Пушкинского музея привезли в Иркутск,https://dzen.ru/a/aqoDG0jUgT5jhCsn,0,0,70,"В Иркутском областном художественном музее имени В. П. Сукачёва прошло торжественное открытие выставки импрессионистов из фондов Государственного музея им. А.С. Пушкина ""Искусство впечатления. Импресс"
2026-09-16 01:39,article,Хотел духи и телефон. Иностранец пытался дать взятку сотруднику колонии в Маркова,https://dzen.ru/a/aqnzfkjUgT5jg-AX,5,0,40,"В Иркутска суд вынес приговор по уголовному делу в отношении 27-летнего иностранца, отбывающего наказание в ИК-19 в Маркова. Мужчину признали виновным в даче взятки должностному лицу через посредника,"
2026-09-16 01:11,article,В Заларинском районе пенсионера оштрафовали за оскорбление инспекторов ГАИ,https://dzen.ru/a/aqntz98hLg35kW96,1,0,43,"Мировой судья Заларинского района вынес приговор 73-летнему местному жителю. Пенсионера признали виновным по статье за оскорбление представителей власти и назначили штраф, сообщают пресс-службы ГУ МВД"
2026-09-16 00:53,video_long,Байкальский международный экологический конгресс пройдёт в регионе с 24 по 27 сентября,https://dzen.ru/video/watch/6aa95e8fb4a3026618b232ef,3,0,107,
2026-09-16 00:53,article,Байкальский международный экологический конгресс пройдёт в регионе с 24 по 27 сентября,https://dzen.ru/a/aqoNyEjUgT5jhF1f,1,0,91,Новая традиция может появиться в Иркутской области. В регионе с 24-го по 27-е сентября впервые пройдёт Байкальский международный конгресс. Он станет площадкой для диалога представителей юридического с
2026-09-16 00:48,video_long,Питчинг кинопроектов прошёл в рамках фестиваля «Человек и природа» в Иркутске,https://dzen.ru/video/watch/6aa95e19778ffa33f9b868a3,4,0,144,
2026-09-16 00:47,article,Питчинг кинопроектов прошёл в рамках фестиваля «Человек и природа» в Иркутске,https://dzen.ru/a/aqoNwx3cWgqrLH9L,0,0,11,"Иркутск на неделю стал столицей киноискусства. В областном центре проходит традиционный фестиваль ""Человек и природа"". Начался он с питчинга – презентации кинопроектов молодых режиссёров. Сэлмэг Радна"
2026-09-16 00:45,article,Раненного сборщика дикоросов спасли под Слюдянкой,https://dzen.ru/a/aqnnZkjUgT5jg6Ml,3,0,44,12 сентября житель Тункинского района 1981 года рождения в лесу при сборе дикоросов в Слюдянском районе получил травму ноги. О случившемся он сообщил по номеру 112 и попросил помощи. В лесной массив н
2026-09-16 00:41,video_long,Деньги из бюджета Иркутска тратят на восстановление разрушенного вандалами благоустройства,https://dzen.ru/video/watch/6aa95d847039736e7000a429,235,1,148,
2026-09-16 00:41,article,Деньги из бюджета Иркутска тратят на восстановление разрушенного вандалами благоустройства,https://dzen.ru/a/aqoNwt8hLg35kg3B,0,0,11,"Вирус вандализма знаком иркутянам. Он нередко захватывает улицы областного центра. Сейчас в городе ищут неизвестного, который испортил подземный переход. Подробнее о разрушителях благоустройства расск"
2026-09-16 00:36,video_long,Все муниципалитеты Приангарья просят ввести режим повышенной готовности из-за медведей,https://dzen.ru/video/watch/6aa95cfcfb5ce0192f9931a1,997,0,154,
2026-09-16 00:36,article,Все муниципалитеты Приангарья просят ввести режим повышенной готовности из-за медведей,https://dzen.ru/a/aqoNwt8hLg35kg3A,7,0,123,Власти Иркутской области рекомендовали ввести режим повышенной готовности мэрам муниципалитетов из-за выходов медведей к населённым пунктам. Такое решение было принято на заседании рабочей группы по р
2026-09-15 08:12,article,Аферисты под видом Игоря Кобзева чуть не обманули пенсионерку в Усть-Илимске,https://dzen.ru/a/aqj_K98hLg35i9k9,12,0,115,"В полицию Усть-Илимска позвонил исполняющий обязанности руководителя банка. Он рассказал, что прямо сейчас в их здании местная жительница пытается снять крупную сумму. При этом по поведению пенсионерк"
2026-09-15 06:41,article,Ремонт Московских ворот в Иркутске завершён,https://dzen.ru/a/aqjpaB3cWgqrKT-C,3,0,33,"Завершён ремонт Московских ворот на Нижней набережной Ангары в Иркутске. Об этом сообщил в своих соцсетях мэр Руслан Болотов Как сообщает градоначальник, со временем на фасаде триумфальной арки появил"
2026-09-15 06:15,article,"В Ангарске более 100 человек одновременно станцевали под песню ""Матушка-земля""",https://dzen.ru/a/aqjjvd8hLg35iymf,8,0,29,Танцевальный флешмоб состоялся в Ангарске. Более 100 человек исполнили номер под песню «Матушка-земля». Это стало кульминацией ярмарки народных ремёсел. Её в честь Года единства народов России организ
2026-09-15 05:21,article,60 тысяч долларов контрабандой пытался провезти в Иркутск иностранец,https://dzen.ru/a/aqjW8d8hLg35iuOc,10,0,45,"Иркутские таможенники пресекли попытку незаконного ввоза 60 тысяч долларов США. Деньги пытался провезти 30-летний иностранный гражданин, прибывший из Ташкента. Мужчина для прохождения таможенного конт"
2026-09-15 04:59,article,В Братске сгорел самосвал из-за неправильно установленной проводки,https://dzen.ru/a/aqjRRt8hLg35isjh,0,0,26,14 сентября поджрные МЧС России ликвидировали возгорание грузового автомобиля в жилом районе Энергетик в Братске. Площадь пожара составила 4 квадратных метра. С открытым горением удалось справиться за
2026-09-15 04:40,article,Более 37 тысяч жителей Приангарья будут голосовать не по месту жительства,https://dzen.ru/a/aqjMnh3cWgqrKPGO,0,0,34,14 сентября 2026 года был последний день подачи заявления о голосовании на выборах депутатов Государственной Думы РФ по месту нахождения. Сделать это можно было на портале Госуслуг. По информации Изби
2026-09-15 04:10,article,Несуществующий трактор за миллион купил житель Черемхова,https://dzen.ru/a/aqjFgUjUgT5jfQsp,3,0,31,"Покупка трактора через Интернет обернулась для жителя Черемхова потерей более миллиона рублей. В полицию обратился 49-летний местный житель, который рассказал, что стал жертвой аферистов. Мужчина нашё"
2026-09-15 03:36,article,В Прибайкалье уже началась подготовка к лесным пожарам в 2027 году,https://dzen.ru/a/aqi-YE5PhhqP1Zpr,0,0,46,"В регионе уже начата подготовка к пожароопасному сезону 2027 года. Специалисты обновляют и создают минерализованные полосы, скашивают сухой растительности, очищают территорий от горючего мусора и веду"
2026-09-15 02:55,article,В Усть-Куте шофёр задержал грабителя прямо у себя в грузовике,https://dzen.ru/a/aqi0YN8hLg35ihac,8,0,46,"Накануне в полицию Усть-Кута поступило сообщение от водителя грузового автомобиля «КамАЗ», прибывшего в Усть-Кут из Самарской области для доставки груза в порт. Мужчина пояснил, что в ожидании разгруз"
2026-09-15 02:40,article,В Иркутской области осудят двух женщин за покупку мототехники сыновьям,https://dzen.ru/a/aqiwzB3cWgqrKKH2,4,0,38,"Две жительницы Иркутской области предстанут перед судом по обвинению в вовлечении своих детей в совершение действий, представляющих опасность для их жизни. По данным следствия, в октябре прошлого года"
2026-09-15 02:15,article,В Свирске не хватает профильных медицинских специалистов,https://dzen.ru/a/aqirI0jUgT5jfHHe,4,0,48,Жители Свирска пожаловались на дефицит врачей представителям Законодательного Собрания Иркутской области. Об этом сообщает пресс-служба парламента. На личном приёме у спикера парламента Александра Вед
2026-09-15 01:50,article,"В Иркутском округе вакцинировали от узелкового дерматита более 16,5 тысяч голов скота",https://dzen.ru/a/aqikxN8hLg35icXO,7,0,49,"На территории Иркутского округа завершается вакцинация сельскохозяйственных животных против заразного узелкового дерматита. Специалисты привили 10,6 тысяч голов крупного рогатого скота и чуть более 6 "
2026-09-15 01:22,article,Школьников Нижнеудинского района переведут на дистант из-за медведей,https://dzen.ru/a/aqifGE5PhhqP1Udl,4,0,47,"Режим повышенной готовности ввели в Нижнеудинском районе в связи с участившимися случаями выхода медведей к населённым пунктам. Решение было принято на уже третьем за последнее время заседании КЧС, по"
2026-09-14 23:58,video_long,"В Иркутской области во время экологической акции «360» собрали 16,5 тонн мусора",https://dzen.ru/video/watch/6aa82b51ac19de3447b26a77,9,0,122,
2026-09-14 23:58,article,"В Иркутской области во время экологической акции «360» собрали 16,5 тонн мусора",https://dzen.ru/a/aqi87t8hLg35ikkn,2,1,14,"Мусор у воды собирали в эти выходные добровольцы в Иркутске. В областном центре прошла традиционная акция ""360"", но в этом году впервые в статусе Межрегионального проекта. В этот раз волонтёры собрали"
2026-09-14 23:51,video_long,При проектировании школы в Нижней Лисихе Иркутска возникли проблемы с размером участка,https://dzen.ru/video/watch/6aa82ab9d576db122cfb88c5,10,0,72,
2026-09-14 23:50,article,При проектировании школы в Нижней Лисихе Иркутска возникли проблемы с размером участка,https://dzen.ru/a/aqi88E5PhhqP1ZUe,3,0,15,Высокая конкуренция в Иркутске есть и на места в школах. В микрорайоне Нижняя Лисиха здание общеобразовательного учреждения ждут с 2021 года. Проект должны были подготовить к середине лета в этом году
2026-09-14 23:42,video_long,Иркутская область вошла в число регионов с зарплатой в 100 тысяч рублей и выше,https://dzen.ru/video/watch/6aa82a382a1fa239cbf8f4aa,37,0,194,
2026-09-14 23:42,article,Иркутская область вошла в число регионов с зарплатой в 100 тысяч рублей и выше,https://dzen.ru/a/aqi8Od8hLg35ikUw,0,0,19,"Ощущение безопасности и стабильности человеку может дать стабильный и высокий заработок. А Иркутская область как раз попала в число регионов страны, где летом доход жителей был выше 100 тысячи рублей."
2026-09-14 23:35,video_long,В 8 месяцев в Иркутской области произошло 312 ДТП с пешеходами,https://dzen.ru/video/watch/6aa829c42a1fa239cbf7ef19,141,0,112,
2026-09-14 23:35,article,В 8 месяцев в Иркутской области произошло 312 ДТП с пешеходами,https://dzen.ru/a/aqi8OUjUgT5jfM9S,0,0,60,"На дорогах Иркутской области особенно опасно становится осенью и зимой. Именно с сентября по ноябрь возрастает количество ДТП. В том числе из-за того, что на улице раньше темнеет. Для снижения числа а"
2026-09-14 23:28,video_long,Жители Иркутска жалуются на отсутствие вакцины против гриппа в медучреждениях,https://dzen.ru/video/watch/6aa8259beea54872b0af38fb,29,0,128,
2026-09-14 23:28,article,Жители Иркутска жалуются на отсутствие вакцины против гриппа в медучреждениях,https://dzen.ru/a/aqi7hEjUgT5jfMtc,0,0,13,Жители Иркутска жалуются на отсутствие вакцины против гриппа в медучреждениях. Обращения по этому поводу поступили и в нашу редакцию. Сэлмэг Раднаева проверила наличие препарата в государственных поли
2026-09-14 10:17,article,Учёные Иркутска объяснили причину рекордной жары и мощных ливней в сентябре,https://dzen.ru/a/aqfLNt8hLg35hRM4,6,0,93,Сентябрь 2026 года в Иркутской области начался с погодных рекордов. В начале месяца тёплый влажный воздух с Атлантики и жаркий субтропический воздух с Чёрного и Каспийского морей принесли в регион рек
2026-09-14 09:47,article,В Иркутске завершается подготовка водопроводных сетей к зиме,https://dzen.ru/a/aqfDsd8hLg35hOYB,0,0,54,Подготовка водопроводных сетей в Иркутске к осенне-зимнему периоду идёт в соответствии с графиком. Об этом заявил зам. директора «Водоканала». К началу сентября на сетях водопровода установили более 5
2026-09-14 09:25,article,Сказочные герои поселились в Иркутске на фасадах домов,https://dzen.ru/a/aqe-tt8hLg35hMZE,0,0,31,"В историческом центре Иркутска на стенах зданий появились необычные персонажи. Автором работ выступила местная художница, работающая под творческим псевдонимом mod. Она вылепила из глины миниатюрные ф"
2026-09-14 08:45,article,В Баяндае экс-работник энергосбытовой компании незаконно добывал криптовалюту,https://dzen.ru/a/aqe1Ex3cWgqrJfUh,3,0,52,В Баяндаевском районе осудили 40-летнего жителя Иркутска. Мужчина работал начальником производственного участка энергосбытовой компании и разбирался в электроэнергетике. Он разместил в помещении бывше
2026-09-14 08:01,article,В Эхирит-Булагатском районе пьяный подросток опрокинул машину с двумя детьми,https://dzen.ru/a/aqerJd8hLg35hE5a,0,0,35,ДТП произошло вечером 13 сентября на 6-м километре автодороги «Усть-Ордынский — Оса» возле села Кулункун Эхирит-Булагатского района. 15-летний школьник за рулём «Тойоты Короллы» не справился с управле
2026-09-14 07:43,article,В Иркутском округе карантин из-за узелкового дерматита ввели ещё в четырёх хозяйствах,https://dzen.ru/a/aqem3k5PhhqP0qfs,7,0,28,В Иркутском округе продолжают бороться со вспышкой узелкового дерматита. Губернатор региона подписал постановление о введении карантина в новых очагах заболевания. Две вспышки выявили в деревне Бутырк
2026-09-14 07:23,article,"В Нижнеудинске уже два года обновляют центральную библиотеку за 72,2 млн рублей",https://dzen.ru/a/aqeh6kjUgT5jds_X,0,0,82,"В Нижнеудинске продолжается капитальный ремонт Межпоселенческой центральной библиотеки. На работы направили 72,2 миллиона рублей. Здание недавно передали в собственность муниципалитета, и в нём решили"
2026-09-14 07:06,article,Цветущий экоподарок получил Усть-Кут в честь Дня нефтяника,https://dzen.ru/a/aqedqk5PhhqP0pBt,1,0,26,Живая изгородь из декоративных кустарников украсила одну из центральных площадей Усть-Кута. В городе у Дворца культуры «Речники» высадили саженцы японской спиреи. Они полностью адаптированы к климатич
2026-09-14 06:55,article,Серебряным призёром стала ангарская команда на спортивном турнире в Москве,https://dzen.ru/a/aqebgt8hLg35g_hu,0,0,27,"Сборная из Ангарска завоевала второе место в крупных корпоративных соревнованиях в Москве. За победу боролись 20 команд из разных городов страны. Мероприятие объединило почти 2,5 тысячи сотрудников пр"
2026-09-14 06:40,article,Внедрять нейросети в свою работу учились волонтёры в Иркутской области,https://dzen.ru/a/aqeX9EjUgT5jdpvN,0,0,26,Форум волонтёров состоялся в Иркутской области. Он объединил около 50 добровольцев из Прибайкалья и Бурятии. Все участники – железнодорожники. В течение трёх дней они проходили образовательные и коман
2026-09-14 06:29,article,Дождались! 39 детей-сирот из Иркутской области получили новые квартиры,https://dzen.ru/a/aqeVG98hLg35g9bM,0,0,32,"Дети-сироты и дети, оставшихся без попечения родителей, получили жильё в Иркутской области. 14 квартир предоставили в жилом комплексе «Тополя» в Ангарске, ещё 25 — в жилом комплексе «Возрождение» в Ир"
2026-09-14 06:11,article,Успели сделать 18 тайников: под Иркутском задержали двух предполагаемых закладчиков,https://dzen.ru/a/aqeRL98hLg35g8AO,0,0,38,Сотрудники МУ МВД России «Иркутское» обратили внимание на двух молодых людей в микрорайоне Зелёный берег. Парни раскладывали в разных местах подозрительные свёртки. На место сразу вызвали следственно-
2026-09-14 05:49,article,В Заларинском районе 33 работникам предприятия не платили за вредные условия труда,https://dzen.ru/a/aqeML98hLg35g6RX,0,0,25,33 сотрудникам заларинского филиала коммерческого предприятия не начисляли и не выплачивали доплату за вредные условия труда. По результатам проверки прокуратура внесла представление генеральному дире
2026-09-14 05:25,article,Иркутская область вошла в тройку лидеров Сибири по числу вакансий,https://dzen.ru/a/aqeGf0jUgT5jdj9z,3,0,68,"Иркутская область заняла третье место в Сибирском федеральном округе по количеству вакансий. В августе в Приангарье открыли и обновили 14,6 тысяч объявлений о работе. Это 15% от всех предложений в Сиб"
2026-09-14 05:09,article,В Киренском районе медведь убил грибника,https://dzen.ru/a/aqeCLkjUgT5jdimU,9,0,35,"Трагедия произошла в субботу в Киренском районе. Пожилой житель села Алымовка отправился в лес за грибами, но вовремя не вернулся домой. Родные вместе с охотниками отправились на поиски и нашли его мо"
2026-09-14 04:36,article,Из-за выходов медведей к людям Минприроды РФ изменит правила регулирования их численности,https://dzen.ru/a/aqd7E0jUgT5jdgWP,1,0,34,Минприроды России собирает от регионов предложения по совершенствованию законодательства в сфере регулирования численности бурого медведя. Об этом сообщают РИА Новости со ссылкой на министерство. Пово
2026-09-14 04:25,article,С директора иркутской фирмы взыскали более 54 илн рублей за контрабанду леса,https://dzen.ru/a/aqd4Pt8hLg35gzsu,3,0,26,Директор одной из иркутских фирм с 2014 по 2018 год оформлял поддельные документы на лесопродукцию. По ним лесоматериалы вывозили за границу через таможенный пункт в соседнем регионе. Всего контрабанд
2026-09-14 03:30,article,Ушёл из жизни голос парадов Победы Иркутска Александр Белотелов,https://dzen.ru/a/aqdrDEjUgT5jdbQe,5,0,33,"Ушёл из жизни Александр Белотелов — ветеран Иркутского областного радио, член Союза журналистов России. В ГТРК «Иркутск» он работал диктором, корреспондентом и радиоведущим, посвятив эфиру всю свою жи"
2026-09-14 03:12,article,За неделю в Приангарье в ДТП погибли 7 взрослых и один ребёнок,https://dzen.ru/a/aqdmyk5PhhqP0gTw,2,0,33,"С 7 по 11 сентября на дорогах Иркутской области произошло 57 аварий. В них пострадали 66 человек, из которых 17 — несовершеннолетние. В ДТП погибли семь взрослых и один ребёнок. Повреждения получил 81"
2026-09-14 02:50,article,За неделю в Братске и районе ликвидировали 12 вышедших к людям медведей,https://dzen.ru/a/aqdhD98hLg35gspF,7,1,34,"В Братске и Братском районе продолжают ликвидировать медведей, которые выходят к людям. За минувшую неделю мобильные группы, сформированные из сотрудников службы по охране и использованию объектов жив"
2026-09-14 02:21,article,В Иркутске нашли троих нарушителей-мигрантов,https://dzen.ru/a/aqda-0jUgT5jdWlP,2,0,18,В Иркутске прошёл рейд по соблюдению миграционного законодательства. Сотрудники МВД и Росгвардии проверили плодоовощную базу и несколько городских кафе. Во время проверок нашли троих нарушителей. Они 
2026-09-13 09:42,article,Мужчина нашёл тела двух медведей в Нижнеудинском районе,https://dzen.ru/a/aqZw7t8hLg35foqE,49,2,19,"Останки двух медведей нашли возле Коблука в Нижнеудинском районе. Их нашли в лесу. Тело одного на земле, неподалёку был закопан второй. По словам очевидца, один зверь мог напасть на сородича, начать е"
2026-09-13 08:35,article,В Шерагуле начали возводить опоры нового путепровода,https://dzen.ru/a/aqZh7EjUgT5jcRHU,1,0,39,"В селе Шерагул Тулунского района начали строить опоры путепровода над железной дорогой. На них позже установят конструкции, по которым пройдёт автомобильная дорога. Путепровод станет частью нового обх"
2026-09-13 06:41,article,Шесть бойцов спецназа ФСИН получили краповые береты после испытаний под Иркутском,https://dzen.ru/a/aqZGfB3cWgqrImHf,10,0,49,На базе ГУФСИН России по Иркутской области в девятый раз прошли квалификационные испытания на право ношения крапового берета. В финальный день на старт вышли 51 сотрудник из 23 территориальных органов
2026-09-13 06:18,article,С помощью беспилотников в Тулунском районе нашли почти 40 гектаров заросших сельхозземель,https://dzen.ru/a/aqZBG3OQWXLZoYK7,4,0,33,"В Тулуне и Тулунском районе наказали правообладателей сельхозземель, которые не выполнили требования Россельхознадзора. Об этом сообщили в управлении ведомства. Ещё в ноябре 2025 года специалисты выяв"
2026-09-13 06:09,article,Клещи в Приангарье не сбавляют активности: за неделю покусали больше ста человек,https://dzen.ru/a/aqY-RIDLTiGUIYdt,2,0,25,"В Иркутской области клещи даже с приходом осени продолжают кусать людей. За прошедшую неделю к медикам обратились 104 человека, из них 29 детей. Всего с начала эпидсезона зарегистрировано 21 324 обращ"
2026-09-13 05:21,article,Мотоциклист погиб при перестроении кроссовера на трассе «Сибирь» в Ангарске,https://dzen.ru/a/aqY0RB3cWgqrIgqy,6,0,20,"12 сентября около пяти часов вечера на 1846-м километре автодороги Р-255 «Сибирь» столкнулись кроссовер и мотоцикл. По предварительным данным, 51-летний водитель автомобиля перестраивался и не заметил"
2026-09-13 05:10,article,В Аларском районе водитель сбил двух подростков и скрылся,https://dzen.ru/a/aqYwq3OQWXLZoTNq,1,0,31,"В Аларском районе разыскивают водителя, который сбил двух подростков - 15 и 17 лет - и скрылся. Авария произошла вечером на дороге «Кутулик - Бахтай - Хадахан». По предварительной информации, неизвест"
2026-09-13 04:52,article,В Бохане женщина погибла на пожаре в двухэтажном доме,https://dzen.ru/a/aqYtHB3cWgqrIeaD,2,0,35,"Во время пожара в двухэтажном доме в посёлке Бохан погибла женщина. Возгорание началось ночью на лестничной клетке, после чего огонь перекинулся на квартиру, где жила семья из четырех человек. Проснув"
2026-09-13 04:29,article,Глава СК взял на контроль проверку ДТП со скорой в Тайшете,https://dzen.ru/a/aqYnbnOQWXLZoQdG,1,0,32,Глава Следственного комитета России поручил доложить о результатах проверки ДТП с участием скорой помощи в Тайшете. Авария произошла 11 сентября на перекрёстке улиц Ленина и Пушкина. По предварительны
2026-09-13 03:57,article,«КрайсНефть» в Иркутске открыла продажу бензина в канистры,https://dzen.ru/a/aqYgUIDLTiGUIUKn,0,0,20,В Иркутске сеть АЗС «КрайсНефть» снова разрешила продавать бензин в канистры - до 30 литров на один автомобиль. Дизельное топливо отпускают без ограничений. Ограничения действовали с 14 августа из-за 
2026-09-12 11:38,article,Власти Приангарья утвердили механизм выплаты в 15 тысяч рублей владельцам усыплённого скота,https://dzen.ru/a/aqU7JWFhSwy0xTng,41,0,84,"Власти Иркутской области официально подписали указ и прописали механизм дополнительной выплаты владельцам скота, который изъяли и усыпили из-за вспышки узелкового дерматита в Оёкском округе. Указ губе"
2026-09-12 11:18,article,Иркутское УФАС оштрафовало три фирмы на 600 тысяч за сговор на торгах,https://dzen.ru/a/aqU2EmFhSwy0xSDi,0,0,28,Три компании из Иркутской области признаны виновными в антиконкурентном соглашении на торгах. Об этом сообщило Иркутское УФАС. Фирмы делили между собой право на размещение 22 нестационарных торговых о
2026-09-12 10:54,article,Двое погибли в лобовом ДТП с фурой на трассе «Вилюй» под Братском,https://dzen.ru/a/aqUwWRiP9hd_IvkZ,2,0,40,"Смертельная авария произошла сегодня утром на 284-м километре автодороги А-331 «Вилюй», недалеко от поворота на посёлок Зяба. По предварительным данным, грузовик с полуприцепом ехал со стороны Братска"
2026-09-12 08:11,article,Иркутянин вошел в ТОП-10 лучших авиапожарных России и Беларуси,https://dzen.ru/a/aqULR3OQWXLZm2FU,0,0,64,Иркутянин Иван Куприянов вошёл в ТОП-10 Лучших лесных пожарных-2026. Профессиональное мастерство этих специалистов проверяли на единственном в России и Беларуси конкурсе Авиалесоохраны и наземных лесо
2026-09-12 08:09,article,Лучший эндокринолог России работает в Иркутске,https://dzen.ru/a/aqUJ3HOQWXLZm1oB,0,0,18,"Наше здоровье зависит не только от нас самих, но и от специалистов, которым мы его доверяем. Медицина постоянно развивается, и врачи должны регулярно изучать новые данные и исследования. Такого принци"
2026-09-12 08:07,article,Счета за коммунальные услуги могут вырасти у предпринимателей Иркутской области,https://dzen.ru/a/aqUJ3XOQWXLZm1oE,0,0,12,Счета за коммунальные услуги могут вырасти у предпринимателей Иркутской области. И дело не в индексации. Новая нагрузка грозит бизнесменам региона из-за особенностей системы тарифного регулирования ме
2026-09-12 08:06,article,В первой декаде сентября в Иркутской области было на 4 градуса теплее обычного,https://dzen.ru/a/aqUJKoDLTiGUHnny,2,0,41,Тепло из Иркутской области не уходит. В среднем температура в регионе в первой декаде сентября была выше нормы на четыре градуса. Особенно это ощутили жители юга Прибайкалья. Там воздух прогревался до
2026-09-12 08:02,article,Три года потратили учёные из Иркутска для исследования состояния воздуха над Байкалом,https://dzen.ru/a/aqUIdWFhSwy0xCyq,1,0,10,"Ни час, ни день и ни месяц изучали атмосферу над Байкалом учёные. На исследования ушло три года. И оказалось, что воздух у озера не такой уж и кристально чистый. Подробности – в материале Олега Фёдоро"
2026-09-12 07:28,article,Авиакомпанию оштрафовали на 30 тысяч за овербукинг на рейсе Иркутск — Сочи,https://dzen.ru/a/aqT_vWFhSwy0w_sv,4,0,27,"Авиакомпанию из Новосибирска оштрафовали за то, что она продала слишком много билетов на рейс из Иркутска в Сочи и случился овербукинг. То есть число проданных билетов превышало количество мест на бор"
2026-09-12 07:05,article,Медработники пострадали в ДТП со скорой в Тайшете,https://dzen.ru/a/aqT6xRiP9hd_ImTo,0,0,28,"Иномарка и машина скорой помощи столкнулись в Тайшете. Авария произошла на пересечении улиц Ленина и Пушкина, сообщает Госавтоинспекция региона. По предварительным данным, 43-летний водитель кроссовер"
2026-09-12 07:00,video_long,Иркутянин вошел в ТОП-10 лучших авиапожарных России и Беларуси,https://dzen.ru/video/watch/6aa4f839ac4d107082bd33ea,1,0,90,
2026-09-12 06:58,video_long,Лучший эндокринолог России работает в Иркутске,https://dzen.ru/video/watch/6aa4f7ca917bdc68259d804f,21,0,106,
2026-09-12 06:56,video_long,Счета за коммунальные услуги могут вырасти у предпринимателей Иркутской области,https://dzen.ru/video/watch/6aa4f75ab6afd8381128d0ce,8,0,118,
2026-09-12 06:54,video_long,В первой декаде сентября в Иркутской области было на 4 градуса теплее обычного,https://dzen.ru/video/watch/6aa4f6a99f4ddc24d237ad32,7,0,58,
2026-09-12 06:51,video_long,Три года потратили учёные из Иркутска для исследования состояния воздуха над Байкалом,https://dzen.ru/video/watch/6aa4f6455a6ccf24b5176eff,24,0,139,
2026-09-11 10:45,article,Спасатели отработали аварийную посадку самолёта в аэропорту Иркутска,https://dzen.ru/a/aqPdPXOQWXLZlNWX,3,0,68,"Готовы ко всем непредвиденным ситуациям. Сотрудники Иркутского аэропорта провели полномасштабные учения на случай пожара. По легенде, в самолёте при посадке обнаружили серьёзную неисправность шасси, к"
2026-09-11 10:43,article,Летний сезон на Байкале сместился из-за дождей и дефицита бензина,https://dzen.ru/a/aqPch2FhSwy0va7a,3,0,77,"Глубина и чистота Байкала — то, что привлекает к берегам озера сотни тысяч путешественников. Однако туристическая сфера в Иркутской области по сравнению с прошлым годом переживает спад турпотока. С ок"
2026-09-11 10:02,article,Шелеховчанина будут судить за создание криминального сообщества в Иркутской области,https://dzen.ru/a/aqPSenOQWXLZlJp_,8,0,44,В Иркутске направлено в суд уголовное дело в отношении 40-летнего жителя Шелехова. Его обвиняют в организации деятельности экстремистской организации и занятии высшего положения в преступной иерархии.
2026-09-11 09:29,article,Иркутская область заняла 28-е место в рейтинге регионов по перспективности трудоустройства,https://dzen.ru/a/aqPch2FhSwy0va7T,11,0,113,Выбирать между регионами приходится иногда людям при поиске лучшего места работы. Иркутская область попала в тридцатку субъектов страны по перспективности по трудоустройству. Откуда к нам едут потенци
2026-09-11 09:24,article,"35 хозяйств пострадали от узелкового дерматита в Бутырках, Котах и Турской",https://dzen.ru/a/aqPLU3OQWXLZlHL2,0,0,71,"В Иркутском округе продолжается борьба с узелковым дерматитом. В очагах начали вакцинацию здорового скота и истребление больных животных. Прививают всех восприимчивых к вирусу животных. Напомним, в на"
2026-09-11 08:35,article,Без предупреждения обрабатывало поля пестицидами предприятие под Иркутском,https://dzen.ru/a/aqO-h3OQWXLZlCyt,11,0,48,"Россельхознадзор наказал должностное лицо сельхозпредприятия в Иркутском округе за нарушения при обработке полей пестицидами. Проверка показала, что предприятие применяло препараты с нарушениями регла"
2026-09-11 07:05,article,Женщина отравилась угарным газом на пожаре в Ангарске,https://dzen.ru/a/aqOo88SWjwEs1PZb,0,0,21,"11 сентября ночью в Ангарске произошёл пожар в квартире на четвертом этаже. До приезда пожарных из дома самостоятельно выбрались восемь жителей. Ещё шестерых, среди которых был подросток, эвакуировали"
2026-09-11 06:02,article,Украл 3 млн рублей в автобусе и угодил в колонию карманник из Иркутска,https://dzen.ru/a/aqOaq8SWjwEs1M6k,5,0,25,"В Иркутске вынесен приговор карманнику, который похитил у местной жительницы 3 миллиона рублей в автобусе Мужчина вытащил крупную сумму в переполненном автобусе, когда потерпевшая ехала к банкомату. Е"
2026-09-11 05:56,video_long,Летний сезон на Байкале сместился из-за дождей и дефицита бензина,https://dzen.ru/video/watch/6aa39548413cf90903544955,57,0,96,
2026-09-11 05:49,article,Пенсионер из Нижнеудинского района отдал мошенникам 10 миллионов рублей,https://dzen.ru/a/aqOXzqKBtmtjPWgD,8,0,36,"В полицию Иркутска обратился 66-летний житель города Алзамай Нижнеудинского района. Он рассказал, что мошенники выманили у него 10 миллионов рублей. Об этом сообщает МАХ-канал «Вас обманывают». Сначал"
2026-09-11 05:43,video_long,Спасатели отработали аварийную посадку самолёта в аэропорту Иркутска,https://dzen.ru/video/watch/6aa394c33dfd686099ebb29c,26,0,80,
2026-09-11 05:41,video_long,Иркутская область заняла 28-е место в рейтинге регионов по перспективности трудоустройства,https://dzen.ru/video/watch/6aa39449968d107f0eeea2b2,7,0,132,
2026-09-11 05:39,video_long,"35 хозяйств пострадали от узелкового дерматита в Бутырках, Котах и Турской",https://dzen.ru/video/watch/6aa393efe030cb2fbaa29980,28,0,81,
2026-09-11 05:35,article,Иркутский зоосад принимает овощи для животных,https://dzen.ru/a/aqOUN6KBtmtjPVUy,2,0,28,Жители Приангарья могут принести свой урожай и помочь животным Иркутского зоосада подготовиться к зимним морозам.Традиционная акция по сбору овощей поможет заготовить витаминные запасы для пушистых об
2026-09-11 04:43,article,Пятилетний мальчик погиб под колёсами кроссовера в Ангарске,https://dzen.ru/a/aqOI08WGh2NiGDsY,9,0,28,В Ангарске возбудили уголовное дело после смертельного ДТП с детьми. Вечером 10 сентября в районе дома №7 в 73 квартале 63-летняя женщина за рулём кроссовера сбила двоих детей на нерегулируемом пешехо
2026-09-11 03:24,article,Из-за шалости троих подростков в Тулуне пострадал человек на пожаре,https://dzen.ru/a/aqN1Tu6e4WkGCgd4,3,0,36,"Вечером в посёлке Стекольный Тулуна трое подростков 11–13 лет устроили пожар в подъезде пятиэтажки. Они поджигали бумагу и бросали её на диван на последнем этаже. Когда огонь быстро пошёл по обивке, ш"
2026-09-11 03:09,article,В Братске отопительный сезон начнётся 17 сентября,https://dzen.ru/a/aqNxoMSWjwEs1FwR,0,0,30,"Мэр Братска подписал постановление о старте отопительного сезона. Тепло в городе включат в четверг, 17 сентября. Первыми подключат социальные объекты — детские сады, школы и больницы. После этого тепл"
2026-09-11 01:50,article,Из-за медведей в Ангарске ввели режим повышенной готовности,https://dzen.ru/a/aqNe36KBtmtjPD5A,35,0,51,В Ангарском округе введён режим повышенной готовности. Причина — участившиеся выходы медведей в город. Решение приняли по итогам заседания рабочей группы КЧС. Экстренные службы и полиция перешли на ус
2026-09-10 13:15,article,Тарифное соглашение в Тыве грозит иркутскому бизнесу новыми расходами,https://dzen.ru/a/aqKuZe6e4WkGCALn,24,0,191,"Показатели в платёжках жителей и бизнесменов Прибайкалья, по традиции, могут вырасти осенью из-за индексации тарифов. Но нагрузка на потребителей может вырасти и по другой причине. Мы продолжаем разби"
2026-09-10 09:41,article,Сообщение о минировании поступило в школу №39 Иркутска,https://dzen.ru/a/aqJ8p6KBtmtjNxeS,17,0,19,Сообщение о минировании поступило в школу №39 Иркутска. Об этом НТС рассказали очевидцы. Родителям школьников позвонили сотрудники образовательного учреждения и попросили забрать детей. Детей вывели н
2026-09-10 09:28,article,В Иркутской области только в одном муниципалитете начался отопительный сезон,https://dzen.ru/a/aqJ4--6e4WkGB0NJ,4,0,66,"По состоянию на 11 сентября в Иркутской области отопительный период начат только в Катангском районе. Запущено пять котельных, подключено 15 социальных объектов. Об этом глава региона Игорь Кобзев соо"
2026-09-10 08:48,article,Погибла в мучениях: в Боханском районе пенсионерка отравила собаку,https://dzen.ru/a/aqJwZxwIljOW487m,6,0,34,"В Боханском районе перед судом предстанет местная жительница, отравившая бездомную собаку. Дознаватели МВД завершили расследование уголовного дела, фигуранткой которого стала 82-летняя местная жительн"
2026-09-10 08:00,article,В Иркутске микроавтобус протаранил легковушку: пять человек пострадали,https://dzen.ru/a/aqJlJaKBtmtjNmEV,1,0,31,В Иркутске полицейские разбираются в обстоятельствах ДТП с участием микроавтобуса. Сообщение об аварии на улице Байкальской поступило 10 сентября в 11 часов 45 минут. Прибывшими на место аварии автоин
2026-09-10 07:08,video_long,Первые матчевые гонки на спортивных яхтах пройдут на Байкале,https://dzen.ru/video/watch/6aa25760fc0b6d46b8a90da0,33,0,78,
2026-09-10 07:07,video_long,«Посёлок невезения» под Усольем живёт без интернета и автобусов,https://dzen.ru/video/watch/6aa256faa6a28e73c1d9d1f6,30,0,131,
2026-09-10 07:05,video_long,СМИ: тарифы на электроэнергию для бизнеса Прибайкалья могут вырасти из-за обязательств перед Тывой,https://dzen.ru/video/watch/6aa2569cc5620a3f6e3eae6b,45,0,206,
2026-09-10 06:59,article,Нарушения в пищеблоках нашли в детских лагерях этим летом в Иркутской области,https://dzen.ru/a/aqJW16KBtmtjNfh_,5,0,61,"Роспотребнадзор Иркутской области озвучил итоги летней оздоровительной кампании в Иркутской области. Всего на контроле ведомства находились 795 организаций отдыха и оздоровления, где отдохнули почти 7"
2026-09-10 06:32,article,Потерявшим скот фермерам из Иркутского округа начали выплачивать компенсации,https://dzen.ru/a/aqJQWxwIljOW4uGX,6,0,41,"В Иркутске прошло совещание по эпизоотической ситуации на территории региона. В нём приняли участие представители областного министерства сельского хозяйства, правительства региона, ветеринарной и при"
2026-09-10 05:55,article,"Более 1,5 млн тонн угля доставят на котельные Приангарья по железной дороге",https://dzen.ru/a/aqJHJBwIljOW4p_L,0,0,28,"Почти 775 тысяч тонн угля к зиме уже доставили поездами на предприятия ЖКХ Иркутской области. Всего по железной дороге предстоит завести более 1,5 миллионов тонн твёрдого топлива. При этом в отдалённы"
2026-09-10 05:49,article,Иркутская область вошла в тридцатку самых перспективных регионов для работы,https://dzen.ru/a/aqJFlaKBtmtjNYFW,1,0,44,Иркутская область заняла 28-е место в рейтинге наиболее перспективных регионов России для трудоустройства по итогам первого полугодия 2026 года. Такие данные приводит hh.ru. Лидерами рейтинга стали Ре
2026-09-10 05:05,article,В Иркутске задержали курьера представлявшихся губернатором региона мошенников,https://dzen.ru/a/aqI7ne6e4WkGBmpi,44,0,73,"Полицейские задержали курьер телефонных мошенников, представлявшихся главой Иркутской области. Подозреваемого нашли при содействии сотрудников полиции из других регионов. На данный момент предваритель"
2026-09-10 03:26,article,Лесозаготовителя в Качугском районе заставили возместить ущерб животному миру на 900 тысяч,https://dzen.ru/a/aqIkt6KBtmtjNJqZ,1,0,30,"Прокуратура Качугского района проверила, как соблюдается законодательство о животном мире. Выяснилось: лесные участки здесь арендуют для заготовки древесины, а рубки влияют на среду обитания диких жив"
2026-09-10 03:11,article,Три часа искали спасатели заблудившегося в лесу под Иркутском 83-летнего грибника,https://dzen.ru/a/aqIhJKKBtmtjNIUi,4,0,37,"В Иркутском районе недалеко от посёлка Падь Мельничная потерялся 83-летний мужчина. Он ушёл в лес за дикоросами и не смог найти обратную дорогу. Днём пенсионер несколько раз звонил жене, но ближе к по"
2026-09-10 03:04,article,Отравившегося мухомором котёнка спасли ветеринары в Киренске,https://dzen.ru/a/aqIfP8SWjwEs0GF8,8,0,40,"Котёнок из Киренска едва не погиб после обычного похода хозяина в лес. Владелец вернулся с грибами и принёс домой мухомор, чтобы показать детям. А любопытный питомец увидел в нём новую игрушку — стал "
2026-09-10 01:44,article,Первые матчевые гонки на спортивных яхтах пройдут на Байкале,https://dzen.ru/a/aqIOoKKBtmtjNA79,1,0,67,"Испытание водой, ветром и скоростью пройдут яхтсмены со всей страны на Байкале. Там впервые состоятся матчевые гонки на спортивных яхтах. Старты пройдут с 11 по 13 сентября в посёлке Никола — на участ"
2026-09-10 01:11,article,«Посёлок невезения» под Усольем живёт без интернета и автобусов,https://dzen.ru/a/aqIE2hwIljOW4OWB,5,0,103,"Место, богатое природой, но не современными технологиями. Жители посёлка Тюменск под Усольем уже который год остаются за бортом прогресса. Люди обращались во все инстанции. И вот к ним на встречу приш"
2026-09-09 15:04,article,СМИ: тарифы на электроэнергию для бизнеса Прибайкалья могут вырасти из-за обязательств перед Тывой,https://dzen.ru/a/aqF24RwIljOW3S9o,9,0,192,"Множество испытаний преодолевают бизнесмены Иркутской области. Ведь экономическая ситуация непростая, нагрузка на бизнес тоже растёт, а доходы падают. С начала года одно за другим закрываются разные з"
2026-09-09 10:14,article,В лесу возле посёлка Усть-Балей убрали больше 20 кубометров мусора,https://dzen.ru/a/aqEy9MSWjwEsy3-A,3,0,22,Сотрудники министерства лесного комплекса Иркутской области провели субботник возле посёлка Усть-Балей. Вместе с представителями подведомственных учреждений они очистили лес от бытового мусора и остат
2026-09-09 10:08,article,11 сентября в Иркутской области ограничат продажу алкоголя,https://dzen.ru/a/aqEwsqKBtmtjLZLE,3,0,31,"В Иркутской области 11 сентября временно запретят розничную продажу алкоголя. Ограничение будет действовать с 8:00 до 23:00 в рамках Всероссийского дня трезвости. Запрет не коснётся кафе, ресторанов и"
2026-09-09 10:02,article,В Братске 207 домов перешли с угля и дров на газ,https://dzen.ru/a/aqEv_KKBtmtjLYsr,2,0,36,В Правобережном районе Братска 207 частных домов перешли на газ с дров и угля. Ещё в 177 зданиях установили отопительные системы и внутридомовое газовое оборудование. В 149 домах работы продолжаются. 
2026-09-09 08:46,article,Педагог из Казачинско-Ленского района поборется за титул лучшего учителя России,https://dzen.ru/a/aqEdiMSWjwEsyqsV,2,0,30,"Учитель русского языка и литературы Магистральнинской школы № 2 Анастасия Леончик вышла в финал Всероссийского конкурса ""Учитель года России - 2026"". Педагог из Казачинско-Ленского района стала призёр"
2026-09-09 08:31,article,В Усть-Илимске ввели режим повышенной готовности из-за участившихся выходов медведей к людям,https://dzen.ru/a/aqEaA8SWjwEsyoT0,3,0,36,"В Усть-Илимске ввели режим повышенной готовности из-за выхода медведей к городу и населённым пунктам. Такое решение приняли на заседании комиссии по чрезвычайным ситуациям, сообщает администрация горо"
2026-09-09 07:52,article,В Тайшете полицейские задержали укравшего телевизор у пенсионерки,https://dzen.ru/a/aqERhqKBtmtjLFSa,0,0,26,"В Тайшете полицейские раскрыли квартирную кражу у 85-летней пенсионерки. Женщина сообщила полицейским, что из ее комнаты в общежитии пропал телевизор. Вором оказался ранее судимый 36-летний местный жи"
2026-09-09 07:34,article,В Саянск стало удобнее добираться: подъездную дорогу в город отремонтировали,https://dzen.ru/a/aqENNqKBtmtjLCxC,1,0,29,"В Саянске завершили ремонт подъездной дороги, которая соединяет город с федеральной трассой и соседними населёнными пунктами. Рабочие обновили участок от моста через реку Оку до въезда в город - с 3-г"
2026-09-09 07:10,article,В Заларинском районе осудили жителя Томской области за поддельные водительские права,https://dzen.ru/a/aqEHjqKBtmtjK_Ni,3,0,48,"В Заларинском районе осудили 36-летнего жителя Томской области за езду с поддельными водительскими правами. В марте 2026 года сотрудники ГИБДД остановили его на федеральной трассе Р-255 ""Сибирь"". Мужч"
2026-09-09 06:57,article,15 работ импрессионистов из Пушкинского музея привезли в Иркутск,https://dzen.ru/a/aqEFbMSWjwEsybUh,2,0,138,Иркутск станет центром мира живописи. 15 сентября в столице Восточной Сибири откроется выставка работ художников-импрессионистов. Чем уникальна экспозиция и насколько её сложно было доставить в наш го
2026-09-09 06:54,article,Подпорная стенка обрушилась у АЗС на Академической в Иркутске,https://dzen.ru/a/aqED_8SWjwEsyaWk,7,0,61,"Энергетическая сфера, как и многие, зависит от бензина. Но на одной из автозаправочных станций Иркутска проблемы возникают вовсе не из-за поставок горючего. У здания АЗС на улице Академической обрушил"
2026-09-09 06:52,article,Пьяный мужчина угнал фургон и устроил ДТП в Иркутске,https://dzen.ru/a/aqEDTKKBtmtjK804,0,0,20,"В Иркутске полицейские задержали 39-летнего мужчину, который угнал фургон. О инциденте в полицию сообщили очевидцы. Машина была открыта, а ключи находились в замке зажигания. Обвиняемый был пьян. Прое"
2026-09-09 06:51,article,Дефицит энергии прогнозируют в Сибири и на Дальнем Востоке,https://dzen.ru/a/aqEEDMSWjwEsyaXz,5,0,100,"Будущее энергетики Сибири и Дальнего Востока как раз обсуждалось на Восточном экономическом форуме-2026. Промышленность в этих регионах бурно развивается, что может привести к дефициту энергии. Пока э"
2026-09-09 06:47,article,"Жителям пригорода Иркутска объяснили, как подготовить дом к зиме",https://dzen.ru/a/aqECmMSWjwEsyZrn,0,0,146,"Как качественно подготовить к зиме свой дом, улучшить качество жизни и обезопасить себя при выборе жилья. На эти вопросы ответили эксперты в сфере строительства и юриспруденции в Урике. Ведь тема набо"
2026-09-09 06:44,article,Медведь забрался на территорию детского сада в Ангарске,https://dzen.ru/a/aqEB4KKBtmtjK8Aa,201,0,157,"Скот — лёгкая добыча для медведя. Это, а также свалки и нехватка еды в самих лесах всё чаще ведут опасного хищника к людям. Так, в Ангарске зверь и вовсе забрёл на территорию детского сада. Как борютс"
2026-09-09 06:36,video_long,15 работ импрессионистов из Пушкинского музея привезли в Иркутск,https://dzen.ru/video/watch/6aa0fe3e7feaab2cde3f2e0a,17,0,141,
2026-09-09 06:34,video_long,Подпорная стенка обрушилась у АЗС на Академической в Иркутске,https://dzen.ru/video/watch/6aa0fde1273d255637e81fe8,9,0,79,
2026-09-09 06:33,video_long,Дефицит энергии прогнозируют в Сибири и на Дальнем Востоке,https://dzen.ru/video/watch/6aa0fd86d5588f379a49ea15,11,0,147,
2026-09-09 06:31,video_long,"Жителям пригорода Иркутска объяснили, как подготовить дом к зиме",https://dzen.ru/video/watch/6aa0fd3309d3240b27df4330,9,0,161,
2026-09-09 06:30,video_long,Медведь забрался на территорию детского сада в Ангарске,https://dzen.ru/video/watch/6aa0fcde3a1df35750d60d5c,372,0,160,
2026-09-09 06:29,video_long,Жители Котов и Бутырки добились повышения компенсации за уничтожение скота,https://dzen.ru/video/watch/6aa0fc8e7938a166dd7ce61e,73,0,211,
2026-09-09 06:21,article,Меры безопасности усилят из-за подростков-нарушителей на железной дороге в Прибайкалье,https://dzen.ru/a/aqD8M8SWjwEsyV8g,0,0,29,"Из-за тревожной статистки в Прибайкалье усиливают меры борьбы с зацепингом. С начала года зафиксировано уже 6 случаев, когда подростки ехали с внешней стороны поездов. Все инциденты произошли на перег"
2026-09-09 06:05,article,"""Суровые"" грибы в Иркутске проросли из под асфальта и приподняли дорожное полотно",https://dzen.ru/a/aqD38sSWjwEsyTTm,2,0,12,В Иркутске на улице Франк-Каменецкого грибы проросли из-под асфальта и немного приподняли дорожное покрытие. А несколько грибов пробились наружу и оказались у бордюра. Кадрами необычного повреждения д
2026-09-09 05:42,article,Врача Маргариту Горяшину из Иркутска признали лучшим эндокринологом России,https://dzen.ru/a/aqDy_MSWjwEsyQQ4,30,0,20,"По итогам Всероссийского конкурса врачей и специалистов с высшим немедицинским образованием, Маргариту Горяшину из Иркутска признали лучшим эндокринологом России. Маргарита Горяшина работает врачом уж"
2026-09-09 04:27,article,Кёрлингисты из Иркутской области одержали победу на Кубке России в Новосибирске,https://dzen.ru/a/aqDhPcSWjwEsyF-b,0,0,31,"Кёрлингисты команды ""Иркутская область - Комсомолл 1"" победили на Кубке России среди смешанных команд в Новосибирске. В состав команды вошли мастера спорта России и воспитанники областной спортивной ш"
2026-09-09 04:10,article,Жители Котов и Бутырки добились повышения компенсации за уничтожение скота,https://dzen.ru/a/aqDdGqKBtmtjKmlv,4,0,186,В Иркутском округе продолжается борьба с распространением заразного узелкового дерматита у крупного рогатого скота. Власти региона увеличили компенсацию за ликвидацию животных. Подробности непростой о
2026-09-09 03:59,article,График подачи тепла в дома Иркутска может быть сдвинут на более поздний срок,https://dzen.ru/a/aqDa48SWjwEsyCm4,7,0,41,"Мэр Иркутска Руслан Болотов провёл совещание о подготовке города к отопительному сезону. К началу подачи тепла уже готовы 250 школ, детских садов, учреждений культуры и спортивных объектов. Их подключ"
2026-09-09 03:44,article,Троих человек спасли на пожаре в поселке Белореченский,https://dzen.ru/a/aqDXVMSWjwEsyAsJ,0,0,20,"Троих человек спасли из пожара в многоквартирном доме в посёлке Белореченский Усольского района. Предположительно, кто-то поджег квартиру на четвёртом этаже. Виновное лицо и ущерб на данный момент уст"
2026-09-09 03:22,article,"Охотник, на которого напал медведь в Братске, идёт на поправку",https://dzen.ru/a/aqDRncSWjwEsx8wS,1,0,61,"Охотник на которого напал медведь в Братске идёт на поправку в больнице. Его прооперировали и сейчас мужчина чувствует себя лучше. Медведь напал на охотника, когда тот вместе с коллегами выслеживал хи"
2026-09-09 02:45,article,"Оригинал ""Осеннего утра в Эраньи"" Камиля Писсарро привезли в Иркутск: и еще 14 работ художников импрессионистов из коллекции Пушкинского музея",https://dzen.ru/a/aqDJ1MSWjwEsx4bv,6,0,49,Шедевры зарубежных импрессионистов приехали в Иркутск. Всего 15 подлинных картин импрессионистов и постимпрессионистов из Государственного музей изобразительных искусств имени А. С. Пушкина. Доставили
2026-09-09 02:35,article,Подростка из Шелехова приговорили к 8 годам лишения свободы за двойное убийство,https://dzen.ru/a/aqDG_qKBtmtjKZwJ,33,1,54,"В Шелехове 15-летнего подростка приговорили к 8 годам лишения свободы за двойное убийство. Напомним, трагедия произошла 12 октября 2025 года в подъезде жилого дома. Предположительно из-за ревности мал"
2026-09-08 10:16,article,В посёлке Мама установили освещение на дорогах лишь после вмешательства прокуратуры,https://dzen.ru/a/ap_hsMSWjwEsvvm9,4,0,21,Жительница посёлка Мама на личном приёме первого зампрокурора Иркутской области по видеосвязи пожаловалась: по вечерам на двух улицах в посёлке темно. Проверка подтвердила — на Октябрьской и Связи нет
2026-09-08 06:14,article,25 пациентов детской больницы в Ангарске получили сладкие презенты,https://dzen.ru/a/ap-o46KBtmtjH2bb,4,1,23,Сладкие подарки получили пациенты ангарской детской больницы. Так проходящих лечение ребят решили поддержать волонтёры в начале учебного года. Благотворительную акцию организовали сотрудники Ангарской
2026-09-08 05:59,article,"Новый образовательный кластер про проекту ""Профессионалитет"" создан в Приангарье",https://dzen.ru/a/ap-lWcSWjwEsvR5Z,0,0,29,Новый образовательный кластер нефтехимической направленности запущен в Прибайкалье. Сделано это по федеральной программе «Профессионалитет». В частности Центр подготовки специалистов организован на ба
2026-09-08 05:52,article,Экобудущее начинается сегодня: юбилейная «ЭкоМолодёжь-2026» стартует в Иркутске,https://dzen.ru/a/ap-nhcSWjwEsvS9T,0,0,44,27 сентября станет молодёжным днём большого Байкальского международного экологического конгресса. В этот день в Иркутске откроется V Международный молодёжный экологический форум «ЭкоМолодёжь-2026». Со
2026-09-08 03:43,article,Нерпа онлайн и квартира с 50 ошибками: выставка «зелёных» технологий в Иркутске,https://dzen.ru/a/ap-GN8SWjwEsvCMr,0,0,59,"24 и 25 сентября Иркутск станет столицей экоинноваций: свыше 100 экспонентов представят экологические проекты в «СибЭкспоЦентре», на выставке в рамках Байкальского экологического конгресса. Мероприяти"
2026-09-07 16:48,video_long,2648 человек посетили фестиваль в День Байкала в Иркутске,https://dzen.ru/video/watch/6a9eeab65a5f3b45d5a66b4d,14,0,161,
2026-09-07 16:46,video_long,Международный фестиваль «Звёзды на Байкале» открылся в Иркутске в 21-й раз,https://dzen.ru/video/watch/6a9eea5bb931c1596cfc5727,8,0,128,
2026-09-07 16:45,video_long,Первый фестиваль русского хоккея «Единство нации» завершился в Иркутске,https://dzen.ru/video/watch/6a9eea008869b7562ce6cc85,10,0,184,
2026-09-07 16:44,video_long,Набережную у реки Куда благоустроили в Хомутове по нацпроекту,https://dzen.ru/video/watch/6a9ee9ad261888006e4deb2c,3,0,139,
2026-09-07 16:42,video_long,Подстанцию в Хомутово усилили перед отопительным сезоном,https://dzen.ru/video/watch/6a9ee946da78be5049b4186d,12,0,123,
2026-09-07 16:40,video_long,Больше 15 тысяч человек прошли крестным ходом по центру Иркутска,https://dzen.ru/video/watch/6a9ee8e268e34c3b5f5ee4fc,9,0,159,
2026-09-07 16:38,video_long,Иркутская станция переливания всё чаще сталкивается с «бракованной» кровью,https://dzen.ru/video/watch/6a9ee8605882d566eb8d0ab7,3,0,138,
2026-09-07 16:37,video_long,Жители деревни Бутырки требуют анализы перед усыплением заражённого скота,https://dzen.ru/video/watch/6a9ee7dba473f256e75ada8e,596,3,176,
2026-09-07 15:44,article,2648 человек посетили фестиваль в День Байкала в Иркутске,https://dzen.ru/a/ap7cw6KBtmtjGPzj,4,0,132,"Когда приходят браконьеры для того, чтобы проверить свою сеть — они подтверждают миф о том, что байкальская нерпа питается байкальским омулем Хотя в рационе нерпы омуль — далеко не на первом месте. По"
2026-09-07 15:35,article,Набережную у реки Куда благоустроили в Хомутове по нацпроекту,https://dzen.ru/a/ap7ajsSWjwEstskz,0,0,122,"Нуждается в инфраструктуре и общественных пространствах Иркутский округ. Ведь он активно застраивается. Так, в Хомутово открылась долгожданная набережная у реки Куда. О новой точке притяжения расскаже"
2026-09-07 15:27,article,Подстанцию в Хомутово усилили перед отопительным сезоном,https://dzen.ru/a/ap7ZI8SWjwEstrmY,0,0,113,"Повседневная жизнь и работа жителей Хомутово, как и других поселений, напрямую зависит от стабильного электроснабжения. Перед началом отопительного сезона на подстанции обновляют оборудование. Что изм"
2026-09-07 15:05,article,Международный фестиваль «Звёзды на Байкале» открылся в Иркутске в 21-й раз,https://dzen.ru/a/ap7TecSWjwEstoe1,5,0,105,"В Иркутске открылся XXI Международный фестиваль академической музыки «Звёзды на Байкале». Он проводится с 2004 года и собирает на сценах города ведущих музыкантов, оркестры и молодых звёзд. Основные в"
2026-09-07 14:55,article,Первый фестиваль русского хоккея «Единство нации» завершился в Иркутске,https://dzen.ru/a/ap7RW8SWjwEstnSn,0,0,161,Первый фестиваль русского хоккея «Единство нации» завершился в Иркутске. Команда «Байкальские Соколы» в обновлённом составе прошла боевое крещение перед Суперлигой. Как прошёл финальный матч и кто ста
2026-09-07 14:39,article,Иркутская станция переливания всё чаще сталкивается с «бракованной» кровью,https://dzen.ru/a/ap7N0qKBtmtjGHh5,7,0,134,"Не только после происшествий, но и при ряде заболеваний пациентам требуется переливание крови. Либо её компонентов. Однако в Иркутске станция всё чаще сталкивается со сдачей некачественных биоматериал"
2026-09-07 13:43,article,Больше 15 тысяч человек прошли крестным ходом по центру Иркутска,https://dzen.ru/a/ap7AVsSWjwEsteAL,0,0,138,"Больше пятнадцати тысяч человек прошли крестным ходом по центру Иркутска. В выходные в областном центре провели масштабную службу и шествие. Священники и прихожане пронесли две святыни, одна из которы"
2026-09-07 13:15,article,Жители деревни Бутырки требуют анализы перед усыплением заражённого скота,https://dzen.ru/a/ap658sSWjwEstaYH,139,0,163,В Прибайкалье вновь зарегистрирована вспышка узелкового дерматита. В феврале 2024 заболевание регистрировали в пяти районах. В этом году пока что только в Иркутском округе. Однако жители деревни Бутыр
2026-09-07 12:49,article,Более 400 жителей Иркутска получили новое жильё взамен аварийного,https://dzen.ru/a/ap658sSWjwEstaYI,0,0,49,"В Иркутске продолжается реализация программы комплексного развития территорий. С 2024 года заключено 10 договоров, общая площадь вовлечённых земель — около 62 гектаров. Главная задача — расселение и с"
2026-09-07 11:35,article,В Киренском районе 17-летняя девушка стала помощницей мошенников за 2% от сделок,https://dzen.ru/a/ap6ik6KBtmtjFu2B,2,0,43,17-летняя жительница Киренска согласилась получать на свою банковскую карту неизвестные переводы и пересылать их. За такие операции девушке пообещали 2% от сделок. Такой заработок она нашла в мессендж
2026-09-07 10:56,article,В Слюдянском районе двое пьяных парней угнали автомобиль,https://dzen.ru/a/ap6ZVsSWjwEstIJQ,2,0,52,"Слюдянский районный суд вынес приговор двум жителям посёлка Култук. В конце мая они ночью вместе выпивали в Слюдянке, а после вышли на улицу и заметили припаркованный у многоэтажного дома «ВАЗ 21070»."
2026-09-07 10:53,article,В Слюдянском районе двое пьяных парней угнали автомобиль,https://dzen.ru/a/ap6YmqKBtmtjFpuX,0,0,52,"Слюдянский районный суд вынес приговор двум жителям посёлка Култук. В конце мая они ночью вместе выпивали в Слюдянке, а после вышли на улицу и заметили припаркованный у многоэтажного дома «ВАЗ 21070»."
2026-09-07 09:39,article,Раненый медведь напал на охотника во время засады в Братске,https://dzen.ru/a/ap6HZ8SWjwEss-QX,28,0,40,В Братске за выходные ликвидировали трёх медведей. Один из них напал на охотника. Зверь несколько дней ходил к Храму Всех Святых и спускался до улицы Муханова. Мобильная группа устраивала ночные засад
2026-09-07 09:35,article,В Братске водитель сбил троих школьников на переходе и скрылся,https://dzen.ru/a/ap6GsKKBtmtjFfwT,3,0,37,"В Братске задержали водителя, который сбил троих несовершеннолетних и скрылся. Авария произошла в субботу около шести вечера на улице Енисейской в жилом районе Гидростроитель. Трое подростков 13–14 ле"
2026-09-07 04:03,article,Аэропорт Усть-Кута впервые принял современный среднемагистральный самолёт,https://dzen.ru/a/ap44TcSWjwEssQu4,15,0,28,Важный тест прошёл обновлённый аэропорт Усть-Кута. Он успешно принял современный магистральный самолёт Embraer 170. Для воздушной гавани это был первый опыт обслуживания лайнера с низко расположенными
2026-09-07 03:46,article,В Анграске почти 250 специалистов получили награды в честь Дня нефтяника,https://dzen.ru/a/ap40s8SWjwEssOfj,0,0,23,День работников нефтяной и газовой промышленности отметили в Ангарске. В городе в честь специалистов этой отрасли состоялся торжественный вечер. Главными гостями праздника стали сотрудники Ангарской н
2026-09-07 03:30,article,В Приангарье справочные терминалы пользуются популярностью у пассажиров поездов,https://dzen.ru/a/ap4wi8SWjwEssMZy,0,0,28,Видеоконстультации по поводу работы железнодорожного транспорта в Иркутске больше всего востребованы у китайских туристов. С начала года от этой категории приезжих поступило 490 таких обращений через 
2026-09-06 05:37,article,Гостиницу «Метрополь» в Иркутске обновляют почти 20 лет,https://dzen.ru/a/apz-HcSWjwEspvqa,15,0,119,Исторический объект приводят в порядок в Иркутске. Комплекс зданий и гостиниц «Метрополь» реставрируют уже почти 20 лет. Какую историю пережил дом и когда планируют завершить обновление — узнаете из с
2026-09-06 05:32,article,Жители Биликтуя боятся остаться без единственного автобуса до Ангарска,https://dzen.ru/a/apz9ZMSWjwEspvQj,2,0,126,"К руководству области обращаются жители села Биликтуй, чтобы решить животрепещущую проблему. Больше года они живут с неизвестностью: удастся ли уехать на работу, учёбу, в поликлинику, а затем — вернут"
2026-09-06 05:28,article,Ещё два туристических маршрута закрыли в Прибайкальском нацпарке из-за медведей,https://dzen.ru/a/apz7-cSWjwEspujE,8,0,59,Из-за большой активности медведей в Прибайкальском национальном парке закрыли ещё два туристических маршрута. Это «Большая Байкальская тропа» и «Бакланий камень — Бугульдейка». Всего сейчас закрыто дл
2026-09-06 05:15,article,В Иркутской области начали маркировать домашнюю птицу в крупных подворьях,https://dzen.ru/a/apz6j6KBtmtjCMXW,12,0,62,"Чтобы предотвратить эпидемию, весь домашний скот ставят на учёт. В этот раз очередь дошла и до пернатых представителей подворья. Какие нюансы следует учесть фермерам и стоит ли выгуливать «несушек» до"
2026-09-06 05:13,article,«Байкальские Соколы» прошли боевое крещение матчем со сборной России по бенди,https://dzen.ru/a/apz4bcSWjwEsps2I,1,0,103,"Дождались и на своей улице праздника хоккейные болельщики. В Иркутске стартовал необычный турнир по бенди. Вдвойне приятнее, что на лёд вышла и команда из Иркутска в обновлённом составе и с новым имен"
2026-09-06 04:17,video_long,Гостиницу «Метрополь» в Иркутске обновляют почти 20 лет,https://dzen.ru/video/watch/6a9ce9464f7d0165e253c4e6,17,0,119,
2026-09-06 04:16,video_long,Жители Биликтуя боятся остаться без единственного автобуса до Ангарска,https://dzen.ru/video/watch/6a9ce8da4b42402124ef6492,5,0,149,
2026-09-06 04:14,video_long,Ещё два туристических маршрута закрыли в Прибайкальском нацпарке из-за медведей,https://dzen.ru/video/watch/6a9ce8728abea318799c7c90,57,0,74,
2026-09-06 04:12,video_long,В Иркутской области начали маркировать домашнюю птицу в крупных подворьях,https://dzen.ru/video/watch/6a9ce8120920b655b662e610,75,0,63,
2026-09-06 04:11,video_long,«Байкальские Соколы» прошли боевое крещение матчем со сборной России по бенди,https://dzen.ru/video/watch/6a9ce7b1b931c1596c63ba5a,37,0,116,
2026-09-06 04:04,article,Как «Байкальские Соколы» сыграли первый матч против элиты русского хоккея?,https://dzen.ru/a/apznYcSWjwEspkfV,6,0,16,"Близится финал фестиваля русского хоккея ""Единство наций"", где иркутская команда дебютировала с новым названием ""Байкальские Соколы"" и с обновлённым составом. В преддверии решающих игр предлагаем осве"
2026-09-05 12:27,article,Найденного в лесу африканского ежа спасают в Иркутской зоогалерее,https://dzen.ru/a/apwLasSWjwEsnyWL,14,2,35,"В Иркутскую зоогалерею попал необычный пациент — африканский карликовый ёж, которого нашли в лесу под Иркутском. Он грязный, истощённый, с серьёзным расстройством кишечника, но живой. Судя по всему, ё"
2026-09-05 11:49,article,Пожар в психоневрологическом отделении унёс жизнь пациента в Железногорске-Илимском,https://dzen.ru/a/apwC46KBtmtjAMQ9,19,0,31,В Железногорске-Илимском 5 сентября загорелся изолятор психоневрологического отделения районной больницы. Погиб 54-летний пациент. Об этом сообщили в СУ СК России по Иркутской области. В ГУ МЧС России
2026-09-05 11:13,article,Из-за долгов теплоснабжающие организации в Иркутском округе не могут закупить уголь к зиме,https://dzen.ru/a/apv6Z6KBtmtjAIYB,16,0,57,Две теплоснабжающие организации Иркутского округа — «Южнобайкальское» и «Ушаковское» — оказались в сложной ситуации перед отопительным сезоном. У предприятий миллионные долги за топливо и электроэнерг
2026-09-05 10:54,article,Укушенную гадюкой корову спасли ветеринары в Тайшете,https://dzen.ru/a/apv2G8SWjwEsnnfi,5,1,35,"В Тайшете ветеринары спасли корову, которую на пастбище укусила гадюка. Хозяин вызвал специалистов, когда заметил, что животное стало вести себя необычно. К приезду ветеринаров вымя сильно отекло, нач"
2026-09-05 10:29,article,В Балаганском районе 81-летняя женщина оформила квартиру лишь после 30 лет жизни в ней,https://dzen.ru/a/apvvscSWjwEsnkX6,27,0,30,"В Балаганском районе прокуратура защитила жилищные права 81-летней местной жительницы. Женщина с 1989 года жила в квартире, часть которой ей передали по ордеру, а вторую предоставили позже для улучшен"
2026-09-05 09:25,article,«Байкальские Соколы» прошли боевое крещение матчем со сборной России по бенди,https://dzen.ru/a/apvhCqKBtmtj_73J,8,0,103,"Дождались и на своей улице праздника хоккейные болельщики. В Иркутске стартовал необычный турнир по бенди. Вдвойне приятнее, что на лёд вышла и команда из Иркутска в обновлённом составе и с новым имен"
2026-09-05 09:16,article,70-летняя женщина погибла на пожаре в садоводстве Усольского района,https://dzen.ru/a/apvfZqKBtmtj_7CW,4,0,23,"В Усольском районе вечером 4 сентября загорелся садовый дом в «Архиреевке-4». К приезду пожарных он был полностью охвачен огнём. Пламя успело перекинуться на соседний дом, но хозяйка успела эвакуирова"
2026-09-05 07:50,article,Мощи святителя Спиридона Тримифунтского прибыли в Иркутск,https://dzen.ru/a/apvLHaKBtmtj_wMR,27,0,52,В Иркутск из греческого города Корфу прибыла святыня православного мира — мощи святителя Спиридона Тримифунтского. Последний раз священную реликвию привозили в Россию семь лет назад. В этом году торже
2026-09-05 07:20,article,"""Резвый"" нелегал не смог умчаться от сотрудников транспортной прокуратуры",https://dzen.ru/a/apvDvcSWjwEsnNiR,2,0,34,"В акватории озера Байкал вблизи посёлка Листвянка пресечена незаконная перевозка пассажиров. Как сообщили в Байкало‑Ангарской транспортной прокуратуре, судно «Резвый» осуществляло перевозки без соотве"
2026-09-05 07:13,article,Два человека погибли на золотодобывающем предприятии в Бодайбинском районе,https://dzen.ru/a/apvCSqKBtmtj_rKL,9,0,33,Двое человек погибли в результате несчастного случая на золотодобывающем предприятии в Бодайбинском районе. По данному факту региональный следственный комитет возбудил уголовное дело. По предварительн
2026-09-05 06:56,article,Вспышку узелкового дерматита выявили в деревне Бутырки Иркутского округ,https://dzen.ru/a/apu-CKKBtmtj_orC,29,0,62,"Власти ввели режим повышенной готовности в Иркутском округе из-за вспышки узелкового дерматита у скота. Очаг заражения выявили в деревне Бутырке, которая находится в Оёкском округе. Это два личных под"
2026-09-04 11:51,article,Владельца склада древесины в Зиминском районе наказали за опилки и кору,https://dzen.ru/a/apqxvsSWjwEsk4Uk,6,0,24,В Зиминском районе владельцу склада хранения и переработки древесины объявили предостережение сотрудники Россельхознадзора. Территория погрузочной площадки и места хранения подкарантинной продукции не
2026-09-04 11:46,article,В Иркутске кондитеру выплатили 85 тысяч после незаконного увольнения,https://dzen.ru/a/apqw_6KBtmtj9S0J,6,0,21,"В Иркутске восстановили трудовые права 30-летней женщины-кондитера, которую незаконно уволили из кондитерского цеха. Работница обратилась в суд, и он встал на её сторону. С работодателя взыскали зарпл"
2026-09-04 11:33,article,Активность клещей в Иркутской области пошла на спад,https://dzen.ru/a/apqtc8SWjwEsk13V,2,0,30,"В Иркутской области снижается активность клещей. За прошедшую неделю с укусами обратились 153 человека. Всего с начала эпидсезона зарегистрировано 21 220 обращений — это на 29,6% больше, чем за аналог"
2026-09-04 08:30,article,"Омуль, хариус, щуку и налим на полмиллиона рублей выловили браконьеры в Ангаре",https://dzen.ru/a/apqCU8SWjwEskezb,12,0,38,Не все жители Иркутской области с должным уважением относятся к природным ресурсам своего края. Троих браконьеров задержали в акватории реки Ангары сотрудники транспортной полиции региона. Мужчины исп
2026-09-04 08:00,article,Замгубернатора Приангарья берёт под личный контроль уничтожение очагов конопли,https://dzen.ru/a/app6_sSWjwEska-D,3,0,45,Дикорастущая конопля заполонила поля Приангарья. На заседании антинаркотической комиссии губернатор региона Игорь Кобзев поручил вице-премьеру Владимиру Читоркину лично проконтролировать уничтожение о
2026-09-04 07:30,article,Отреставрированный собор в Верхоленске стал частью «Земли для туризма»,https://dzen.ru/a/app0m6KBtmtj8ygX,0,0,39,Недавно отреставрированный Воскресенский собор в селе Верхоленск включён в проект «Земля для туризма». Образец сибирского храмового зодчества начала XX века — теперь не просто памятник культуры федера
2026-09-04 07:03,article,"Иностранку осудили в Иркутске за контрабанду драгоценностей на 6,3 миллиона рублей",https://dzen.ru/a/appuQqKBtmtj8vU6,3,0,21,"Иркутский суд вынес приговор иностранке, которая пыталась провезти через аэропорт драгоценности на 6,3 миллиона рублей. Женщину признали виновной в контрабанде стратегически важных товаров. В январе 2"
2026-09-04 06:19,article,Иркутские дети осваивают олимпийский хоккей на траве на школьном поле,https://dzen.ru/a/appk-6KBtmtj8qiV,0,0,136,"Ещё один олимпийский вид спорта появился в Иркутской области. Уже два года в Иркутске развивается хоккей на траве. Правда, пока что им занимаются два десятка детей и многое держится на инициативе трен"
2026-09-04 06:13,article,Короткометражку о семейной драме с мистическими нотками снимают в пригороде Иркутска,https://dzen.ru/a/appkQcSWjwEskQHI,3,1,140,Материнство — важная часть в жизни женщины. Но появление ребёнка порой приходится ждать очень долго или прибегать ради этой цели к разным нетрадиционным методам. Одна из иркутянок так задумалась над э
2026-09-04 06:10,article,Выпускники региона всё чаще выбирают технические специальности,https://dzen.ru/a/appi1qKBtmtj8pjR,2,0,110,Выпускники иркутских школ всё чаще присматриваются к техническим специальностям. А это не только авиация. Во многом это происходит как раз благодаря грамотной профориентационной работе со школьной ска
2026-09-04 06:03,article,Будущих пилотов и инженеров в Иркутске растят со школьной скамьи,https://dzen.ru/a/apphZ6KBtmtj8o6y,23,0,155,"Без прогноза погоды не обойтись в авиаперевозках. Осадки, направление ветра — всё это нужно учесть пилотам. В том числе будущим. Как таких специалистов начинают готовить ещё со школьной скамьи, разбир"
2026-09-04 06:00,article,Первые заморозки и мокрый снег придут в Иркутскую область 3 и 4 сентября,https://dzen.ru/a/appf_cSWjwEskOAI,24,0,55,"В Иркутске устраняют последствия непогоды. На отдельных участках дороги буквально затопило. Это традиционно район Лисихи, улиц Розы Люксембург и Байкальской. Особенно контрастными ливни кажутся на фон"
2026-09-04 05:54,article,Чаще всего в лесах Прибайкалья теряются мужчины среднего возраста,https://dzen.ru/a/appfYaKBtmtj8n1j,11,0,131,"Лес опасен не только встречами с медведями — в нём ещё и легко потеряться. Сейчас как раз начинается сезон сбора дикоросов, а вместе с ним и сезон поиска пропавших людей. Как подготовиться к походу в "
2026-09-04 05:52,article,В Приангарье нашли следы незарегистрированных химикатов в растениях,https://dzen.ru/a/appd4cSWjwEskM9n,2,0,32,"Россельхознадзор с начала 2026 года провёл 294 проверки в сфере использования пестицидов и агрохимикатов в Иркутской области. И выявил ряд нарушений. Чаще всего аграрии использовали препараты, не разр"
2026-09-04 05:45,video_long,Иркутские дети осваивают олимпийский хоккей на траве на школьном поле,https://dzen.ru/video/watch/6a9a5ab8b931c1596c789b8b,4,0,135,
2026-09-04 05:43,video_long,Короткометражку о семейной драме с мистическими нотками снимают в пригороде Иркутска,https://dzen.ru/video/watch/6a9a5a5caf28500237cad6cf,5,0,166,
2026-09-04 05:42,video_long,Выпускники региона всё чаще выбирают технические специальности,https://dzen.ru/video/watch/6a9a59fdf0af7e427f6dc27e,4,0,127,
2026-09-04 05:40,video_long,Будущих пилотов и инженеров в Иркутске растят со школьной скамьи,https://dzen.ru/video/watch/6a9a59a13916b363b050a7b0,13,0,182,
2026-09-04 05:38,video_long,Первые заморозки и мокрый снег придут в Иркутскую область 3 и 4 сентября,https://dzen.ru/video/watch/6a9a594ba6d93033996bbaff,6,0,67,
2026-09-04 05:37,video_long,Чаще всего в лесах Прибайкалья теряются мужчины среднего возраста,https://dzen.ru/video/watch/6a9a58f4b9766f4fc75cdfaf,11,0,130,
2026-09-04 02:35,article,Уроки по правилам безопасности на железной дороге проведут для школьников Приангарья,https://dzen.ru/a/apovE6KBtmtj8RIe,0,0,24,Акция «Уступи дорогу поездам» стартовала в Иркутской области. В течение месяца на железной дороге будут проходить различные профилактические мероприятия. Главная цель – предупреждение ЧП с детьми. Для
2026-09-03 11:27,article,В Иркутске стартует фестиваль русского хоккея «Единство наций»,https://dzen.ru/a/aplayMSWjwEsiD6t,2,0,52,"В Иркутске сегодня, 3 сентября, стартует фестиваль русского хоккея «Единство наций». Он продлится до 6 сентября включительно. Матчи пройдут в крытом стадионе для классического хоккея с мячом — одном и"
2026-09-03 10:01,article,Хоккейный клуб «Байкальские Соколы» представил новую форму и капитана перед стартом Суперлиги,https://dzen.ru/a/aplHmqKBtmtj6Se2,27,0,102,В предвкушении находятся фанаты русского хоккея в Иркутске. Ведь совсем скоро иркутской команде предстоят первые встречи. На льду она предстанет в новом образе и с новым составом. Все подробности ребр
2026-09-03 09:58,article,Мощи святителя Спиридона Тримифунтского впервые привезут в Иркутск,https://dzen.ru/a/aplGL6KBtmtj6Rhj,10,0,72,"Ещё одно долгожданное событие для христиан намечено на 5 и 6 сентября. В областной центр впервые прибудет ковчег с мощами святителя Спиридона Тримифунтского. Иркутск стал одним из 13 городов России, в"
2026-09-03 09:56,article,Участок тротуара провалился под воду на острове Юность в Иркутске,https://dzen.ru/a/aplFecSWjwEsh3gM,1,0,55,"Не выдержал натиска Ангары и ушёл под воду. На острове Юность в Иркутске провалился участок тротуара. Яма появилась после обильного дождя. Участок сразу огородили. В администрации нам сообщили, что о "
2026-09-03 09:52,article,Историческую викторину провели у арт-окон на острове Конный в Иркутске,https://dzen.ru/a/aplFfKKBtmtj6REN,1,0,109,Пробудить интерес к истории родного края — задача нетрудная. Особенно если использовать нестандартные подходы к её изучению. С этим в Иркутске всё в порядке. Тон задаёт обилие старинных объектов. А те
2026-09-03 09:48,video_long,Хоккейный клуб «Байкальские Соколы» представил новую форму и капитана перед стартом Суперлиги,https://dzen.ru/video/watch/6a99424da0818f1f0a9660d7,10,0,134,
2026-09-03 09:47,video_long,Мощи святителя Спиридона Тримифунтского впервые привезут в Иркутск,https://dzen.ru/video/watch/6a9941e0a473f256e71ae3b7,28,0,88,
2026-09-03 09:45,video_long,Участок тротуара провалился под воду на острове Юность в Иркутске,https://dzen.ru/video/watch/6a994177261888006e08e894,7,0,61,
2026-09-03 09:43,video_long,Историческую викторину провели у арт-окон на острове Конный в Иркутске,https://dzen.ru/video/watch/6a99412d0920b655b6b60d22,2,0,112,
2026-09-03 09:07,article,Электрички - в списке особо популярных летом видов транспорта в Иркутской области,https://dzen.ru/a/apoqG8SWjwEsj02_,2,0,29,Август для многих жителей региона прошёл под знаком железнодорожных путешествий. Особенно востребованы у прибайкальцев в финальном месяце лета были электрички. Пригородные поезда для сибиряков часто с
2026-09-03 03:26,article,Землю под Ангарском очистили от зарослей после предписания Россельхознадзора,https://dzen.ru/a/apjp7MSWjwEshBOE,2,0,22,"В Ангарском округе собственник земельного участка устранил нарушения после вмешательства Россельхознадзора. Ранее в марте этого года проверка показала, что территория площадью 26,5 тысяч квадратных ме"
2026-09-03 01:40,article,Стали известны результаты обследования пчёл после их массовой гибели в Приангарье,https://dzen.ru/a/apjRLKKBtmtj5N3A,19,0,44,"В Иркутской области продолжают разбираться в причинах массовой гибели пчёл в посёлке Харик Куйтунского района. Служба ветеринарии отобрала пробы — трупы пчёл, мёд и пергу — и проверила их на основные "
2026-09-03 01:18,article,Сельхозземли в Иркутском районе заросли берёзами и иван-чаем,https://dzen.ru/a/apjMHaKBtmtj5LVA,8,0,22,В Иркутском районе с помощью беспилотника проверили земельные участки сельхозназначения площадью 3173 квадратных метра. Осмотр показал: вся территория заросла древесной и сорной растительностью — берё
2026-09-02 08:40,article,Второй серийный МС‑21‑310 передан на испытания,https://dzen.ru/a/apfh71E6NU7DdgEV,27,0,80,Иркутский авиационный завод передал из цеха окончательной сборки в лётно‑испытательное подразделение второй серийный пассажирский лайнер МС‑21‑310 с заводским номером МС.0015. Воздушное судно предназн
2026-09-02 08:21,article,Новый вид спорта придумали в Иркутске,https://dzen.ru/a/apfeMcpJF0LmIqIA,12,0,145,"Дарят яркие эмоции и участникам, и болельщикам любимые виды спорта. В современном мире их количество исчисляется сотнями. И постоянно появляются новые виды, которые со временем становятся официальными"
2026-09-02 08:18,article,Около 327 тысяч детей сели за парты в Иркутской области в новом учебном году,https://dzen.ru/a/apfdg1E6NU7DddTG,3,0,136,Всего в новом учебном году за парты сели около 327 тысяч детей из Иркутской области. Первого сентября в учебных заведениях состоялись традиционные торжественные линейки. В одной из них День знаний отм
2026-09-02 08:16,article,Что изменится для иркутян и остальных россиян с 1 сентября: главные нововведения,https://dzen.ru/a/apfcxspJF0LmIpI0,11,0,62,Не до развлечений в этом году было законотворцам. Поэтому целый ворох новых законов и правил ждёт россиян с 1 дня осени. О наиболее значимых нововведениях поговорим в следующем материале. Новый учебны
2026-09-02 08:14,article,"Бензин АИ-95 вернулся на заправки Бодайбо, но подорожал до 120 рублей за литр",https://dzen.ru/a/apfcxFE6NU7DdcuZ,4,0,79,"Тратить немало денег приходится автомобилистам Бодайбо в целом на то, чтобы перемещаться между отдалёнными поселениями. После месячного отсутствия на местные заправки в Бодайбо вернулся 95-й бензин. Н"
2026-09-02 08:12,article,Лекцию о поведении медведей прочитают в Иркутске в День Байкала,https://dzen.ru/a/apfcEcpJF0LmIoha,5,0,79,Сообщения о выходе медведей к людям этой осенью стали частыми. Это тревожит жителей Прибайкалья. Ведь хозяин тайги обычно избегает встречи с человеком. Кто же кого боится больше: человек медведя или н
2026-09-02 08:09,video_long,Новый вид спорта придумали в Иркутске,https://dzen.ru/video/watch/6a97d9a0b9766f4fc7787053,10,0,179,
2026-09-02 08:08,video_long,Около 327 тысяч детей сели за парты в Иркутской области в новом учебном году,https://dzen.ru/video/watch/6a97d946b6339503daaec1e2,6,1,151,
2026-09-02 08:06,video_long,Что изменится для иркутян и остальных россиян с 1 сентября: главные нововведения,https://dzen.ru/video/watch/6a97d8ec065af70a3363f31b,11,0,58,
2026-09-02 08:05,video_long,"Бензин АИ-95 вернулся на заправки Бодайбо, но подорожал до 120 рублей за литр",https://dzen.ru/video/watch/6a97d89c68e34c3b5faaee76,117,0,104,
2026-09-02 08:03,video_long,Лекцию о поведении медведей прочитают в Иркутске в День Байкала,https://dzen.ru/video/watch/6a97d814261888006e905a40,8,0,99,
2026-09-02 07:20,article,57 школьников из Ангарска получили свои первые паспорта в День знаний,https://dzen.ru/a/apfPXcpJF0LmIgLi,3,0,40,"В Ангарске округе 1 сентября 2026 года стало не только Днём знаний, но и важной вехой для 57 юных жителей. В Музее Победы в присутствии родителей им торжественно вручили первые паспорта. Об этом сообщ"
2026-09-02 07:00,article,Каждый четвёртый иркутянин хотел бы работать вместе со своей второй половинкой,https://dzen.ru/a/apfJmMpJF0LmIcdL,3,0,43,Только 23 % экономически активных жителей Иркутска хотели бы трудиться в одной компании со своей второй половиной. При этом 56 % респондентов считают оптимальным рабочим партнёром лучшего друга или по
2026-09-02 06:55,article,Ранцы со школьными принадлежностями подарили детям из отдалённых посёлков Приангарья,https://dzen.ru/a/apfJmspJF0LmIcd5,2,0,26,Почти 330 тысяч детей сели за парты в этом учебном году в Иркутской области. Подготовить ребят к школе удалось в том числе и за счёт целого ряда социальных акций. В регионе прошли сразу несколько меро
2026-09-02 06:34,article,В Усольском городском суде в должность вступил новый председатель,https://dzen.ru/a/apfEo8pJF0LmIZ-r,1,0,30,1 сентября 2026 года в Усольском городском суде прошла торжественная церемония вступления в должность председателя суда Надежды Валерьевны Крючковой. Она назначена Указом Президента РФ на шестилетний 
2026-09-02 06:17,article,Больше половины пожаров в Приангарье произошли из-за неисправной техники,https://dzen.ru/a/apfAYlE6NU7DdLAe,3,0,53,Главное управление МЧС России по Иркутской области представило статистику по пожарной обстановке в регионе за август. За месяц на территории Приангарья ликвидировано 273 пожара. Наиболее распространён
2026-09-02 05:27,article,В Братске полицейские установили участников конфликта между подростками,https://dzen.ru/a/ape1BMpJF0LmIRJW,6,0,44,"Участников конфикта между подростками установили в Братске. Как сообщает пресс-служба полиции Иркутской области, инцидент произошёл 31 августа на Бульваре Победы в Братске. В конфликте участвовали мол"
2026-09-02 05:20,article,66 школьников получат премию губернатора Иркутской области,https://dzen.ru/a/apey5FE6NU7DdDPc,2,0,78,В 2026 году победители и призёры Всероссийской олимпиады школьников из Приангарья получат премии Губернатора региона. Соответствующее распоряжение подписал глава Иркутской области Игорь Кобзев. Премии
2026-09-02 05:07,article,За август в Иркутской области выявили 6 нарушений при продаже алкогольной продукции,https://dzen.ru/a/apewLspJF0LmIORg,3,0,69,Служба потребительского рынка и лицензирования Иркутской области представила итоги контрольных (надзорных) мероприятий за август текущего года. В ходе проверок зафиксировано 6 фактов нарушений обязате
2026-09-02 05:00,article,Два человека погибли в ДТП на трассе «Вилюй» в Братске,https://dzen.ru/a/apeuoMpJF0LmINiy,23,0,40,"В Братске на 227‑м километре федеральной автодороги «Вилюй» произошло смертельное ДТП. Погибло двое человек. Как сообщает пресс-служба Госавтоинпекции региона, 37‑летний водитель автомобиля «Киа‑Форте"
2026-09-02 04:40,article,В Приангарье сняли карантин по пастереллезу скота,https://dzen.ru/a/apeo-MpJF0LmIKZs,3,0,62,Россельхознадзор присвоил Иркутской области благополучный статус по пастереллезу крупного рогатого скота. Об этом сообщил руководитель службы ветеринарии региона Андрей Лим. Приангарье утратило этот с
2026-09-02 03:35,article,В Иркутске могут открыть офис Почётного консула Республики Казахстана,https://dzen.ru/a/apeax8pJF0LmIDTx,4,0,130,В Иркутске состоялась рабочая встреча губернатора Иркутской области Игоря Кобзева и Генерального консула Республики Казахстан в городе Омске Керима Кожамбердиева. В центре внимания — расширение эконом
2026-09-02 03:27,article,Больше полугода семь сотрудников управляющей компании в Бодайбо жили без зарплаты,https://dzen.ru/a/apelaspJF0LmIIum,11,0,54,"Прокуратура города Бодайбо утвердила обвинительное заключение и направила в суд уголовное дело в отношении 49‑летнего местного жителя — руководителя управляющей компании, работающей на территории горо"
2026-09-02 02:05,article,В Тулуне инспекторы ДПС исполнили мечту школьника,https://dzen.ru/a/apeFI8pJF0LmH5R-,10,0,55,"Накануне Дня знаний в Тулуне произошёл тёплый и запоминающийся эпизод. Инспекторы ДПС осуществили мечту местного школьника. В микрорайоне Угольщиков экипаж ДПС заметил мальчика, который с интересом на"
2026-09-01 14:00,short,🎓 День знаний подходит к концу. Завтра ребята сядут за парты и начнут свой путь к мечте. А о чём в детстве мечтали наши коллеги? Узнаете из видео Делитесь и своими детскими мечтами в комментариях💭,https://dzen.ru/shorts/6a96d924c2ae526767e9e8be,39539,2,29,
2026-09-01 13:46,article,Футзальный клуб «ИрАэро» дважды уступил тульскому ТЗМС на старте нового чемпионата России,https://dzen.ru/a/apbYTVE6NU7DbShl,3,0,50,Футзальный клуб «ИрАэро» провёл первые матчи нового сезона чемпионата России на домашней арене. В Иркутске команда дважды встретилась с дебютантом Суперлиги — тульским ТЗМС — и оба раза уступила. Перв
2026-09-01 10:31,article,Школа из Иркутска поможет сельским педагогам с наставничеством - инициативу поддержал Владимир Путин,https://dzen.ru/a/apaq3vWX808cAroi,2,0,33,"Представитель Иркутской области выступил на встрече педагогов и студентов с Владимиром Путиным. Директор и учитель географии образовательного комплекса ""Точки будущего"" Максим Астраханцев предложил по"
2026-09-01 09:42,article,Госинспекция труда подтвердила информацию о взрыве на Ковыктинском месторождении,https://dzen.ru/a/apeeXVE6NU7Dc4Zl,6,0,18,"Государственная инспекция труда по Иркутской области подтвердила корреспонденту НТС, что в ведомство поступила информация о взрыве на Ковыктинском месторождении. Напомним, ранее СМИ сообщили о том, чт"
2026-09-01 09:33,short,"🎒 Сегодня 1 сентября — школьные линейки уже прошли по всей области Родители, ученики и студенты, как ваши впечатления? Как начался учебный год? 📹Атмосферное видео от Алексея Елагина.",https://dzen.ru/shorts/6a96987ca5b7782d4aa709c9,151,0,55,
2026-09-01 09:08,article,В Братске полицейские разыскивают участников и свидетелей драки школьников,https://dzen.ru/a/apaXAPWX808cAgkV,5,0,21,"В Братске полицейские ищут участников и свидетелей драки подростков. Информация о потасовке появилась в социальных сетях. ""Бойцовский клуб"" за кустами заметили жильцы соседних домов на Бульваре победы"
2026-09-01 07:14,article,Иркутские заказники закрыли для посещения до ноября под угрозой санкций,https://dzen.ru/a/apZ8FCWD6W9q5rnv,7,0,33,"В Иркутской области временно запретили посещение региональных заказников. Под ограничения попали 13 территорий, и действовать будут до 1 ноября. В Дирекции по особо охраняемым природным территориям об"
2026-09-01 05:57,article,Почти каждый день в Братске ликвидируют по 3-4 медведя,https://dzen.ru/a/apZqQyWD6W9q5iUq,18,0,31,"Медведи продолжают выходить к Братску. Только за последние сутки охотники ликвидировали ещё четырёх хищников. Их заметили в районе Галачинских коттеджей, КБЖБ, СЭС, Ангарской деревни и возле Падунског"
2026-09-01 05:56,article,Иркутянин во второй раз сел за руль нетрезвым - и теперь отправится за решётку,https://dzen.ru/a/apZqQ_WX808cAJYc,3,1,47,"В Иркутске суд вынес приговор 45-летнему иркутянину за управление автомобилем в состоянии алкогольного опьянения. В деле установлено, что 12 сентября 2025-го года мужчину остановили в районе улицы Лер"
2026-09-01 05:44,article,43 яхты станцевали вальс на иркутском водохранилище в финале фестиваля «Алые паруса»,https://dzen.ru/a/apZoHiWD6W9q5hGw,5,0,201,Даже этот ярко-оранжевый буй в темноте едва ли будет заметным. Поэтому на нём есть яркая лампочка. Между двумя такими огнями находится стартовая линия. Именно отсюда отправятся первые корабли фестивал
2026-09-01 05:41,article,Более 200 специалистов собрались на форуме по противодействию ВИЧ в Иркутске,https://dzen.ru/a/apZnaSWD6W9q5gpp,10,1,110,Десятки обойм с искусственно созданными антителами тестируют специалисты в поисках панацеи от множества смертельных вирусов. В том числе благодаря этому заболеваемость ВИЧ-инфекцией в Иркутской област
2026-09-01 05:39,article,«Трезвые сёла» появятся в Иркутской области с 1 сентября,https://dzen.ru/a/apZmuyWD6W9q5gIL,7,1,84,С 1 сентября в Иркутской области появятся «трезвые сёла». В шести населённых пунктах полностью запретят розничную продажу алкоголя. Большинство жителей в этих поселениях поддержали ограничения. Решени
2026-09-01 05:34,article,В Иркутске отработали укрытие жителей в подвале на случай чрезвычайной ситуации,https://dzen.ru/a/apZlR_WX808cAGYn,18,0,157,"Переждать опасность в подвале и только после разрешения вернуться домой. Такой сценарий отработали в Иркутске во время учений. В доме на улице Багратиона проверили, как жителей будут укрывать в случае"
2026-09-01 05:30,article,Медведя заметили возле посёлка под Иркутском,https://dzen.ru/a/apZlRiWD6W9q5fVp,202,1,99,"Ночь у жителей пригорода выдалась будоражащей. Хозяина тайги заметили всего в нескольких километрах от областного центра. Зверь бежал по дороге, а потом скрылся в зарослях. Вот он след медведя, вот он"
2026-09-01 05:25,video_long,43 яхты станцевали вальс на иркутском водохранилище в финале фестиваля «Алые паруса»,https://dzen.ru/video/watch/6a9661a18cc7991f42ea764b,87,0,245,
2026-09-01 05:24,video_long,Более 200 специалистов собрались на форуме по противодействию ВИЧ в Иркутске,https://dzen.ru/video/watch/6a96614a871ff266915c0e67,22,0,126,
2026-09-01 05:22,video_long,«Трезвые сёла» появятся в Иркутской области с 1 сентября,https://dzen.ru/video/watch/6a9660e76343b765fee60390,24,0,109,
2026-09-01 05:20,video_long,В Иркутске отработали укрытие жителей в подвале на случай чрезвычайной ситуации,https://dzen.ru/video/watch/6a966081506b0a2bee1e658e,21,0,167,
2026-09-01 05:19,video_long,Медведя заметили возле посёлка под Иркутском,https://dzen.ru/video/watch/6a96602691ecd07df03be521,330,0,138,
2026-09-01 05:00,article,Аэропорт Усть-Кута возобновил полёты после капитального ремонта,https://dzen.ru/a/apZcwfWX808cAB4a,2,0,20,Аэропорт Усть-Кута возобновил приём самолетов после первого этапа капитального ремонта. Воздушная гавань была закрыта с 1 июня. За последние три месяца подрядчики полностью заменили взлетно-посадочную
2026-09-01 04:45,article,Предприятие из Боханского района оштрафовали за игнорирование требований к работе с пестицидами,https://dzen.ru/a/apZZMfWX808cAAQZ,4,0,30,"Мировой суд привлёк к ответственности предприятие из Боханского района. Всё началось с плановой проверки, которую Россельхознадзор провёл весной 2026 года. Специалисты проверяли, как в организации соб"
2026-09-01 04:30,article,Из-за медведей школьные линейки в Слюдянском районе пройдут в помещениях,https://dzen.ru/a/apZcxvWX808cAB5h,5,0,25,В Слюдянском районе проведение школьных линеек на открытом воздухе оказались под запретом. Все из-за участившихся случаев выхода медведей к людям. Как сообщает мэр Слюдянского муниципального района Ал
2026-09-01 04:16,article,В Иркутском зоосаде скончалась верблюдица Земфира из-за болезни,https://dzen.ru/a/apZS0SWD6W9q5WJR,7,0,15,"""Несколько дней назад не стало нашей верблюдицы Земфиры"" - сообщается в официальной группе Иркутского зоосада во ВКонтакте. Земфира заболела. И все усиления специалистов не помогли, болезнь оказалась "
2026-09-01 04:06,article,Около 100 человек стали участниками сап-фестиваля в Иркутском районе,https://dzen.ru/a/apZP9CWD6W9q5UyJ,3,0,25,Сап-фестиваль прошёл на Ангаре. На берегу в Иркутском районе собрались любители этого вида активного отдыха. Всего около 100 человек. Это сотрудники Ангарской нефтехимической компании и их семьи. Глав
2026-09-01 03:52,article,27 тысяч первоклассников из Иркутской области сегодня впервые сядут за парты,https://dzen.ru/a/apZNHyWD6W9q5TXK,2,0,19,"На линейки в школах Иркутской области сегодня отправились 327 тысяч детей. Из них впервые сядут за парты - 27 тысяч первоклассников. Выпускников чуть меньше - 15,5 одиннадцатиклассников. Но на этом на"
2026-09-01 03:39,article,В Усолье-Сибирском нашли зачинщика избиения школьников у гимназии,https://dzen.ru/a/apZKSiWD6W9q5R0g,8,0,43,"Полицейские установили участников конфликта, который произошёл вечером 28 августа на улице Толбухина в Усолье-Сибирском. В дежурную часть обратилась местная жительница и сообщила, что неизвестный удар"
2026-09-01 03:24,article,Исправительную колонию в Саянске наказали из-за протокола Россельхознадзора,https://dzen.ru/a/apZGuvWX808c_3HE,7,0,25,"Подверглась административному наказанию исправительная колония №32 в Саянске. Суд в отношении учреждения состоялся из-за протокола Россельхознадзора, составленного в июне 25 июня 2026 года. Началось в"
2026-09-01 02:41,article,СМИ: В Казачинско-Ленском районе погиб человек при разрыве газопровода,https://dzen.ru/a/apY8BvWX808c_xqz,6,0,14,"В Казачинско-Ленском районе на Ковыктинском газоконденсатном месторождении 31 августа погиб человек. Как сообщают ""Известия"" со ссылкой на свои источники, на месторождении во время испытаний произошел"
2026-09-01 02:22,article,В Приангарье волонтёры собрали учебные наборы для нуждающихся школьников,https://dzen.ru/a/apY3wyWD6W9q5IWI,1,0,29,"Благотворительная акция «Собери ребёнка в школу» прошла в Иркутской области. Для нуждающихся семей и соцучреждений в регионе собирали необходимые учебные принадлежности – канцелярию, портфели, школьны"
2026-08-31 09:22,article,В Усолье-Сибирском подростки жестоко избили школьников возле гимназии,https://dzen.ru/a/apVIkfWX808c9v5h,8,0,29,В Усолье-Сибирском трое парней избили группу детей от 14 до 15 лет. Нападавшим на вид от 17 до 19 лет. На школьников напали вечером 28 августа возле входа в гимназию №1 со стороны улицы Толбухина. Оди
2026-08-31 06:51,article,Семь человек за семь дней погибли на дорогах Иркутской области,https://dzen.ru/a/apUlIq3UpQP2wS-g,29,0,36,"За неделю на дорогах Иркутской области погибли семь человек, в том числе 16-летний подросток. Об этом сообщает пресс-служба региональной Госавтоинспекции. Всего с 24 по 30 августа на территории регион"
2026-08-31 06:25,article,Команда из Приангарья участвует во Всероссийском слёте «Пост № 1» в Москве,https://dzen.ru/a/apUfb2ni3D3wdZlr,1,0,29,В Москве с 27 по 31 августа проходит Всероссийский слёт «Пост № 1». Иркутскую область на нём представляет отряд юнармейцев «Щит Отечества» из Черемховского округа. Мероприятие организовано в рамках Вс
2026-08-31 05:51,article,Пешеходов-нарушителей выявляют на железной дороге в Иркутской области,https://dzen.ru/a/apUXmq3UpQP2wObs,3,0,29,О правилах поведения на железной дороге напоминают пешеходам в Прибайкалье. Для этого организуют специальные рейды. В зоне особого внимания – места несанкционированных переходов магистрали. В августе 
2026-08-31 05:34,article,Цифровой клон губернатора Приангарья выманивал деньги у народа,https://dzen.ru/a/apUTU1_t_ztBBZvo,6,0,65,"Губернатор Иркутской области Игорь Кобзев обратился к жителям региона с предупреждением о новой мошеннической схеме. Злоумышленники создают видеозвонки с использованием технологии дипфейк, которая ими"
2026-08-31 05:31,article,Почти 900 лагерей и санаториев приняли этим летом детей в Иркутской области,https://dzen.ru/a/apUSmmni3D3wdXgQ,2,0,23,Летняя оздоровительная кампания завершилась в Иркутской области. Для отдыха детей в этом году задействовали около 900 учреждений по всему региону. В том числе ребят из разных городов и районов принима
2026-08-30 06:58,article,Лесопитомник в Мегете увеличит выпуск сеянцев до 5 миллионов в год после модернизации,https://dzen.ru/a/apPVYWni3D3wcmrG,2,0,32,В Мегете продолжается модернизация лесопитомника. Сейчас специалисты заканчивают монтаж четырёх теплиц и подключают необходимое оборудование. Для питомника закупили полный комплект техники: установки 
2026-08-30 05:52,article,В Хомутово 18-летняя пассажирка погибла после переворота машины,https://dzen.ru/a/apPFvF_t_ztB_AoM,22,0,20,"В Иркутском районе 30 августа около 10 часов утра произошло смертельное ДТП. 18-летняя пассажирка иномарки погибла на месте после переворота машины. По предварительным данным, 30-летний водитель автом"
2026-08-30 05:20,article,В Байкальске медведь направился к жилым домам,https://dzen.ru/a/apO97K3UpQP2uk2R,17,1,25,В Байкальске местные жители заметили медведя в районе старого пирса. Сообщение о появлении хищника поступило в 07:04 29 августа. Животное двигалось в сторону микрорайона Гагарина. Об этом сообщила адм
2026-08-29 09:38,article,47 муниципалитетов Прибайкалья передали сети на обслуживание системообразующей организации,https://dzen.ru/a/apKq9l_t_ztB87bl,1,0,133,"Религиозным, социальным и жилым объектам сложно обойтись без коммунальных благ. За одно из них — электричество — в регионе должна отвечать единая системообразующая территориальная сетевая организация."
2026-08-29 09:30,article,"Рыбалка, Байкал, дача и лисички: иркутяне рассказали, как провели лето",https://dzen.ru/a/apKpia3UpQP2tNZa,5,0,10,"После каникул нередко школьники пишут сочинение «Как я провёл лето?». Погрузиться в воспоминания и рассказать, чем три прошедших месяца запомнились им больше всего, Алексей Елагин предложил прохожим в"
2026-08-29 09:21,article,Полицейские Иркутска собрали ранцы и канцелярию для школьников в трудной жизненной ситуации,https://dzen.ru/a/apKnZl_t_ztB85nD,3,0,47,"Посещают музеи, ходят на спектакли и в библиотеки школьники, чтобы расширять свой кругозор. Но собрать ребёнка на учёбу — недешёвое удовольствие. И не всем родителям по карману. Многим семьям помогают"
2026-08-29 09:18,article,Строительный забор в центре Иркутска превратили в панораму Байкала за три дня,https://dzen.ru/a/apKl_F_t_ztB85BC,11,0,115,"Порой желание сделать город краше и один клич в соцсетях могут сотворить удивительные метаморфозы. Так произошло и в Иркутске. Кто запустил цепочку событий, которая привела к появлению Байкала в центр"
2026-08-29 09:11,video_long,47 муниципалитетов Прибайкалья передали сети на обслуживание системообразующей организации,https://dzen.ru/video/watch/6a92a1ad84ef574bc584b555,23,0,145,
2026-08-29 09:08,video_long,"Рыбалка, Байкал, дача и лисички: иркутяне рассказали, как провели лето",https://dzen.ru/video/watch/6a92a12952c8fc13393b97ea,61,0,132,
2026-08-29 09:05,video_long,Полицейские Иркутска собрали ранцы и канцелярию для школьников в трудной жизненной ситуации,https://dzen.ru/video/watch/6a92a0b552c8fc13393ad697,4,0,63,
2026-08-29 09:03,video_long,Строительный забор в центре Иркутска превратили в панораму Байкала за три дня,https://dzen.ru/video/watch/6a929db1cdf69f4fbab594d3,49,0,122,
2026-08-29 08:26,article,В Мегете строят физкультурно-оздоровительный комплекс и новый водовод,https://dzen.ru/a/apKYgGni3D3wbzaB,4,0,54,В поселке Мегет Ангарского городского округа региональные власти проверили ход строительства двух объектов - физкультурно-оздоровительный комплекс и магистральный водовод. ФОК возводят на месте бывшег
